java_path,bucket,status,rust_file
client/AttackIndicatorStatus.java,adapt,exempt,
client/Camera.java,adapt,exempt,
client/CameraType.java,adapt,exempt,
client/ClientBootstrap.java,adapt,exempt,
client/ClientBrandRetriever.java,adapt,exempt,
client/ClientClockManager.java,adapt,exempt,
client/ClientRecipeBook.java,adapt,exempt,
client/CloudStatus.java,adapt,exempt,
client/CommandHistory.java,adapt,exempt,
client/ComponentCollector.java,adapt,exempt,
client/DebugQueryHandler.java,adapt,exempt,
client/DeltaTracker.java,adapt,exempt,
client/FramerateLimiter.java,adapt,exempt,
client/GameNarrator.java,adapt,exempt,
client/GraphicsPreset.java,adapt,exempt,
client/HotbarManager.java,adapt,exempt,
client/InactivityFpsLimit.java,adapt,exempt,
client/InputType.java,adapt,exempt,
client/KeyMapping.java,adapt,exempt,
client/KeyboardHandler.java,adapt,exempt,
client/Minecraft.java,adapt,exempt,
client/MouseHandler.java,adapt,exempt,
client/MusicToastDisplayState.java,adapt,exempt,
client/NarratorStatus.java,adapt,exempt,
client/OptionInstance.java,adapt,exempt,
client/Options.java,adapt,exempt,
client/PeriodicNotificationManager.java,adapt,exempt,
client/PrioritizeChunkUpdates.java,adapt,exempt,
client/ResourceLoadStateTracker.java,adapt,exempt,
client/Screenshot.java,adapt,exempt,
client/ScrollWheelHandler.java,adapt,exempt,
client/StringSplitter.java,adapt,exempt,
client/TextureFilteringMethod.java,adapt,exempt,
client/ToggleKeyMapping.java,adapt,exempt,
client/User.java,adapt,exempt,
client/animation/AnimationChannel.java,adapt,exempt,
client/animation/AnimationDefinition.java,adapt,exempt,
client/animation/Keyframe.java,adapt,exempt,
client/animation/KeyframeAnimation.java,adapt,exempt,
client/animation/KeyframeAnimations.java,adapt,exempt,
client/animation/definitions/ArmadilloAnimation.java,adapt,exempt,
client/animation/definitions/BabyArmadilloAnimation.java,adapt,exempt,
client/animation/definitions/BabyAxolotlAnimation.java,adapt,exempt,
client/animation/definitions/BabyRabbitAnimation.java,adapt,exempt,
client/animation/definitions/BatAnimation.java,adapt,exempt,
client/animation/definitions/BreezeAnimation.java,adapt,exempt,
client/animation/definitions/CamelAnimation.java,adapt,exempt,
client/animation/definitions/CamelBabyAnimation.java,adapt,exempt,
client/animation/definitions/CopperGolemAnimation.java,adapt,exempt,
client/animation/definitions/CreakingAnimation.java,adapt,exempt,
client/animation/definitions/FoxBabyAnimation.java,adapt,exempt,
client/animation/definitions/FrogAnimation.java,adapt,exempt,
client/animation/definitions/NautilusAnimation.java,adapt,exempt,
client/animation/definitions/RabbitAnimation.java,adapt,exempt,
client/animation/definitions/SnifferAnimation.java,adapt,exempt,
client/animation/definitions/WardenAnimation.java,adapt,exempt,
client/animation/definitions/package-info.java,adapt,exempt,
client/animation/package-info.java,adapt,exempt,
client/color/ColorLerper.java,adapt,exempt,
client/color/block/BlockColors.java,adapt,exempt,
client/color/block/BlockTintCache.java,adapt,exempt,
client/color/block/BlockTintSource.java,adapt,exempt,
client/color/block/BlockTintSources.java,adapt,exempt,
client/color/block/package-info.java,adapt,exempt,
client/color/item/Constant.java,adapt,exempt,
client/color/item/CustomModelDataSource.java,adapt,exempt,
client/color/item/Dye.java,adapt,exempt,
client/color/item/Firework.java,adapt,exempt,
client/color/item/GrassColorSource.java,adapt,exempt,
client/color/item/ItemTintSource.java,adapt,exempt,
client/color/item/ItemTintSources.java,adapt,exempt,
client/color/item/MapColor.java,adapt,exempt,
client/color/item/Potion.java,adapt,exempt,
client/color/item/TeamColor.java,adapt,exempt,
client/color/item/package-info.java,adapt,exempt,
client/color/package-info.java,adapt,exempt,
client/data/AtlasProvider.java,adapt,exempt,
client/data/Main.java,adapt,exempt,
client/data/models/BlockModelGenerators.java,adapt,exempt,
client/data/models/EquipmentAssetProvider.java,adapt,exempt,
client/data/models/ItemModelGenerators.java,adapt,exempt,
client/data/models/ItemModelOutput.java,adapt,exempt,
client/data/models/ModelProvider.java,adapt,exempt,
client/data/models/MultiVariant.java,adapt,exempt,
client/data/models/WaypointStyleProvider.java,adapt,exempt,
client/data/models/blockstates/BlockModelDefinitionGenerator.java,adapt,exempt,
client/data/models/blockstates/ConditionBuilder.java,adapt,exempt,
client/data/models/blockstates/MultiPartGenerator.java,adapt,exempt,
client/data/models/blockstates/MultiVariantGenerator.java,adapt,exempt,
client/data/models/blockstates/PropertyDispatch.java,adapt,exempt,
client/data/models/blockstates/PropertyValueList.java,adapt,exempt,
client/data/models/blockstates/package-info.java,adapt,exempt,
client/data/models/model/DelegatedModel.java,adapt,exempt,
client/data/models/model/ItemModelUtils.java,adapt,exempt,
client/data/models/model/ModelInstance.java,adapt,exempt,
client/data/models/model/ModelLocationUtils.java,adapt,exempt,
client/data/models/model/ModelTemplate.java,adapt,exempt,
client/data/models/model/ModelTemplates.java,adapt,exempt,
client/data/models/model/TextureMapping.java,adapt,exempt,
client/data/models/model/TextureSlot.java,adapt,exempt,
client/data/models/model/TexturedModel.java,adapt,exempt,
client/data/models/model/package-info.java,adapt,exempt,
client/data/models/package-info.java,adapt,exempt,
client/data/package-info.java,adapt,exempt,
client/entity/ClientAvatarEntity.java,adapt,exempt,
client/entity/ClientAvatarState.java,adapt,exempt,
client/entity/ClientMannequin.java,adapt,exempt,
client/entity/package-info.java,adapt,exempt,
client/gui/ActiveTextCollector.java,adapt,exempt,
client/gui/BundleMouseActions.java,adapt,exempt,
client/gui/ComponentPath.java,adapt,exempt,
client/gui/Font.java,adapt,exempt,
client/gui/GlyphSource.java,adapt,exempt,
client/gui/Gui.java,adapt,exempt,
client/gui/GuiGraphicsExtractor.java,adapt,exempt,
client/gui/ItemSlotMouseAction.java,adapt,exempt,
client/gui/TextAlignment.java,adapt,exempt,
client/gui/components/AbstractButton.java,adapt,exempt,
client/gui/components/AbstractContainerWidget.java,adapt,exempt,
client/gui/components/AbstractOptionSliderButton.java,adapt,exempt,
client/gui/components/AbstractScrollArea.java,adapt,exempt,
client/gui/components/AbstractSelectionList.java,adapt,exempt,
client/gui/components/AbstractSliderButton.java,adapt,exempt,
client/gui/components/AbstractStringWidget.java,adapt,exempt,
client/gui/components/AbstractTextAreaWidget.java,adapt,exempt,
client/gui/components/AbstractWidget.java,adapt,exempt,
client/gui/components/BossHealthOverlay.java,adapt,exempt,
client/gui/components/Button.java,adapt,exempt,
client/gui/components/ChatComponent.java,adapt,exempt,
client/gui/components/Checkbox.java,adapt,exempt,
client/gui/components/CommandSuggestions.java,adapt,exempt,
client/gui/components/CommonButtons.java,adapt,exempt,
client/gui/components/ComponentRenderUtils.java,adapt,exempt,
client/gui/components/ContainerObjectSelectionList.java,adapt,exempt,
client/gui/components/CycleButton.java,adapt,exempt,
client/gui/components/DebugScreenOverlay.java,adapt,exempt,
client/gui/components/EditBox.java,adapt,exempt,
client/gui/components/FittingMultiLineTextWidget.java,adapt,exempt,
client/gui/components/FocusableTextWidget.java,adapt,exempt,
client/gui/components/IMEPreeditOverlay.java,adapt,exempt,
client/gui/components/ImageButton.java,adapt,exempt,
client/gui/components/ImageWidget.java,adapt,exempt,
client/gui/components/ItemDisplayWidget.java,adapt,exempt,
client/gui/components/LerpingBossEvent.java,adapt,exempt,
client/gui/components/LoadingDotsWidget.java,adapt,exempt,
client/gui/components/LockIconButton.java,adapt,exempt,
client/gui/components/LogoRenderer.java,adapt,exempt,
client/gui/components/MultiLineEditBox.java,adapt,exempt,
client/gui/components/MultiLineLabel.java,adapt,exempt,
client/gui/components/MultiLineTextWidget.java,adapt,exempt,
client/gui/components/MultilineTextField.java,adapt,exempt,
client/gui/components/ObjectSelectionList.java,adapt,exempt,
client/gui/components/OptionsList.java,adapt,exempt,
client/gui/components/PlainTextButton.java,adapt,exempt,
client/gui/components/PlayerFaceExtractor.java,adapt,exempt,
client/gui/components/PlayerSkinWidget.java,adapt,exempt,
client/gui/components/PlayerTabOverlay.java,adapt,exempt,
client/gui/components/PopupScreen.java,adapt,exempt,
client/gui/components/Renderable.java,adapt,exempt,
client/gui/components/ResettableOptionWidget.java,adapt,exempt,
client/gui/components/ScrollableLayout.java,adapt,exempt,
client/gui/components/SelectableEntry.java,adapt,exempt,
client/gui/components/SplashRenderer.java,adapt,exempt,
client/gui/components/SpriteIconButton.java,adapt,exempt,
client/gui/components/StringWidget.java,adapt,exempt,
client/gui/components/SubtitleOverlay.java,adapt,exempt,
client/gui/components/TabButton.java,adapt,exempt,
client/gui/components/TabOrderedElement.java,adapt,exempt,
client/gui/components/TextCursorUtils.java,adapt,exempt,
client/gui/components/Tooltip.java,adapt,exempt,
client/gui/components/Whence.java,adapt,exempt,
client/gui/components/WidgetSprites.java,adapt,exempt,
client/gui/components/WidgetTooltipHolder.java,adapt,exempt,
client/gui/components/debug/DebugEntryBiome.java,adapt,exempt,
client/gui/components/debug/DebugEntryCategory.java,adapt,exempt,
client/gui/components/debug/DebugEntryChunkGeneration.java,adapt,exempt,
client/gui/components/debug/DebugEntryChunkRenderStats.java,adapt,exempt,
client/gui/components/debug/DebugEntryChunkSourceStats.java,adapt,exempt,
client/gui/components/debug/DebugEntryDayCount.java,adapt,exempt,
client/gui/components/debug/DebugEntryDetailedMemory.java,adapt,exempt,
client/gui/components/debug/DebugEntryEntityRenderStats.java,adapt,exempt,
client/gui/components/debug/DebugEntryFps.java,adapt,exempt,
client/gui/components/debug/DebugEntryGpuUtilization.java,adapt,exempt,
client/gui/components/debug/DebugEntryHeightmap.java,adapt,exempt,
client/gui/components/debug/DebugEntryLight.java,adapt,exempt,
client/gui/components/debug/DebugEntryLocalDifficulty.java,adapt,exempt,
client/gui/components/debug/DebugEntryLookingAt.java,adapt,exempt,
client/gui/components/debug/DebugEntryLookingAtEntity.java,adapt,exempt,
client/gui/components/debug/DebugEntryLookingAtEntityTags.java,adapt,exempt,
client/gui/components/debug/DebugEntryMemory.java,adapt,exempt,
client/gui/components/debug/DebugEntryNoop.java,adapt,exempt,
client/gui/components/debug/DebugEntryParticleRenderStats.java,adapt,exempt,
client/gui/components/debug/DebugEntryPosition.java,adapt,exempt,
client/gui/components/debug/DebugEntryPostEffect.java,adapt,exempt,
client/gui/components/debug/DebugEntrySectionPosition.java,adapt,exempt,
client/gui/components/debug/DebugEntrySimplePerformanceImpactors.java,adapt,exempt,
client/gui/components/debug/DebugEntrySoundCache.java,adapt,exempt,
client/gui/components/debug/DebugEntrySoundMood.java,adapt,exempt,
client/gui/components/debug/DebugEntrySpawnCounts.java,adapt,exempt,
client/gui/components/debug/DebugEntrySystemSpecs.java,adapt,exempt,
client/gui/components/debug/DebugEntryTps.java,adapt,exempt,
client/gui/components/debug/DebugEntryVersion.java,adapt,exempt,
client/gui/components/debug/DebugScreenDisplayer.java,adapt,exempt,
client/gui/components/debug/DebugScreenEntries.java,adapt,exempt,
client/gui/components/debug/DebugScreenEntry.java,adapt,exempt,
client/gui/components/debug/DebugScreenEntryList.java,adapt,exempt,
client/gui/components/debug/DebugScreenEntryStatus.java,adapt,exempt,
client/gui/components/debug/DebugScreenProfile.java,adapt,exempt,
client/gui/components/debug/package-info.java,adapt,exempt,
client/gui/components/debugchart/AbstractDebugChart.java,adapt,exempt,
client/gui/components/debugchart/BandwidthDebugChart.java,adapt,exempt,
client/gui/components/debugchart/FpsDebugChart.java,adapt,exempt,
client/gui/components/debugchart/PingDebugChart.java,adapt,exempt,
client/gui/components/debugchart/ProfilerPieChart.java,adapt,exempt,
client/gui/components/debugchart/TpsDebugChart.java,adapt,exempt,
client/gui/components/debugchart/package-info.java,adapt,exempt,
client/gui/components/events/AbstractContainerEventHandler.java,adapt,exempt,
client/gui/components/events/ContainerEventHandler.java,adapt,exempt,
client/gui/components/events/GuiEventListener.java,adapt,exempt,
client/gui/components/events/package-info.java,adapt,exempt,
client/gui/components/package-info.java,adapt,exempt,
client/gui/components/spectator/SpectatorGui.java,adapt,exempt,
client/gui/components/spectator/package-info.java,adapt,exempt,
client/gui/components/tabs/GridLayoutTab.java,adapt,exempt,
client/gui/components/tabs/LoadingTab.java,adapt,exempt,
client/gui/components/tabs/Tab.java,adapt,exempt,
client/gui/components/tabs/TabManager.java,adapt,exempt,
client/gui/components/tabs/TabNavigationBar.java,adapt,exempt,
client/gui/components/tabs/package-info.java,adapt,exempt,
client/gui/components/toasts/AdvancementToast.java,adapt,exempt,
client/gui/components/toasts/NowPlayingToast.java,adapt,exempt,
client/gui/components/toasts/RecipeToast.java,adapt,exempt,
client/gui/components/toasts/SystemToast.java,adapt,exempt,
client/gui/components/toasts/Toast.java,adapt,exempt,
client/gui/components/toasts/ToastManager.java,adapt,exempt,
client/gui/components/toasts/TutorialToast.java,adapt,exempt,
client/gui/components/toasts/package-info.java,adapt,exempt,
client/gui/contextualbar/ContextualBarRenderer.java,adapt,exempt,
client/gui/contextualbar/ExperienceBarRenderer.java,adapt,exempt,
client/gui/contextualbar/JumpableVehicleBarRenderer.java,adapt,exempt,
client/gui/contextualbar/LocatorBarRenderer.java,adapt,exempt,
client/gui/contextualbar/package-info.java,adapt,exempt,
client/gui/font/ActiveArea.java,adapt,exempt,
client/gui/font/AllMissingGlyphProvider.java,adapt,exempt,
client/gui/font/AtlasGlyphProvider.java,adapt,exempt,
client/gui/font/CodepointMap.java,adapt,exempt,
client/gui/font/EmptyArea.java,adapt,exempt,
client/gui/font/FontManager.java,adapt,exempt,
client/gui/font/FontOption.java,adapt,exempt,
client/gui/font/FontSet.java,adapt,exempt,
client/gui/font/FontTexture.java,adapt,exempt,
client/gui/font/GlyphRenderTypes.java,adapt,exempt,
client/gui/font/GlyphStitcher.java,adapt,exempt,
client/gui/font/PlainTextRenderable.java,adapt,exempt,
client/gui/font/PlayerGlyphProvider.java,adapt,exempt,
client/gui/font/SingleSpriteSource.java,adapt,exempt,
client/gui/font/TextFieldHelper.java,adapt,exempt,
client/gui/font/TextRenderable.java,adapt,exempt,
client/gui/font/glyphs/BakedGlyph.java,adapt,exempt,
client/gui/font/glyphs/BakedSheetGlyph.java,adapt,exempt,
client/gui/font/glyphs/EffectGlyph.java,adapt,exempt,
client/gui/font/glyphs/EmptyGlyph.java,adapt,exempt,
client/gui/font/glyphs/SpecialGlyphs.java,adapt,exempt,
client/gui/font/glyphs/package-info.java,adapt,exempt,
client/gui/font/package-info.java,adapt,exempt,
client/gui/font/providers/BitmapProvider.java,adapt,exempt,
client/gui/font/providers/FreeTypeUtil.java,adapt,exempt,
client/gui/font/providers/GlyphProviderDefinition.java,adapt,exempt,
client/gui/font/providers/GlyphProviderType.java,adapt,exempt,
client/gui/font/providers/ProviderReferenceDefinition.java,adapt,exempt,
client/gui/font/providers/TrueTypeGlyphProviderDefinition.java,adapt,exempt,
client/gui/font/providers/UnihexProvider.java,adapt,exempt,
client/gui/font/providers/package-info.java,adapt,exempt,
client/gui/layouts/AbstractLayout.java,adapt,exempt,
client/gui/layouts/CommonLayouts.java,adapt,exempt,
client/gui/layouts/EqualSpacingLayout.java,adapt,exempt,
client/gui/layouts/FrameLayout.java,adapt,exempt,
client/gui/layouts/GridLayout.java,adapt,exempt,
client/gui/layouts/HeaderAndFooterLayout.java,adapt,exempt,
client/gui/layouts/Layout.java,adapt,exempt,
client/gui/layouts/LayoutElement.java,adapt,exempt,
client/gui/layouts/LayoutSettings.java,adapt,exempt,
client/gui/layouts/LinearLayout.java,adapt,exempt,
client/gui/layouts/SpacerElement.java,adapt,exempt,
client/gui/layouts/package-info.java,adapt,exempt,
client/gui/narration/NarratableEntry.java,adapt,exempt,
client/gui/narration/NarratedElementType.java,adapt,exempt,
client/gui/narration/NarrationElementOutput.java,adapt,exempt,
client/gui/narration/NarrationSupplier.java,adapt,exempt,
client/gui/narration/NarrationThunk.java,adapt,exempt,
client/gui/narration/ScreenNarrationCollector.java,adapt,exempt,
client/gui/narration/package-info.java,adapt,exempt,
client/gui/navigation/FocusNavigationEvent.java,adapt,exempt,
client/gui/navigation/ScreenAxis.java,adapt,exempt,
client/gui/navigation/ScreenDirection.java,adapt,exempt,
client/gui/navigation/ScreenPosition.java,adapt,exempt,
client/gui/navigation/ScreenRectangle.java,adapt,exempt,
client/gui/navigation/package-info.java,adapt,exempt,
client/gui/package-info.java,adapt,exempt,
client/gui/render/DynamicAtlasAllocator.java,adapt,exempt,
client/gui/render/GuiItemAtlas.java,adapt,exempt,
client/gui/render/GuiRenderer.java,adapt,exempt,
client/gui/render/TextureSetup.java,adapt,exempt,
client/gui/render/package-info.java,adapt,exempt,
client/gui/render/pip/GuiBannerResultRenderer.java,adapt,exempt,
client/gui/render/pip/GuiBookModelRenderer.java,adapt,exempt,
client/gui/render/pip/GuiEntityRenderer.java,adapt,exempt,
client/gui/render/pip/GuiProfilerChartRenderer.java,adapt,exempt,
client/gui/render/pip/GuiSignRenderer.java,adapt,exempt,
client/gui/render/pip/GuiSkinRenderer.java,adapt,exempt,
client/gui/render/pip/OversizedItemRenderer.java,adapt,exempt,
client/gui/render/pip/PictureInPictureRenderer.java,adapt,exempt,
client/gui/render/pip/package-info.java,adapt,exempt,
client/gui/screens/AccessibilityOnboardingScreen.java,adapt,exempt,
client/gui/screens/AlertScreen.java,adapt,exempt,
client/gui/screens/BackupConfirmScreen.java,adapt,exempt,
client/gui/screens/BanNoticeScreens.java,adapt,exempt,
client/gui/screens/ChatScreen.java,adapt,exempt,
client/gui/screens/ConfirmLinkScreen.java,adapt,exempt,
client/gui/screens/ConfirmScreen.java,adapt,exempt,
client/gui/screens/ConnectScreen.java,adapt,exempt,
client/gui/screens/CreateBuffetWorldScreen.java,adapt,exempt,
client/gui/screens/CreateFlatWorldScreen.java,adapt,exempt,
client/gui/screens/CreditsAndAttributionScreen.java,adapt,exempt,
client/gui/screens/DatapackLoadFailureScreen.java,adapt,exempt,
client/gui/screens/DeathScreen.java,adapt,exempt,
client/gui/screens/DirectJoinServerScreen.java,adapt,exempt,
client/gui/screens/DisconnectedScreen.java,adapt,exempt,
client/gui/screens/ErrorScreen.java,adapt,exempt,
client/gui/screens/FaviconTexture.java,adapt,exempt,
client/gui/screens/FileFixerAbortedScreen.java,adapt,exempt,
client/gui/screens/GenericMessageScreen.java,adapt,exempt,
client/gui/screens/GenericWaitingScreen.java,adapt,exempt,
client/gui/screens/InBedChatScreen.java,adapt,exempt,
client/gui/screens/LevelLoadingScreen.java,adapt,exempt,
client/gui/screens/LoadingDotsText.java,adapt,exempt,
client/gui/screens/LoadingOverlay.java,adapt,exempt,
client/gui/screens/ManageServerScreen.java,adapt,exempt,
client/gui/screens/MenuScreens.java,adapt,exempt,
client/gui/screens/NoticeWithLinkScreen.java,adapt,exempt,
client/gui/screens/OutOfMemoryScreen.java,adapt,exempt,
client/gui/screens/Overlay.java,adapt,exempt,
client/gui/screens/PauseScreen.java,adapt,exempt,
client/gui/screens/PresetFlatWorldScreen.java,adapt,exempt,
client/gui/screens/ProgressScreen.java,adapt,exempt,
client/gui/screens/RecoverWorldDataScreen.java,adapt,exempt,
client/gui/screens/Screen.java,adapt,exempt,
client/gui/screens/ShareToLanScreen.java,adapt,exempt,
client/gui/screens/TitleScreen.java,adapt,exempt,
client/gui/screens/WinScreen.java,adapt,exempt,
client/gui/screens/achievement/StatsScreen.java,adapt,exempt,
client/gui/screens/achievement/package-info.java,adapt,exempt,
client/gui/screens/advancements/AdvancementTab.java,adapt,exempt,
client/gui/screens/advancements/AdvancementTabType.java,adapt,exempt,
client/gui/screens/advancements/AdvancementWidget.java,adapt,exempt,
client/gui/screens/advancements/AdvancementWidgetType.java,adapt,exempt,
client/gui/screens/advancements/AdvancementsScreen.java,adapt,exempt,
client/gui/screens/advancements/package-info.java,adapt,exempt,
client/gui/screens/debug/DebugOptionsScreen.java,adapt,exempt,
client/gui/screens/debug/GameModeSwitcherScreen.java,adapt,exempt,
client/gui/screens/debug/package-info.java,adapt,exempt,
client/gui/screens/dialog/ButtonListDialogScreen.java,adapt,exempt,
client/gui/screens/dialog/DialogConnectionAccess.java,adapt,exempt,
client/gui/screens/dialog/DialogControlSet.java,adapt,exempt,
client/gui/screens/dialog/DialogListDialogScreen.java,adapt,exempt,
client/gui/screens/dialog/DialogScreen.java,adapt,exempt,
client/gui/screens/dialog/DialogScreens.java,adapt,exempt,
client/gui/screens/dialog/MultiButtonDialogScreen.java,adapt,exempt,
client/gui/screens/dialog/ServerLinksDialogScreen.java,adapt,exempt,
client/gui/screens/dialog/SimpleDialogScreen.java,adapt,exempt,
client/gui/screens/dialog/WaitingForResponseScreen.java,adapt,exempt,
client/gui/screens/dialog/body/DialogBodyHandler.java,adapt,exempt,
client/gui/screens/dialog/body/DialogBodyHandlers.java,adapt,exempt,
client/gui/screens/dialog/body/package-info.java,adapt,exempt,
client/gui/screens/dialog/input/InputControlHandler.java,adapt,exempt,
client/gui/screens/dialog/input/InputControlHandlers.java,adapt,exempt,
client/gui/screens/dialog/input/package-info.java,adapt,exempt,
client/gui/screens/dialog/package-info.java,adapt,exempt,
client/gui/screens/inventory/AbstractCommandBlockEditScreen.java,adapt,exempt,
client/gui/screens/inventory/AbstractContainerScreen.java,adapt,exempt,
client/gui/screens/inventory/AbstractFurnaceScreen.java,adapt,exempt,
client/gui/screens/inventory/AbstractMountInventoryScreen.java,adapt,exempt,
client/gui/screens/inventory/AbstractRecipeBookScreen.java,adapt,exempt,
client/gui/screens/inventory/AbstractSignEditScreen.java,adapt,exempt,
client/gui/screens/inventory/AnvilScreen.java,adapt,exempt,
client/gui/screens/inventory/BeaconScreen.java,adapt,exempt,
client/gui/screens/inventory/BlastFurnaceScreen.java,adapt,exempt,
client/gui/screens/inventory/BookEditScreen.java,adapt,exempt,
client/gui/screens/inventory/BookSignScreen.java,adapt,exempt,
client/gui/screens/inventory/BookViewScreen.java,adapt,exempt,
client/gui/screens/inventory/BrewingStandScreen.java,adapt,exempt,
client/gui/screens/inventory/CartographyTableScreen.java,adapt,exempt,
client/gui/screens/inventory/CommandBlockEditScreen.java,adapt,exempt,
client/gui/screens/inventory/ContainerScreen.java,adapt,exempt,
client/gui/screens/inventory/CrafterScreen.java,adapt,exempt,
client/gui/screens/inventory/CraftingScreen.java,adapt,exempt,
client/gui/screens/inventory/CreativeInventoryListener.java,adapt,exempt,
client/gui/screens/inventory/CreativeModeInventoryScreen.java,adapt,exempt,
client/gui/screens/inventory/CyclingSlotBackground.java,adapt,exempt,
client/gui/screens/inventory/DispenserScreen.java,adapt,exempt,
client/gui/screens/inventory/EffectsInInventory.java,adapt,exempt,
client/gui/screens/inventory/EnchantmentNames.java,adapt,exempt,
client/gui/screens/inventory/EnchantmentScreen.java,adapt,exempt,
client/gui/screens/inventory/FurnaceScreen.java,adapt,exempt,
client/gui/screens/inventory/GrindstoneScreen.java,adapt,exempt,
client/gui/screens/inventory/HangingSignEditScreen.java,adapt,exempt,
client/gui/screens/inventory/HopperScreen.java,adapt,exempt,
client/gui/screens/inventory/HorseInventoryScreen.java,adapt,exempt,
client/gui/screens/inventory/InventoryScreen.java,adapt,exempt,
client/gui/screens/inventory/ItemCombinerScreen.java,adapt,exempt,
client/gui/screens/inventory/JigsawBlockEditScreen.java,adapt,exempt,
client/gui/screens/inventory/LecternScreen.java,adapt,exempt,
client/gui/screens/inventory/LoomScreen.java,adapt,exempt,
client/gui/screens/inventory/MenuAccess.java,adapt,exempt,
client/gui/screens/inventory/MerchantScreen.java,adapt,exempt,
client/gui/screens/inventory/MinecartCommandBlockEditScreen.java,adapt,exempt,
client/gui/screens/inventory/NautilusInventoryScreen.java,adapt,exempt,
client/gui/screens/inventory/PageButton.java,adapt,exempt,
client/gui/screens/inventory/ShulkerBoxScreen.java,adapt,exempt,
client/gui/screens/inventory/SignEditScreen.java,adapt,exempt,
client/gui/screens/inventory/SmithingScreen.java,adapt,exempt,
client/gui/screens/inventory/SmokerScreen.java,adapt,exempt,
client/gui/screens/inventory/StonecutterScreen.java,adapt,exempt,
client/gui/screens/inventory/StructureBlockEditScreen.java,adapt,exempt,
client/gui/screens/inventory/TestBlockEditScreen.java,adapt,exempt,
client/gui/screens/inventory/TestInstanceBlockEditScreen.java,adapt,exempt,
client/gui/screens/inventory/package-info.java,adapt,exempt,
client/gui/screens/inventory/tooltip/BelowOrAboveWidgetTooltipPositioner.java,adapt,exempt,
client/gui/screens/inventory/tooltip/ClientActivePlayersTooltip.java,adapt,exempt,
client/gui/screens/inventory/tooltip/ClientBundleTooltip.java,adapt,exempt,
client/gui/screens/inventory/tooltip/ClientTextTooltip.java,adapt,exempt,
client/gui/screens/inventory/tooltip/ClientTooltipComponent.java,adapt,exempt,
client/gui/screens/inventory/tooltip/ClientTooltipPositioner.java,adapt,exempt,
client/gui/screens/inventory/tooltip/DefaultTooltipPositioner.java,adapt,exempt,
client/gui/screens/inventory/tooltip/MenuTooltipPositioner.java,adapt,exempt,
client/gui/screens/inventory/tooltip/TooltipRenderUtil.java,adapt,exempt,
client/gui/screens/inventory/tooltip/package-info.java,adapt,exempt,
client/gui/screens/multiplayer/CodeOfConductScreen.java,adapt,exempt,
client/gui/screens/multiplayer/JoinMultiplayerScreen.java,adapt,exempt,
client/gui/screens/multiplayer/RestrictionsScreen.java,adapt,exempt,
client/gui/screens/multiplayer/SafetyScreen.java,adapt,exempt,
client/gui/screens/multiplayer/ServerReconfigScreen.java,adapt,exempt,
client/gui/screens/multiplayer/ServerSelectionList.java,adapt,exempt,
client/gui/screens/multiplayer/WarningScreen.java,adapt,exempt,
client/gui/screens/multiplayer/package-info.java,adapt,exempt,
client/gui/screens/options/AccessibilityOptionsScreen.java,adapt,exempt,
client/gui/screens/options/ChatOptionsScreen.java,adapt,exempt,
client/gui/screens/options/DifficultyButtons.java,adapt,exempt,
client/gui/screens/options/FontOptionsScreen.java,adapt,exempt,
client/gui/screens/options/HasDifficultyReaction.java,adapt,exempt,
client/gui/screens/options/HasGamemasterPermissionReaction.java,adapt,exempt,
client/gui/screens/options/InWorldGameRulesScreen.java,adapt,exempt,
client/gui/screens/options/LanguageSelectScreen.java,adapt,exempt,
client/gui/screens/options/MouseSettingsScreen.java,adapt,exempt,
client/gui/screens/options/OnlineOptionsScreen.java,adapt,exempt,
client/gui/screens/options/OptionsScreen.java,adapt,exempt,
client/gui/screens/options/OptionsSubScreen.java,adapt,exempt,
client/gui/screens/options/SkinCustomizationScreen.java,adapt,exempt,
client/gui/screens/options/SoundOptionsScreen.java,adapt,exempt,
client/gui/screens/options/UnsupportedGraphicsWarningScreen.java,adapt,exempt,
client/gui/screens/options/VideoSettingsScreen.java,adapt,exempt,
client/gui/screens/options/WorldOptionsScreen.java,adapt,exempt,
client/gui/screens/options/controls/ControlsScreen.java,adapt,exempt,
client/gui/screens/options/controls/KeyBindsList.java,adapt,exempt,
client/gui/screens/options/controls/KeyBindsScreen.java,adapt,exempt,
client/gui/screens/options/controls/package-info.java,adapt,exempt,
client/gui/screens/options/package-info.java,adapt,exempt,
client/gui/screens/package-info.java,adapt,exempt,
client/gui/screens/packs/PackSelectionModel.java,adapt,exempt,
client/gui/screens/packs/PackSelectionScreen.java,adapt,exempt,
client/gui/screens/packs/TransferableSelectionList.java,adapt,exempt,
client/gui/screens/packs/package-info.java,adapt,exempt,
client/gui/screens/recipebook/CraftingRecipeBookComponent.java,adapt,exempt,
client/gui/screens/recipebook/FurnaceRecipeBookComponent.java,adapt,exempt,
client/gui/screens/recipebook/GhostSlots.java,adapt,exempt,
client/gui/screens/recipebook/OverlayRecipeComponent.java,adapt,exempt,
client/gui/screens/recipebook/RecipeBookComponent.java,adapt,exempt,
client/gui/screens/recipebook/RecipeBookPage.java,adapt,exempt,
client/gui/screens/recipebook/RecipeBookTabButton.java,adapt,exempt,
client/gui/screens/recipebook/RecipeButton.java,adapt,exempt,
client/gui/screens/recipebook/RecipeCollection.java,adapt,exempt,
client/gui/screens/recipebook/RecipeUpdateListener.java,adapt,exempt,
client/gui/screens/recipebook/SearchRecipeBookCategory.java,adapt,exempt,
client/gui/screens/recipebook/SlotSelectTime.java,adapt,exempt,
client/gui/screens/recipebook/package-info.java,adapt,exempt,
client/gui/screens/reporting/AbstractReportScreen.java,adapt,exempt,
client/gui/screens/reporting/ChatReportScreen.java,adapt,exempt,
client/gui/screens/reporting/ChatSelectionLogFiller.java,adapt,exempt,
client/gui/screens/reporting/ChatSelectionScreen.java,adapt,exempt,
client/gui/screens/reporting/NameReportScreen.java,adapt,exempt,
client/gui/screens/reporting/ReportPlayerScreen.java,adapt,exempt,
client/gui/screens/reporting/ReportReasonSelectionScreen.java,adapt,exempt,
client/gui/screens/reporting/SkinReportScreen.java,adapt,exempt,
client/gui/screens/reporting/package-info.java,adapt,exempt,
client/gui/screens/social/PlayerEntry.java,adapt,exempt,
client/gui/screens/social/PlayerSocialManager.java,adapt,exempt,
client/gui/screens/social/SocialInteractionsPlayerList.java,adapt,exempt,
client/gui/screens/social/SocialInteractionsScreen.java,adapt,exempt,
client/gui/screens/social/package-info.java,adapt,exempt,
client/gui/screens/telemetry/TelemetryEventWidget.java,adapt,exempt,
client/gui/screens/telemetry/TelemetryInfoScreen.java,adapt,exempt,
client/gui/screens/telemetry/package-info.java,adapt,exempt,
client/gui/screens/worldselection/AbstractGameRulesScreen.java,adapt,exempt,
client/gui/screens/worldselection/ConfirmExperimentalFeaturesScreen.java,adapt,exempt,
client/gui/screens/worldselection/CreateWorldCallback.java,adapt,exempt,
client/gui/screens/worldselection/CreateWorldScreen.java,adapt,exempt,
client/gui/screens/worldselection/DataPackReloadCookie.java,adapt,exempt,
client/gui/screens/worldselection/EditWorldScreen.java,adapt,exempt,
client/gui/screens/worldselection/ExperimentsScreen.java,adapt,exempt,
client/gui/screens/worldselection/FileFixerProgressScreen.java,adapt,exempt,
client/gui/screens/worldselection/InitialWorldCreationOptions.java,adapt,exempt,
client/gui/screens/worldselection/OptimizeWorldScreen.java,adapt,exempt,
client/gui/screens/worldselection/PresetEditor.java,adapt,exempt,
client/gui/screens/worldselection/SelectWorldScreen.java,adapt,exempt,
client/gui/screens/worldselection/SwitchGrid.java,adapt,exempt,
client/gui/screens/worldselection/WorldCreationContext.java,adapt,exempt,
client/gui/screens/worldselection/WorldCreationContextMapper.java,adapt,exempt,
client/gui/screens/worldselection/WorldCreationGameRulesScreen.java,adapt,exempt,
client/gui/screens/worldselection/WorldCreationUiState.java,adapt,exempt,
client/gui/screens/worldselection/WorldOpenFlows.java,adapt,exempt,
client/gui/screens/worldselection/WorldSelectionList.java,adapt,exempt,
client/gui/screens/worldselection/package-info.java,adapt,exempt,
client/gui/spectator/PlayerMenuItem.java,adapt,exempt,
client/gui/spectator/RootSpectatorMenuCategory.java,adapt,exempt,
client/gui/spectator/SpectatorMenu.java,adapt,exempt,
client/gui/spectator/SpectatorMenuCategory.java,adapt,exempt,
client/gui/spectator/SpectatorMenuItem.java,adapt,exempt,
client/gui/spectator/SpectatorMenuListener.java,adapt,exempt,
client/gui/spectator/categories/SpectatorPage.java,adapt,exempt,
client/gui/spectator/categories/TeleportToPlayerMenuCategory.java,adapt,exempt,
client/gui/spectator/categories/TeleportToTeamMenuCategory.java,adapt,exempt,
client/gui/spectator/categories/package-info.java,adapt,exempt,
client/gui/spectator/package-info.java,adapt,exempt,
client/input/CharacterEvent.java,adapt,exempt,
client/input/InputQuirks.java,adapt,exempt,
client/input/InputWithModifiers.java,adapt,exempt,
client/input/KeyEvent.java,adapt,exempt,
client/input/MouseButtonEvent.java,adapt,exempt,
client/input/MouseButtonInfo.java,adapt,exempt,
client/input/PreeditEvent.java,adapt,exempt,
client/input/package-info.java,adapt,exempt,
client/main/GameConfig.java,adapt,exempt,
client/main/Main.java,adapt,exempt,
client/main/SilentInitException.java,adapt,exempt,
client/main/package-info.java,adapt,exempt,
client/model/AdultAndBabyModelPair.java,adapt,exempt,
client/model/AnimationUtils.java,adapt,exempt,
client/model/ArmedModel.java,adapt,exempt,
client/model/BabyModelTransform.java,adapt,exempt,
client/model/EntityModel.java,adapt,exempt,
client/model/HeadedModel.java,adapt,exempt,
client/model/HumanoidModel.java,adapt,exempt,
client/model/Model.java,adapt,exempt,
client/model/QuadrupedModel.java,adapt,exempt,
client/model/VillagerLikeModel.java,adapt,exempt,
client/model/ambient/BatModel.java,adapt,exempt,
client/model/ambient/package-info.java,adapt,exempt,
client/model/animal/allay/AllayModel.java,adapt,exempt,
client/model/animal/allay/package-info.java,adapt,exempt,
client/model/animal/armadillo/AdultArmadilloModel.java,adapt,exempt,
client/model/animal/armadillo/ArmadilloModel.java,adapt,exempt,
client/model/animal/armadillo/BabyArmadilloModel.java,adapt,exempt,
client/model/animal/armadillo/package-info.java,adapt,exempt,
client/model/animal/axolotl/AdultAxolotlModel.java,adapt,exempt,
client/model/animal/axolotl/BabyAxolotlModel.java,adapt,exempt,
client/model/animal/axolotl/package-info.java,adapt,exempt,
client/model/animal/bee/AdultBeeModel.java,adapt,exempt,
client/model/animal/bee/BabyBeeModel.java,adapt,exempt,
client/model/animal/bee/BeeModel.java,adapt,exempt,
client/model/animal/bee/BeeStingerModel.java,adapt,exempt,
client/model/animal/bee/package-info.java,adapt,exempt,
client/model/animal/camel/AdultCamelModel.java,adapt,exempt,
client/model/animal/camel/BabyCamelModel.java,adapt,exempt,
client/model/animal/camel/CamelModel.java,adapt,exempt,
client/model/animal/camel/CamelSaddleModel.java,adapt,exempt,
client/model/animal/camel/package-info.java,adapt,exempt,
client/model/animal/chicken/AdultChickenModel.java,adapt,exempt,
client/model/animal/chicken/BabyChickenModel.java,adapt,exempt,
client/model/animal/chicken/ChickenModel.java,adapt,exempt,
client/model/animal/chicken/ColdChickenModel.java,adapt,exempt,
client/model/animal/chicken/package-info.java,adapt,exempt,
client/model/animal/cow/BabyCowModel.java,adapt,exempt,
client/model/animal/cow/ColdCowModel.java,adapt,exempt,
client/model/animal/cow/CowModel.java,adapt,exempt,
client/model/animal/cow/WarmCowModel.java,adapt,exempt,
client/model/animal/cow/package-info.java,adapt,exempt,
client/model/animal/dolphin/BabyDolphinModel.java,adapt,exempt,
client/model/animal/dolphin/DolphinModel.java,adapt,exempt,
client/model/animal/dolphin/package-info.java,adapt,exempt,
client/model/animal/equine/AbstractEquineModel.java,adapt,exempt,
client/model/animal/equine/BabyDonkeyModel.java,adapt,exempt,
client/model/animal/equine/BabyHorseModel.java,adapt,exempt,
client/model/animal/equine/DonkeyModel.java,adapt,exempt,
client/model/animal/equine/EquineSaddleModel.java,adapt,exempt,
client/model/animal/equine/HorseModel.java,adapt,exempt,
client/model/animal/equine/package-info.java,adapt,exempt,
client/model/animal/feline/AbstractFelineModel.java,adapt,exempt,
client/model/animal/feline/AdultCatModel.java,adapt,exempt,
client/model/animal/feline/AdultFelineModel.java,adapt,exempt,
client/model/animal/feline/AdultOcelotModel.java,adapt,exempt,
client/model/animal/feline/BabyCatModel.java,adapt,exempt,
client/model/animal/feline/BabyFelineModel.java,adapt,exempt,
client/model/animal/feline/BabyOcelotModel.java,adapt,exempt,
client/model/animal/feline/package-info.java,adapt,exempt,
client/model/animal/fish/CodModel.java,adapt,exempt,
client/model/animal/fish/PufferfishBigModel.java,adapt,exempt,
client/model/animal/fish/PufferfishMidModel.java,adapt,exempt,
client/model/animal/fish/PufferfishSmallModel.java,adapt,exempt,
client/model/animal/fish/SalmonModel.java,adapt,exempt,
client/model/animal/fish/TropicalFishLargeModel.java,adapt,exempt,
client/model/animal/fish/TropicalFishSmallModel.java,adapt,exempt,
client/model/animal/fish/package-info.java,adapt,exempt,
client/model/animal/fox/AdultFoxModel.java,adapt,exempt,
client/model/animal/fox/BabyFoxModel.java,adapt,exempt,
client/model/animal/fox/FoxModel.java,adapt,exempt,
client/model/animal/fox/package-info.java,adapt,exempt,
client/model/animal/frog/FrogModel.java,adapt,exempt,
client/model/animal/frog/TadpoleModel.java,adapt,exempt,
client/model/animal/frog/package-info.java,adapt,exempt,
client/model/animal/ghast/HappyGhastHarnessModel.java,adapt,exempt,
client/model/animal/ghast/HappyGhastModel.java,adapt,exempt,
client/model/animal/ghast/package-info.java,adapt,exempt,
client/model/animal/goat/BabyGoatModel.java,adapt,exempt,
client/model/animal/goat/GoatModel.java,adapt,exempt,
client/model/animal/goat/package-info.java,adapt,exempt,
client/model/animal/golem/CopperGolemModel.java,adapt,exempt,
client/model/animal/golem/IronGolemModel.java,adapt,exempt,
client/model/animal/golem/SnowGolemModel.java,adapt,exempt,
client/model/animal/golem/package-info.java,adapt,exempt,
client/model/animal/llama/BabyLlamaModel.java,adapt,exempt,
client/model/animal/llama/LlamaModel.java,adapt,exempt,
client/model/animal/llama/LlamaSpitModel.java,adapt,exempt,
client/model/animal/llama/package-info.java,adapt,exempt,
client/model/animal/nautilus/NautilusArmorModel.java,adapt,exempt,
client/model/animal/nautilus/NautilusModel.java,adapt,exempt,
client/model/animal/nautilus/NautilusSaddleModel.java,adapt,exempt,
client/model/animal/nautilus/package-info.java,adapt,exempt,
client/model/animal/package-info.java,adapt,exempt,
client/model/animal/panda/BabyPandaModel.java,adapt,exempt,
client/model/animal/panda/PandaModel.java,adapt,exempt,
client/model/animal/panda/package-info.java,adapt,exempt,
client/model/animal/parrot/ParrotModel.java,adapt,exempt,
client/model/animal/parrot/package-info.java,adapt,exempt,
client/model/animal/pig/BabyPigModel.java,adapt,exempt,
client/model/animal/pig/ColdPigModel.java,adapt,exempt,
client/model/animal/pig/PigModel.java,adapt,exempt,
client/model/animal/pig/package-info.java,adapt,exempt,
client/model/animal/polarbear/BabyPolarBearModel.java,adapt,exempt,
client/model/animal/polarbear/PolarBearModel.java,adapt,exempt,
client/model/animal/polarbear/package-info.java,adapt,exempt,
client/model/animal/rabbit/AdultRabbitModel.java,adapt,exempt,
client/model/animal/rabbit/BabyRabbitModel.java,adapt,exempt,
client/model/animal/rabbit/RabbitModel.java,adapt,exempt,
client/model/animal/rabbit/package-info.java,adapt,exempt,
client/model/animal/sheep/BabySheepModel.java,adapt,exempt,
client/model/animal/sheep/SheepFurModel.java,adapt,exempt,
client/model/animal/sheep/SheepModel.java,adapt,exempt,
client/model/animal/sheep/package-info.java,adapt,exempt,
client/model/animal/sniffer/SnifferModel.java,adapt,exempt,
client/model/animal/sniffer/SniffletModel.java,adapt,exempt,
client/model/animal/sniffer/package-info.java,adapt,exempt,
client/model/animal/squid/BabySquidModel.java,adapt,exempt,
client/model/animal/squid/SquidModel.java,adapt,exempt,
client/model/animal/squid/package-info.java,adapt,exempt,
client/model/animal/turtle/AdultTurtleModel.java,adapt,exempt,
client/model/animal/turtle/BabyTurtleModel.java,adapt,exempt,
client/model/animal/turtle/TurtleModel.java,adapt,exempt,
client/model/animal/turtle/package-info.java,adapt,exempt,
client/model/animal/wolf/AdultWolfModel.java,adapt,exempt,
client/model/animal/wolf/BabyWolfModel.java,adapt,exempt,
client/model/animal/wolf/WolfModel.java,adapt,exempt,
client/model/animal/wolf/package-info.java,adapt,exempt,
client/model/effects/EvokerFangsModel.java,adapt,exempt,
client/model/effects/SpearAnimations.java,adapt,exempt,
client/model/effects/SpinAttackEffectModel.java,adapt,exempt,
client/model/effects/package-info.java,adapt,exempt,
client/model/geom/EntityModelSet.java,adapt,exempt,
client/model/geom/LayerDefinitions.java,adapt,exempt,
client/model/geom/ModelLayerLocation.java,adapt,exempt,
client/model/geom/ModelLayers.java,adapt,exempt,
client/model/geom/ModelPart.java,adapt,exempt,
client/model/geom/PartNames.java,adapt,exempt,
client/model/geom/PartPose.java,adapt,exempt,
client/model/geom/builders/CubeDefinition.java,adapt,exempt,
client/model/geom/builders/CubeDeformation.java,adapt,exempt,
client/model/geom/builders/CubeListBuilder.java,adapt,exempt,
client/model/geom/builders/LayerDefinition.java,adapt,exempt,
client/model/geom/builders/MaterialDefinition.java,adapt,exempt,
client/model/geom/builders/MeshDefinition.java,adapt,exempt,
client/model/geom/builders/MeshTransformer.java,adapt,exempt,
client/model/geom/builders/PartDefinition.java,adapt,exempt,
client/model/geom/builders/UVPair.java,adapt,exempt,
client/model/geom/builders/package-info.java,adapt,exempt,
client/model/geom/package-info.java,adapt,exempt,
client/model/monster/blaze/BlazeModel.java,adapt,exempt,
client/model/monster/blaze/package-info.java,adapt,exempt,
client/model/monster/breeze/BreezeModel.java,adapt,exempt,
client/model/monster/breeze/package-info.java,adapt,exempt,
client/model/monster/creaking/CreakingModel.java,adapt,exempt,
client/model/monster/creaking/package-info.java,adapt,exempt,
client/model/monster/creeper/CreeperModel.java,adapt,exempt,
client/model/monster/creeper/package-info.java,adapt,exempt,
client/model/monster/dragon/EnderDragonModel.java,adapt,exempt,
client/model/monster/dragon/package-info.java,adapt,exempt,
client/model/monster/enderman/EndermanModel.java,adapt,exempt,
client/model/monster/enderman/package-info.java,adapt,exempt,
client/model/monster/endermite/EndermiteModel.java,adapt,exempt,
client/model/monster/endermite/package-info.java,adapt,exempt,
client/model/monster/ghast/GhastModel.java,adapt,exempt,
client/model/monster/ghast/package-info.java,adapt,exempt,
client/model/monster/guardian/GuardianModel.java,adapt,exempt,
client/model/monster/guardian/GuardianParticleModel.java,adapt,exempt,
client/model/monster/guardian/package-info.java,adapt,exempt,
client/model/monster/hoglin/BabyHoglinModel.java,adapt,exempt,
client/model/monster/hoglin/HoglinModel.java,adapt,exempt,
client/model/monster/hoglin/package-info.java,adapt,exempt,
client/model/monster/illager/IllagerModel.java,adapt,exempt,
client/model/monster/illager/package-info.java,adapt,exempt,
client/model/monster/nautilus/ZombieNautilusCoralModel.java,adapt,exempt,
client/model/monster/nautilus/package-info.java,adapt,exempt,
client/model/monster/phantom/PhantomModel.java,adapt,exempt,
client/model/monster/phantom/package-info.java,adapt,exempt,
client/model/monster/piglin/AbstractPiglinModel.java,adapt,exempt,
client/model/monster/piglin/AdultPiglinModel.java,adapt,exempt,
client/model/monster/piglin/AdultZombifiedPiglinModel.java,adapt,exempt,
client/model/monster/piglin/BabyPiglinModel.java,adapt,exempt,
client/model/monster/piglin/BabyZombifiedPiglinModel.java,adapt,exempt,
client/model/monster/piglin/PiglinModel.java,adapt,exempt,
client/model/monster/piglin/ZombifiedPiglinModel.java,adapt,exempt,
client/model/monster/piglin/package-info.java,adapt,exempt,
client/model/monster/ravager/RavagerModel.java,adapt,exempt,
client/model/monster/ravager/package-info.java,adapt,exempt,
client/model/monster/shulker/ShulkerModel.java,adapt,exempt,
client/model/monster/shulker/package-info.java,adapt,exempt,
client/model/monster/silverfish/SilverfishModel.java,adapt,exempt,
client/model/monster/silverfish/package-info.java,adapt,exempt,
client/model/monster/skeleton/BoggedModel.java,adapt,exempt,
client/model/monster/skeleton/SkeletonModel.java,adapt,exempt,
client/model/monster/skeleton/package-info.java,adapt,exempt,
client/model/monster/slime/MagmaCubeModel.java,adapt,exempt,
client/model/monster/slime/SlimeModel.java,adapt,exempt,
client/model/monster/slime/package-info.java,adapt,exempt,
client/model/monster/spider/SpiderModel.java,adapt,exempt,
client/model/monster/spider/package-info.java,adapt,exempt,
client/model/monster/strider/AdultStriderModel.java,adapt,exempt,
client/model/monster/strider/BabyStriderModel.java,adapt,exempt,
client/model/monster/strider/StriderModel.java,adapt,exempt,
client/model/monster/strider/package-info.java,adapt,exempt,
client/model/monster/vex/VexModel.java,adapt,exempt,
client/model/monster/vex/package-info.java,adapt,exempt,
client/model/monster/warden/WardenModel.java,adapt,exempt,
client/model/monster/warden/package-info.java,adapt,exempt,
client/model/monster/witch/WitchModel.java,adapt,exempt,
client/model/monster/witch/package-info.java,adapt,exempt,
client/model/monster/wither/WitherBossModel.java,adapt,exempt,
client/model/monster/wither/package-info.java,adapt,exempt,
client/model/monster/zombie/AbstractZombieModel.java,adapt,exempt,
client/model/monster/zombie/BabyDrownedModel.java,adapt,exempt,
client/model/monster/zombie/BabyZombieModel.java,adapt,exempt,
client/model/monster/zombie/BabyZombieVillagerModel.java,adapt,exempt,
client/model/monster/zombie/DrownedModel.java,adapt,exempt,
client/model/monster/zombie/GiantZombieModel.java,adapt,exempt,
client/model/monster/zombie/ZombieModel.java,adapt,exempt,
client/model/monster/zombie/ZombieVillagerModel.java,adapt,exempt,
client/model/monster/zombie/package-info.java,adapt,exempt,
client/model/npc/BabyVillagerModel.java,adapt,exempt,
client/model/npc/VillagerModel.java,adapt,exempt,
client/model/npc/package-info.java,adapt,exempt,
client/model/object/armorstand/ArmorStandArmorModel.java,adapt,exempt,
client/model/object/armorstand/ArmorStandModel.java,adapt,exempt,
client/model/object/armorstand/package-info.java,adapt,exempt,
client/model/object/banner/BannerFlagModel.java,adapt,exempt,
client/model/object/banner/BannerModel.java,adapt,exempt,
client/model/object/banner/package-info.java,adapt,exempt,
client/model/object/bell/BellModel.java,adapt,exempt,
client/model/object/bell/package-info.java,adapt,exempt,
client/model/object/boat/AbstractBoatModel.java,adapt,exempt,
client/model/object/boat/BoatModel.java,adapt,exempt,
client/model/object/boat/RaftModel.java,adapt,exempt,
client/model/object/boat/package-info.java,adapt,exempt,
client/model/object/book/BookModel.java,adapt,exempt,
client/model/object/book/package-info.java,adapt,exempt,
client/model/object/cart/MinecartModel.java,adapt,exempt,
client/model/object/cart/package-info.java,adapt,exempt,
client/model/object/chest/ChestModel.java,adapt,exempt,
client/model/object/chest/package-info.java,adapt,exempt,
client/model/object/crystal/EndCrystalModel.java,adapt,exempt,
client/model/object/crystal/package-info.java,adapt,exempt,
client/model/object/equipment/ElytraModel.java,adapt,exempt,
client/model/object/equipment/ShieldModel.java,adapt,exempt,
client/model/object/equipment/package-info.java,adapt,exempt,
client/model/object/leash/LeashKnotModel.java,adapt,exempt,
client/model/object/leash/package-info.java,adapt,exempt,
client/model/object/projectile/ArrowModel.java,adapt,exempt,
client/model/object/projectile/ShulkerBulletModel.java,adapt,exempt,
client/model/object/projectile/TridentModel.java,adapt,exempt,
client/model/object/projectile/WindChargeModel.java,adapt,exempt,
client/model/object/projectile/package-info.java,adapt,exempt,
client/model/object/skull/DragonHeadModel.java,adapt,exempt,
client/model/object/skull/PiglinHeadModel.java,adapt,exempt,
client/model/object/skull/SkullModel.java,adapt,exempt,
client/model/object/skull/SkullModelBase.java,adapt,exempt,
client/model/object/skull/package-info.java,adapt,exempt,
client/model/object/statue/CopperGolemStatueModel.java,adapt,exempt,
client/model/object/statue/package-info.java,adapt,exempt,
client/model/package-info.java,adapt,exempt,
client/model/player/PlayerCapeModel.java,adapt,exempt,
client/model/player/PlayerEarsModel.java,adapt,exempt,
client/model/player/PlayerModel.java,adapt,exempt,
client/model/player/package-info.java,adapt,exempt,
client/multiplayer/AccountProfileKeyPairManager.java,adapt,exempt,
client/multiplayer/CacheSlot.java,adapt,exempt,
client/multiplayer/ChunkBatchSizeCalculator.java,adapt,exempt,
client/multiplayer/ClientAdvancements.java,adapt,exempt,
client/multiplayer/ClientChunkCache.java,adapt,exempt,
client/multiplayer/ClientCommonPacketListenerImpl.java,adapt,exempt,
client/multiplayer/ClientConfigurationPacketListenerImpl.java,adapt,exempt,
client/multiplayer/ClientDebugSubscriber.java,adapt,exempt,
client/multiplayer/ClientExplosionTracker.java,adapt,exempt,
client/multiplayer/ClientHandshakePacketListenerImpl.java,adapt,exempt,
client/multiplayer/ClientLevel.java,adapt,exempt,
client/multiplayer/ClientPacketListener.java,adapt,exempt,
client/multiplayer/ClientRecipeContainer.java,adapt,exempt,
client/multiplayer/ClientRegistryLayer.java,adapt,exempt,
client/multiplayer/ClientSuggestionProvider.java,adapt,exempt,
client/multiplayer/CommonListenerCookie.java,adapt,exempt,
client/multiplayer/KnownPacksManager.java,adapt,exempt,
client/multiplayer/LegacyServerPinger.java,adapt,exempt,
client/multiplayer/LevelLoadTracker.java,adapt,exempt,
client/multiplayer/MultiPlayerGameMode.java,adapt,exempt,
client/multiplayer/PingDebugMonitor.java,adapt,exempt,
client/multiplayer/PlayerInfo.java,adapt,exempt,
client/multiplayer/ProfileKeyPairManager.java,adapt,exempt,
client/multiplayer/RegistryDataCollector.java,adapt,exempt,
client/multiplayer/ServerData.java,adapt,exempt,
client/multiplayer/ServerList.java,adapt,exempt,
client/multiplayer/ServerStatusPinger.java,adapt,exempt,
client/multiplayer/SessionSearchTrees.java,adapt,exempt,
client/multiplayer/TransferState.java,adapt,exempt,
client/multiplayer/chat/ChatAbilities.java,adapt,exempt,
client/multiplayer/chat/ChatListener.java,adapt,exempt,
client/multiplayer/chat/ChatLog.java,adapt,exempt,
client/multiplayer/chat/ChatRestriction.java,adapt,exempt,
client/multiplayer/chat/ChatTrustLevel.java,adapt,exempt,
client/multiplayer/chat/GuiMessage.java,adapt,exempt,
client/multiplayer/chat/GuiMessageSource.java,adapt,exempt,
client/multiplayer/chat/GuiMessageTag.java,adapt,exempt,
client/multiplayer/chat/LoggedChatEvent.java,adapt,exempt,
client/multiplayer/chat/LoggedChatMessage.java,adapt,exempt,
client/multiplayer/chat/package-info.java,adapt,exempt,
client/multiplayer/chat/report/AbuseReportSender.java,adapt,exempt,
client/multiplayer/chat/report/BanReason.java,adapt,exempt,
client/multiplayer/chat/report/ChatReport.java,adapt,exempt,
client/multiplayer/chat/report/ChatReportContextBuilder.java,adapt,exempt,
client/multiplayer/chat/report/NameReport.java,adapt,exempt,
client/multiplayer/chat/report/Report.java,adapt,exempt,
client/multiplayer/chat/report/ReportEnvironment.java,adapt,exempt,
client/multiplayer/chat/report/ReportReason.java,adapt,exempt,
client/multiplayer/chat/report/ReportType.java,adapt,exempt,
client/multiplayer/chat/report/ReportingContext.java,adapt,exempt,
client/multiplayer/chat/report/SkinReport.java,adapt,exempt,
client/multiplayer/chat/report/package-info.java,adapt,exempt,
client/multiplayer/package-info.java,adapt,exempt,
client/multiplayer/prediction/BlockStatePredictionHandler.java,adapt,exempt,
client/multiplayer/prediction/PredictiveAction.java,adapt,exempt,
client/multiplayer/prediction/package-info.java,adapt,exempt,
client/multiplayer/resolver/AddressCheck.java,adapt,exempt,
client/multiplayer/resolver/ResolvedServerAddress.java,adapt,exempt,
client/multiplayer/resolver/ServerAddress.java,adapt,exempt,
client/multiplayer/resolver/ServerAddressResolver.java,adapt,exempt,
client/multiplayer/resolver/ServerNameResolver.java,adapt,exempt,
client/multiplayer/resolver/ServerRedirectHandler.java,adapt,exempt,
client/multiplayer/resolver/package-info.java,adapt,exempt,
client/package-info.java,adapt,exempt,
client/particle/AshParticle.java,adapt,exempt,
client/particle/AttackSweepParticle.java,adapt,exempt,
client/particle/BaseAshSmokeParticle.java,adapt,exempt,
client/particle/BlockMarker.java,adapt,exempt,
client/particle/BreakingItemParticle.java,adapt,exempt,
client/particle/BubbleColumnUpParticle.java,adapt,exempt,
client/particle/BubbleParticle.java,adapt,exempt,
client/particle/BubblePopParticle.java,adapt,exempt,
client/particle/CampfireSmokeParticle.java,adapt,exempt,
client/particle/CritParticle.java,adapt,exempt,
client/particle/DragonBreathParticle.java,adapt,exempt,
client/particle/DripParticle.java,adapt,exempt,
client/particle/DustColorTransitionParticle.java,adapt,exempt,
client/particle/DustParticle.java,adapt,exempt,
client/particle/DustParticleBase.java,adapt,exempt,
client/particle/DustPlumeParticle.java,adapt,exempt,
client/particle/ElderGuardianParticle.java,adapt,exempt,
client/particle/ElderGuardianParticleGroup.java,adapt,exempt,
client/particle/EndRodParticle.java,adapt,exempt,
client/particle/ExplodeParticle.java,adapt,exempt,
client/particle/FallingDustParticle.java,adapt,exempt,
client/particle/FallingLeavesParticle.java,adapt,exempt,
client/particle/FireflyParticle.java,adapt,exempt,
client/particle/FireworkParticles.java,adapt,exempt,
client/particle/FlameParticle.java,adapt,exempt,
client/particle/FlyStraightTowardsParticle.java,adapt,exempt,
client/particle/FlyTowardsPositionParticle.java,adapt,exempt,
client/particle/GlowParticle.java,adapt,exempt,
client/particle/GustParticle.java,adapt,exempt,
client/particle/GustSeedParticle.java,adapt,exempt,
client/particle/HeartParticle.java,adapt,exempt,
client/particle/HugeExplosionParticle.java,adapt,exempt,
client/particle/HugeExplosionSeedParticle.java,adapt,exempt,
client/particle/ItemPickupParticle.java,adapt,exempt,
client/particle/ItemPickupParticleGroup.java,adapt,exempt,
client/particle/LargeSmokeParticle.java,adapt,exempt,
client/particle/LavaParticle.java,adapt,exempt,
client/particle/NoRenderParticle.java,adapt,exempt,
client/particle/NoRenderParticleGroup.java,adapt,exempt,
client/particle/NoteParticle.java,adapt,exempt,
client/particle/Particle.java,adapt,exempt,
client/particle/ParticleDescription.java,adapt,exempt,
client/particle/ParticleEngine.java,adapt,exempt,
client/particle/ParticleGroup.java,adapt,exempt,
client/particle/ParticleProvider.java,adapt,exempt,
client/particle/ParticleRenderType.java,adapt,exempt,
client/particle/ParticleResources.java,adapt,exempt,
client/particle/PlayerCloudParticle.java,adapt,exempt,
client/particle/PortalParticle.java,adapt,exempt,
client/particle/QuadParticleGroup.java,adapt,exempt,
client/particle/ReversePortalParticle.java,adapt,exempt,
client/particle/RisingParticle.java,adapt,exempt,
client/particle/SculkChargeParticle.java,adapt,exempt,
client/particle/SculkChargePopParticle.java,adapt,exempt,
client/particle/ShriekParticle.java,adapt,exempt,
client/particle/SimpleAnimatedParticle.java,adapt,exempt,
client/particle/SimpleVerticalParticle.java,adapt,exempt,
client/particle/SingleQuadParticle.java,adapt,exempt,
client/particle/SmokeParticle.java,adapt,exempt,
client/particle/SnowflakeParticle.java,adapt,exempt,
client/particle/SonicBoomParticle.java,adapt,exempt,
client/particle/SoulParticle.java,adapt,exempt,
client/particle/SpellParticle.java,adapt,exempt,
client/particle/SpitParticle.java,adapt,exempt,
client/particle/SplashParticle.java,adapt,exempt,
client/particle/SpriteSet.java,adapt,exempt,
client/particle/SquidInkParticle.java,adapt,exempt,
client/particle/SuspendedParticle.java,adapt,exempt,
client/particle/SuspendedTownParticle.java,adapt,exempt,
client/particle/TerrainParticle.java,adapt,exempt,
client/particle/TotemParticle.java,adapt,exempt,
client/particle/TrackingEmitter.java,adapt,exempt,
client/particle/TrailParticle.java,adapt,exempt,
client/particle/TrialSpawnerDetectionParticle.java,adapt,exempt,
client/particle/VibrationSignalParticle.java,adapt,exempt,
client/particle/WakeParticle.java,adapt,exempt,
client/particle/WaterCurrentDownParticle.java,adapt,exempt,
client/particle/WaterDropParticle.java,adapt,exempt,
client/particle/WhiteAshParticle.java,adapt,exempt,
client/particle/WhiteSmokeParticle.java,adapt,exempt,
client/particle/package-info.java,adapt,exempt,
client/player/AbstractClientPlayer.java,adapt,exempt,
client/player/ClientInput.java,adapt,exempt,
client/player/KeyboardInput.java,adapt,exempt,
client/player/LocalPlayer.java,adapt,exempt,
client/player/LocalPlayerResolver.java,adapt,exempt,
client/player/RemotePlayer.java,adapt,exempt,
client/player/inventory/Hotbar.java,adapt,exempt,
client/player/inventory/package-info.java,adapt,exempt,
client/player/package-info.java,adapt,exempt,
client/profiling/ClientMetricsSamplersProvider.java,adapt,exempt,
client/profiling/package-info.java,adapt,exempt,
client/quickplay/QuickPlay.java,adapt,exempt,
client/quickplay/QuickPlayLog.java,adapt,exempt,
client/quickplay/package-info.java,adapt,exempt,
client/renderer/BiomeColors.java,adapt,exempt,
client/renderer/CloudRenderer.java,adapt,exempt,
client/renderer/CubeMap.java,adapt,exempt,
client/renderer/DynamicUniformStorage.java,adapt,exempt,
client/renderer/DynamicUniforms.java,adapt,exempt,
client/renderer/EndFlashState.java,adapt,exempt,
client/renderer/FaceInfo.java,adapt,exempt,
client/renderer/GameRenderer.java,adapt,exempt,
client/renderer/GlobalSettingsUniform.java,adapt,exempt,
client/renderer/GpuWarnlistManager.java,adapt,exempt,
client/renderer/ItemInHandRenderer.java,adapt,exempt,
client/renderer/LevelEventHandler.java,adapt,exempt,
client/renderer/LevelRenderer.java,adapt,exempt,
client/renderer/LevelTargetBundle.java,adapt,exempt,
client/renderer/Lightmap.java,adapt,exempt,
client/renderer/LightmapRenderStateExtractor.java,adapt,exempt,
client/renderer/MapRenderer.java,adapt,exempt,
client/renderer/MappableRingBuffer.java,adapt,exempt,
client/renderer/MultiBufferSource.java,adapt,exempt,
client/renderer/MultiblockChestResources.java,adapt,exempt,
client/renderer/Octree.java,adapt,exempt,
client/renderer/OrderedSubmitNodeCollector.java,adapt,exempt,
client/renderer/OutlineBufferSource.java,adapt,exempt,
client/renderer/Panorama.java,adapt,exempt,
client/renderer/PlayerSkinRenderCache.java,adapt,exempt,
client/renderer/PostChain.java,adapt,exempt,
client/renderer/PostChainConfig.java,adapt,exempt,
client/renderer/PostPass.java,adapt,exempt,
client/renderer/Projection.java,adapt,exempt,
client/renderer/ProjectionMatrixBuffer.java,adapt,exempt,
client/renderer/Rect2i.java,adapt,exempt,
client/renderer/RenderBuffers.java,adapt,exempt,
client/renderer/RenderPipelines.java,adapt,exempt,
client/renderer/RunningTrimmedMean.java,adapt,exempt,
client/renderer/ScreenEffectRenderer.java,adapt,exempt,
client/renderer/SectionBufferBuilderPack.java,adapt,exempt,
client/renderer/SectionBufferBuilderPool.java,adapt,exempt,
client/renderer/SectionOcclusionGraph.java,adapt,exempt,
client/renderer/ShaderDefines.java,adapt,exempt,
client/renderer/ShaderManager.java,adapt,exempt,
client/renderer/ShapeRenderer.java,adapt,exempt,
client/renderer/Sheets.java,adapt,exempt,
client/renderer/SkyRenderer.java,adapt,exempt,
client/renderer/SpriteCoordinateExpander.java,adapt,exempt,
client/renderer/SpriteMapper.java,adapt,exempt,
client/renderer/SubmitNodeCollection.java,adapt,exempt,
client/renderer/SubmitNodeCollector.java,adapt,exempt,
client/renderer/SubmitNodeStorage.java,adapt,exempt,
client/renderer/UiLightmap.java,adapt,exempt,
client/renderer/UniformValue.java,adapt,exempt,
client/renderer/ViewArea.java,adapt,exempt,
client/renderer/WeatherEffectRenderer.java,adapt,exempt,
client/renderer/WorldBorderRenderer.java,adapt,exempt,
client/renderer/block/BlockAndTintGetter.java,adapt,exempt,
client/renderer/block/BlockModelLighter.java,adapt,exempt,
client/renderer/block/BlockModelRenderState.java,adapt,exempt,
client/renderer/block/BlockModelResolver.java,adapt,exempt,
client/renderer/block/BlockModelSet.java,adapt,exempt,
client/renderer/block/BlockQuadOutput.java,adapt,exempt,
client/renderer/block/BlockStateModelSet.java,adapt,exempt,
client/renderer/block/BuiltInBlockModels.java,adapt,exempt,
client/renderer/block/FluidModel.java,adapt,exempt,
client/renderer/block/FluidRenderer.java,adapt,exempt,
client/renderer/block/FluidStateModelSet.java,adapt,exempt,
client/renderer/block/LoadedBlockModels.java,adapt,exempt,
client/renderer/block/ModelBlockRenderer.java,adapt,exempt,
client/renderer/block/MovingBlockRenderState.java,adapt,exempt,
client/renderer/block/SelectBlockModel.java,adapt,exempt,
client/renderer/block/dispatch/BlockModelRotation.java,adapt,exempt,
client/renderer/block/dispatch/BlockStateModel.java,adapt,exempt,
client/renderer/block/dispatch/BlockStateModelDispatcher.java,adapt,exempt,
client/renderer/block/dispatch/BlockStateModelPart.java,adapt,exempt,
client/renderer/block/dispatch/ModelState.java,adapt,exempt,
client/renderer/block/dispatch/SingleVariant.java,adapt,exempt,
client/renderer/block/dispatch/Variant.java,adapt,exempt,
client/renderer/block/dispatch/VariantMutator.java,adapt,exempt,
client/renderer/block/dispatch/VariantSelector.java,adapt,exempt,
client/renderer/block/dispatch/WeightedVariants.java,adapt,exempt,
client/renderer/block/dispatch/multipart/CombinedCondition.java,adapt,exempt,
client/renderer/block/dispatch/multipart/Condition.java,adapt,exempt,
client/renderer/block/dispatch/multipart/KeyValueCondition.java,adapt,exempt,
client/renderer/block/dispatch/multipart/MultiPartModel.java,adapt,exempt,
client/renderer/block/dispatch/multipart/Selector.java,adapt,exempt,
client/renderer/block/dispatch/multipart/package-info.java,adapt,exempt,
client/renderer/block/dispatch/package-info.java,adapt,exempt,
client/renderer/block/model/BlockDisplayContext.java,adapt,exempt,
client/renderer/block/model/BlockModel.java,adapt,exempt,
client/renderer/block/model/BlockStateModelWrapper.java,adapt,exempt,
client/renderer/block/model/CompositeBlockModel.java,adapt,exempt,
client/renderer/block/model/ConditionalBlockModel.java,adapt,exempt,
client/renderer/block/model/EmptyBlockModel.java,adapt,exempt,
client/renderer/block/model/SpecialBlockModelWrapper.java,adapt,exempt,
client/renderer/block/model/package-info.java,adapt,exempt,
client/renderer/block/model/properties/conditional/ConditionalBlockModelProperty.java,adapt,exempt,
client/renderer/block/model/properties/conditional/IsXmas.java,adapt,exempt,
client/renderer/block/model/properties/conditional/package-info.java,adapt,exempt,
client/renderer/block/model/properties/package-info.java,adapt,exempt,
client/renderer/block/model/properties/select/DisplayContext.java,adapt,exempt,
client/renderer/block/model/properties/select/SelectBlockModelProperty.java,adapt,exempt,
client/renderer/block/model/properties/select/package-info.java,adapt,exempt,
client/renderer/block/package-info.java,adapt,exempt,
client/renderer/blockentity/AbstractEndPortalRenderer.java,adapt,exempt,
client/renderer/blockentity/AbstractSignRenderer.java,adapt,exempt,
client/renderer/blockentity/BannerRenderer.java,adapt,exempt,
client/renderer/blockentity/BeaconRenderer.java,adapt,exempt,
client/renderer/blockentity/BedRenderer.java,adapt,exempt,
client/renderer/blockentity/BellRenderer.java,adapt,exempt,
client/renderer/blockentity/BlockEntityRenderDispatcher.java,adapt,exempt,
client/renderer/blockentity/BlockEntityRenderer.java,adapt,exempt,
client/renderer/blockentity/BlockEntityRendererProvider.java,adapt,exempt,
client/renderer/blockentity/BlockEntityRenderers.java,adapt,exempt,
client/renderer/blockentity/BlockEntityWithBoundingBoxRenderer.java,adapt,exempt,
client/renderer/blockentity/BrightnessCombiner.java,adapt,exempt,
client/renderer/blockentity/BrushableBlockRenderer.java,adapt,exempt,
client/renderer/blockentity/CampfireRenderer.java,adapt,exempt,
client/renderer/blockentity/ChestRenderer.java,adapt,exempt,
client/renderer/blockentity/ConduitRenderer.java,adapt,exempt,
client/renderer/blockentity/CopperGolemStatueBlockRenderer.java,adapt,exempt,
client/renderer/blockentity/DecoratedPotRenderer.java,adapt,exempt,
client/renderer/blockentity/EnchantTableRenderer.java,adapt,exempt,
client/renderer/blockentity/HangingSignRenderer.java,adapt,exempt,
client/renderer/blockentity/LecternRenderer.java,adapt,exempt,
client/renderer/blockentity/PistonHeadRenderer.java,adapt,exempt,
client/renderer/blockentity/ShelfRenderer.java,adapt,exempt,
client/renderer/blockentity/ShulkerBoxRenderer.java,adapt,exempt,
client/renderer/blockentity/SkullBlockRenderer.java,adapt,exempt,
client/renderer/blockentity/SpawnerRenderer.java,adapt,exempt,
client/renderer/blockentity/StandingSignRenderer.java,adapt,exempt,
client/renderer/blockentity/TestInstanceRenderer.java,adapt,exempt,
client/renderer/blockentity/TheEndGatewayRenderer.java,adapt,exempt,
client/renderer/blockentity/TheEndPortalRenderer.java,adapt,exempt,
client/renderer/blockentity/TrialSpawnerRenderer.java,adapt,exempt,
client/renderer/blockentity/VaultRenderer.java,adapt,exempt,
client/renderer/blockentity/WallAndGroundTransformations.java,adapt,exempt,
client/renderer/blockentity/package-info.java,adapt,exempt,
client/renderer/blockentity/state/BannerRenderState.java,adapt,exempt,
client/renderer/blockentity/state/BeaconRenderState.java,adapt,exempt,
client/renderer/blockentity/state/BedRenderState.java,adapt,exempt,
client/renderer/blockentity/state/BellRenderState.java,adapt,exempt,
client/renderer/blockentity/state/BlockEntityRenderState.java,adapt,exempt,
client/renderer/blockentity/state/BlockEntityWithBoundingBoxRenderState.java,adapt,exempt,
client/renderer/blockentity/state/BrushableBlockRenderState.java,adapt,exempt,
client/renderer/blockentity/state/CampfireRenderState.java,adapt,exempt,
client/renderer/blockentity/state/ChestRenderState.java,adapt,exempt,
client/renderer/blockentity/state/ConduitRenderState.java,adapt,exempt,
client/renderer/blockentity/state/CopperGolemStatueRenderState.java,adapt,exempt,
client/renderer/blockentity/state/DecoratedPotRenderState.java,adapt,exempt,
client/renderer/blockentity/state/EnchantTableRenderState.java,adapt,exempt,
client/renderer/blockentity/state/EndGatewayRenderState.java,adapt,exempt,
client/renderer/blockentity/state/EndPortalRenderState.java,adapt,exempt,
client/renderer/blockentity/state/HangingSignRenderState.java,adapt,exempt,
client/renderer/blockentity/state/LecternRenderState.java,adapt,exempt,
client/renderer/blockentity/state/PistonHeadRenderState.java,adapt,exempt,
client/renderer/blockentity/state/ShelfRenderState.java,adapt,exempt,
client/renderer/blockentity/state/ShulkerBoxRenderState.java,adapt,exempt,
client/renderer/blockentity/state/SignRenderState.java,adapt,exempt,
client/renderer/blockentity/state/SkullBlockRenderState.java,adapt,exempt,
client/renderer/blockentity/state/SpawnerRenderState.java,adapt,exempt,
client/renderer/blockentity/state/StandingSignRenderState.java,adapt,exempt,
client/renderer/blockentity/state/TestInstanceRenderState.java,adapt,exempt,
client/renderer/blockentity/state/VaultRenderState.java,adapt,exempt,
client/renderer/blockentity/state/package-info.java,adapt,exempt,
client/renderer/chunk/ChunkSectionLayer.java,adapt,exempt,
client/renderer/chunk/ChunkSectionLayerGroup.java,adapt,exempt,
client/renderer/chunk/ChunkSectionsToRender.java,adapt,exempt,
client/renderer/chunk/CompileTaskDynamicQueue.java,adapt,exempt,
client/renderer/chunk/CompiledSectionMesh.java,adapt,exempt,
client/renderer/chunk/RenderRegionCache.java,adapt,exempt,
client/renderer/chunk/RenderSectionRegion.java,adapt,exempt,
client/renderer/chunk/SectionCompiler.java,adapt,ported,game/mcv_mesher/src/mesher.rs
client/renderer/chunk/SectionCopy.java,adapt,exempt,
client/renderer/chunk/SectionMesh.java,adapt,exempt,
client/renderer/chunk/SectionRenderDispatcher.java,adapt,exempt,
client/renderer/chunk/TranslucencyPointOfView.java,adapt,exempt,
client/renderer/chunk/VisGraph.java,adapt,exempt,
client/renderer/chunk/VisibilitySet.java,adapt,exempt,
client/renderer/chunk/package-info.java,adapt,exempt,
client/renderer/culling/Frustum.java,adapt,exempt,
client/renderer/culling/package-info.java,adapt,exempt,
client/renderer/debug/BeeDebugRenderer.java,adapt,exempt,
client/renderer/debug/BrainDebugRenderer.java,adapt,exempt,
client/renderer/debug/BreezeDebugRenderer.java,adapt,exempt,
client/renderer/debug/ChunkBorderRenderer.java,adapt,exempt,
client/renderer/debug/ChunkCullingDebugRenderer.java,adapt,exempt,
client/renderer/debug/ChunkDebugRenderer.java,adapt,exempt,
client/renderer/debug/CollisionBoxRenderer.java,adapt,exempt,
client/renderer/debug/DebugRenderer.java,adapt,exempt,
client/renderer/debug/EntityBlockIntersectionDebugRenderer.java,adapt,exempt,
client/renderer/debug/EntityHitboxDebugRenderer.java,adapt,exempt,
client/renderer/debug/GameEventListenerRenderer.java,adapt,exempt,
client/renderer/debug/GameTestBlockHighlightRenderer.java,adapt,exempt,
client/renderer/debug/GoalSelectorDebugRenderer.java,adapt,exempt,
client/renderer/debug/HeightMapRenderer.java,adapt,exempt,
client/renderer/debug/LightDebugRenderer.java,adapt,exempt,
client/renderer/debug/LightSectionDebugRenderer.java,adapt,exempt,
client/renderer/debug/NeighborsUpdateRenderer.java,adapt,exempt,
client/renderer/debug/OctreeDebugRenderer.java,adapt,exempt,
client/renderer/debug/PathfindingRenderer.java,adapt,exempt,
client/renderer/debug/PoiDebugRenderer.java,adapt,exempt,
client/renderer/debug/RaidDebugRenderer.java,adapt,exempt,
client/renderer/debug/RedstoneWireOrientationsRenderer.java,adapt,exempt,
client/renderer/debug/SolidFaceRenderer.java,adapt,exempt,
client/renderer/debug/StructureRenderer.java,adapt,exempt,
client/renderer/debug/SupportBlockRenderer.java,adapt,exempt,
client/renderer/debug/VillageSectionsDebugRenderer.java,adapt,exempt,
client/renderer/debug/WaterDebugRenderer.java,adapt,exempt,
client/renderer/debug/package-info.java,adapt,exempt,
client/renderer/entity/AbstractBoatRenderer.java,adapt,exempt,
client/renderer/entity/AbstractHoglinRenderer.java,adapt,exempt,
client/renderer/entity/AbstractHorseRenderer.java,adapt,exempt,
client/renderer/entity/AbstractMinecartRenderer.java,adapt,exempt,
client/renderer/entity/AbstractSkeletonRenderer.java,adapt,exempt,
client/renderer/entity/AbstractZombieRenderer.java,adapt,exempt,
client/renderer/entity/AgeableMobRenderer.java,adapt,exempt,
client/renderer/entity/AllayRenderer.java,adapt,exempt,
client/renderer/entity/ArmadilloRenderer.java,adapt,exempt,
client/renderer/entity/ArmorModelSet.java,adapt,exempt,
client/renderer/entity/ArmorStandRenderer.java,adapt,exempt,
client/renderer/entity/ArrowRenderer.java,adapt,exempt,
client/renderer/entity/AxolotlRenderer.java,adapt,exempt,
client/renderer/entity/BatRenderer.java,adapt,exempt,
client/renderer/entity/BeeRenderer.java,adapt,exempt,
client/renderer/entity/BlazeRenderer.java,adapt,exempt,
client/renderer/entity/BoatRenderer.java,adapt,exempt,
client/renderer/entity/BoggedRenderer.java,adapt,exempt,
client/renderer/entity/BreezeRenderer.java,adapt,exempt,
client/renderer/entity/CamelHuskRenderer.java,adapt,exempt,
client/renderer/entity/CamelRenderer.java,adapt,exempt,
client/renderer/entity/CatRenderer.java,adapt,exempt,
client/renderer/entity/CaveSpiderRenderer.java,adapt,exempt,
client/renderer/entity/ChickenRenderer.java,adapt,exempt,
client/renderer/entity/CodRenderer.java,adapt,exempt,
client/renderer/entity/CopperGolemRenderer.java,adapt,exempt,
client/renderer/entity/CowRenderer.java,adapt,exempt,
client/renderer/entity/CreakingRenderer.java,adapt,exempt,
client/renderer/entity/CreeperRenderer.java,adapt,exempt,
client/renderer/entity/DisplayRenderer.java,adapt,exempt,
client/renderer/entity/DolphinRenderer.java,adapt,exempt,
client/renderer/entity/DonkeyRenderer.java,adapt,exempt,
client/renderer/entity/DragonFireballRenderer.java,adapt,exempt,
client/renderer/entity/DrownedRenderer.java,adapt,exempt,
client/renderer/entity/ElderGuardianRenderer.java,adapt,exempt,
client/renderer/entity/EndCrystalRenderer.java,adapt,exempt,
client/renderer/entity/EnderDragonRenderer.java,adapt,exempt,
client/renderer/entity/EndermanRenderer.java,adapt,exempt,
client/renderer/entity/EndermiteRenderer.java,adapt,exempt,
client/renderer/entity/EntityRenderDispatcher.java,adapt,exempt,
client/renderer/entity/EntityRenderer.java,adapt,exempt,
client/renderer/entity/EntityRendererProvider.java,adapt,exempt,
client/renderer/entity/EntityRenderers.java,adapt,exempt,
client/renderer/entity/EvokerFangsRenderer.java,adapt,exempt,
client/renderer/entity/EvokerRenderer.java,adapt,exempt,
client/renderer/entity/ExperienceOrbRenderer.java,adapt,exempt,
client/renderer/entity/FallingBlockRenderer.java,adapt,exempt,
client/renderer/entity/FireworkEntityRenderer.java,adapt,exempt,
client/renderer/entity/FishingHookRenderer.java,adapt,exempt,
client/renderer/entity/FoxRenderer.java,adapt,exempt,
client/renderer/entity/FrogRenderer.java,adapt,exempt,
client/renderer/entity/GhastRenderer.java,adapt,exempt,
client/renderer/entity/GiantMobRenderer.java,adapt,exempt,
client/renderer/entity/GlowSquidRenderer.java,adapt,exempt,
client/renderer/entity/GoatRenderer.java,adapt,exempt,
client/renderer/entity/GuardianRenderer.java,adapt,exempt,
client/renderer/entity/HappyGhastRenderer.java,adapt,exempt,
client/renderer/entity/HoglinRenderer.java,adapt,exempt,
client/renderer/entity/HorseRenderer.java,adapt,exempt,
client/renderer/entity/HumanoidMobRenderer.java,adapt,exempt,
client/renderer/entity/HuskRenderer.java,adapt,exempt,
client/renderer/entity/IllagerRenderer.java,adapt,exempt,
client/renderer/entity/IllusionerRenderer.java,adapt,exempt,
client/renderer/entity/IronGolemRenderer.java,adapt,exempt,
client/renderer/entity/ItemEntityRenderer.java,adapt,exempt,
client/renderer/entity/ItemFrameRenderer.java,adapt,exempt,
client/renderer/entity/LeashKnotRenderer.java,adapt,exempt,
client/renderer/entity/LightningBoltRenderer.java,adapt,exempt,
client/renderer/entity/LivingEntityRenderer.java,adapt,exempt,
client/renderer/entity/LlamaRenderer.java,adapt,exempt,
client/renderer/entity/LlamaSpitRenderer.java,adapt,exempt,
client/renderer/entity/MagmaCubeRenderer.java,adapt,exempt,
client/renderer/entity/MinecartRenderer.java,adapt,exempt,
client/renderer/entity/MobRenderer.java,adapt,exempt,
client/renderer/entity/MushroomCowRenderer.java,adapt,exempt,
client/renderer/entity/NautilusRenderer.java,adapt,exempt,
client/renderer/entity/NoopRenderer.java,adapt,exempt,
client/renderer/entity/OcelotRenderer.java,adapt,exempt,
client/renderer/entity/OminousItemSpawnerRenderer.java,adapt,exempt,
client/renderer/entity/PaintingRenderer.java,adapt,exempt,
client/renderer/entity/PandaRenderer.java,adapt,exempt,
client/renderer/entity/ParchedRenderer.java,adapt,exempt,
client/renderer/entity/ParrotRenderer.java,adapt,exempt,
client/renderer/entity/PhantomRenderer.java,adapt,exempt,
client/renderer/entity/PigRenderer.java,adapt,exempt,
client/renderer/entity/PiglinRenderer.java,adapt,exempt,
client/renderer/entity/PillagerRenderer.java,adapt,exempt,
client/renderer/entity/PolarBearRenderer.java,adapt,exempt,
client/renderer/entity/PufferfishRenderer.java,adapt,exempt,
client/renderer/entity/RabbitRenderer.java,adapt,exempt,
client/renderer/entity/RaftRenderer.java,adapt,exempt,
client/renderer/entity/RavagerRenderer.java,adapt,exempt,
client/renderer/entity/RenderLayerParent.java,adapt,exempt,
client/renderer/entity/SalmonRenderer.java,adapt,exempt,
client/renderer/entity/SheepRenderer.java,adapt,exempt,
client/renderer/entity/ShulkerBulletRenderer.java,adapt,exempt,
client/renderer/entity/ShulkerRenderer.java,adapt,exempt,
client/renderer/entity/SilverfishRenderer.java,adapt,exempt,
client/renderer/entity/SkeletonRenderer.java,adapt,exempt,
client/renderer/entity/SlimeRenderer.java,adapt,exempt,
client/renderer/entity/SnifferRenderer.java,adapt,exempt,
client/renderer/entity/SnowGolemRenderer.java,adapt,exempt,
client/renderer/entity/SpectralArrowRenderer.java,adapt,exempt,
client/renderer/entity/SpiderRenderer.java,adapt,exempt,
client/renderer/entity/SquidRenderer.java,adapt,exempt,
client/renderer/entity/StrayRenderer.java,adapt,exempt,
client/renderer/entity/StriderRenderer.java,adapt,exempt,
client/renderer/entity/TadpoleRenderer.java,adapt,exempt,
client/renderer/entity/ThrownItemRenderer.java,adapt,exempt,
client/renderer/entity/ThrownTridentRenderer.java,adapt,exempt,
client/renderer/entity/TippableArrowRenderer.java,adapt,exempt,
client/renderer/entity/TntMinecartRenderer.java,adapt,exempt,
client/renderer/entity/TntRenderer.java,adapt,exempt,
client/renderer/entity/TropicalFishRenderer.java,adapt,exempt,
client/renderer/entity/TurtleRenderer.java,adapt,exempt,
client/renderer/entity/UndeadHorseRenderer.java,adapt,exempt,
client/renderer/entity/VexRenderer.java,adapt,exempt,
client/renderer/entity/VillagerRenderer.java,adapt,exempt,
client/renderer/entity/VindicatorRenderer.java,adapt,exempt,
client/renderer/entity/WanderingTraderRenderer.java,adapt,exempt,
client/renderer/entity/WardenRenderer.java,adapt,exempt,
client/renderer/entity/WindChargeRenderer.java,adapt,exempt,
client/renderer/entity/WitchRenderer.java,adapt,exempt,
client/renderer/entity/WitherBossRenderer.java,adapt,exempt,
client/renderer/entity/WitherSkeletonRenderer.java,adapt,exempt,
client/renderer/entity/WitherSkullRenderer.java,adapt,exempt,
client/renderer/entity/WolfRenderer.java,adapt,exempt,
client/renderer/entity/ZoglinRenderer.java,adapt,exempt,
client/renderer/entity/ZombieNautilusRenderer.java,adapt,exempt,
client/renderer/entity/ZombieRenderer.java,adapt,exempt,
client/renderer/entity/ZombieVillagerRenderer.java,adapt,exempt,
client/renderer/entity/ZombifiedPiglinRenderer.java,adapt,exempt,
client/renderer/entity/layers/ArrowLayer.java,adapt,exempt,
client/renderer/entity/layers/BeeStingerLayer.java,adapt,exempt,
client/renderer/entity/layers/BlockDecorationLayer.java,adapt,exempt,
client/renderer/entity/layers/BreezeEyesLayer.java,adapt,exempt,
client/renderer/entity/layers/BreezeWindLayer.java,adapt,exempt,
client/renderer/entity/layers/CapeLayer.java,adapt,exempt,
client/renderer/entity/layers/CarriedBlockLayer.java,adapt,exempt,
client/renderer/entity/layers/CatCollarLayer.java,adapt,exempt,
client/renderer/entity/layers/CreeperPowerLayer.java,adapt,exempt,
client/renderer/entity/layers/CrossedArmsItemLayer.java,adapt,exempt,
client/renderer/entity/layers/CustomHeadLayer.java,adapt,exempt,
client/renderer/entity/layers/Deadmau5EarsLayer.java,adapt,exempt,
client/renderer/entity/layers/DolphinCarryingItemLayer.java,adapt,exempt,
client/renderer/entity/layers/DrownedOuterLayer.java,adapt,exempt,
client/renderer/entity/layers/EnderEyesLayer.java,adapt,exempt,
client/renderer/entity/layers/EnergySwirlLayer.java,adapt,exempt,
client/renderer/entity/layers/EquipmentLayerRenderer.java,adapt,exempt,
client/renderer/entity/layers/EyesLayer.java,adapt,exempt,
client/renderer/entity/layers/FoxHeldItemLayer.java,adapt,exempt,
client/renderer/entity/layers/HorseMarkingLayer.java,adapt,exempt,
client/renderer/entity/layers/HumanoidArmorLayer.java,adapt,exempt,
client/renderer/entity/layers/IronGolemCrackinessLayer.java,adapt,exempt,
client/renderer/entity/layers/IronGolemFlowerLayer.java,adapt,exempt,
client/renderer/entity/layers/ItemInHandLayer.java,adapt,exempt,
client/renderer/entity/layers/LivingEntityEmissiveLayer.java,adapt,exempt,
client/renderer/entity/layers/LlamaDecorLayer.java,adapt,exempt,
client/renderer/entity/layers/MushroomCowMushroomLayer.java,adapt,exempt,
client/renderer/entity/layers/PandaHoldsItemLayer.java,adapt,exempt,
client/renderer/entity/layers/ParrotOnShoulderLayer.java,adapt,exempt,
client/renderer/entity/layers/PhantomEyesLayer.java,adapt,exempt,
client/renderer/entity/layers/PlayerItemInHandLayer.java,adapt,exempt,
client/renderer/entity/layers/RenderLayer.java,adapt,exempt,
client/renderer/entity/layers/RopesLayer.java,adapt,exempt,
client/renderer/entity/layers/SheepWoolLayer.java,adapt,exempt,
client/renderer/entity/layers/SheepWoolUndercoatLayer.java,adapt,exempt,
client/renderer/entity/layers/SimpleEquipmentLayer.java,adapt,exempt,
client/renderer/entity/layers/SkeletonClothingLayer.java,adapt,exempt,
client/renderer/entity/layers/SlimeOuterLayer.java,adapt,exempt,
client/renderer/entity/layers/SnowGolemHeadLayer.java,adapt,exempt,
client/renderer/entity/layers/SpiderEyesLayer.java,adapt,exempt,
client/renderer/entity/layers/SpinAttackEffectLayer.java,adapt,exempt,
client/renderer/entity/layers/StuckInBodyLayer.java,adapt,exempt,
client/renderer/entity/layers/TropicalFishPatternLayer.java,adapt,exempt,
client/renderer/entity/layers/VillagerProfessionLayer.java,adapt,exempt,
client/renderer/entity/layers/WingsLayer.java,adapt,exempt,
client/renderer/entity/layers/WitchItemLayer.java,adapt,exempt,
client/renderer/entity/layers/WitherArmorLayer.java,adapt,exempt,
client/renderer/entity/layers/WolfArmorLayer.java,adapt,exempt,
client/renderer/entity/layers/WolfCollarLayer.java,adapt,exempt,
client/renderer/entity/layers/package-info.java,adapt,exempt,
client/renderer/entity/package-info.java,adapt,exempt,
client/renderer/entity/player/AvatarRenderer.java,adapt,exempt,
client/renderer/entity/player/package-info.java,adapt,exempt,
client/renderer/entity/state/AllayRenderState.java,adapt,exempt,
client/renderer/entity/state/ArmadilloRenderState.java,adapt,exempt,
client/renderer/entity/state/ArmedEntityRenderState.java,adapt,exempt,
client/renderer/entity/state/ArmorStandRenderState.java,adapt,exempt,
client/renderer/entity/state/ArrowRenderState.java,adapt,exempt,
client/renderer/entity/state/AvatarRenderState.java,adapt,exempt,
client/renderer/entity/state/AxolotlRenderState.java,adapt,exempt,
client/renderer/entity/state/BatRenderState.java,adapt,exempt,
client/renderer/entity/state/BeeRenderState.java,adapt,exempt,
client/renderer/entity/state/BlockDisplayEntityRenderState.java,adapt,exempt,
client/renderer/entity/state/BoatRenderState.java,adapt,exempt,
client/renderer/entity/state/BoggedRenderState.java,adapt,exempt,
client/renderer/entity/state/BreezeRenderState.java,adapt,exempt,
client/renderer/entity/state/CamelRenderState.java,adapt,exempt,
client/renderer/entity/state/CatRenderState.java,adapt,exempt,
client/renderer/entity/state/ChickenRenderState.java,adapt,exempt,
client/renderer/entity/state/CopperGolemRenderState.java,adapt,exempt,
client/renderer/entity/state/CowRenderState.java,adapt,exempt,
client/renderer/entity/state/CreakingRenderState.java,adapt,exempt,
client/renderer/entity/state/CreeperRenderState.java,adapt,exempt,
client/renderer/entity/state/DisplayEntityRenderState.java,adapt,exempt,
client/renderer/entity/state/DolphinRenderState.java,adapt,exempt,
client/renderer/entity/state/DonkeyRenderState.java,adapt,exempt,
client/renderer/entity/state/EndCrystalRenderState.java,adapt,exempt,
client/renderer/entity/state/EnderDragonRenderState.java,adapt,exempt,
client/renderer/entity/state/EndermanRenderState.java,adapt,exempt,
client/renderer/entity/state/EntityRenderState.java,adapt,exempt,
client/renderer/entity/state/EquineRenderState.java,adapt,exempt,
client/renderer/entity/state/EvokerFangsRenderState.java,adapt,exempt,
client/renderer/entity/state/EvokerRenderState.java,adapt,exempt,
client/renderer/entity/state/ExperienceOrbRenderState.java,adapt,exempt,
client/renderer/entity/state/FallingBlockRenderState.java,adapt,exempt,
client/renderer/entity/state/FelineRenderState.java,adapt,exempt,
client/renderer/entity/state/FireworkRocketRenderState.java,adapt,exempt,
client/renderer/entity/state/FishingHookRenderState.java,adapt,exempt,
client/renderer/entity/state/FoxRenderState.java,adapt,exempt,
client/renderer/entity/state/FrogRenderState.java,adapt,exempt,
client/renderer/entity/state/GhastRenderState.java,adapt,exempt,
client/renderer/entity/state/GoatRenderState.java,adapt,exempt,
client/renderer/entity/state/GuardianRenderState.java,adapt,exempt,
client/renderer/entity/state/HappyGhastRenderState.java,adapt,exempt,
client/renderer/entity/state/HitboxRenderState.java,adapt,exempt,
client/renderer/entity/state/HoglinRenderState.java,adapt,exempt,
client/renderer/entity/state/HoldingEntityRenderState.java,adapt,exempt,
client/renderer/entity/state/HorseRenderState.java,adapt,exempt,
client/renderer/entity/state/HumanoidRenderState.java,adapt,exempt,
client/renderer/entity/state/IllagerRenderState.java,adapt,exempt,
client/renderer/entity/state/IllusionerRenderState.java,adapt,exempt,
client/renderer/entity/state/IronGolemRenderState.java,adapt,exempt,
client/renderer/entity/state/ItemClusterRenderState.java,adapt,exempt,
client/renderer/entity/state/ItemDisplayEntityRenderState.java,adapt,exempt,
client/renderer/entity/state/ItemEntityRenderState.java,adapt,exempt,
client/renderer/entity/state/ItemFrameRenderState.java,adapt,exempt,
client/renderer/entity/state/LightningBoltRenderState.java,adapt,exempt,
client/renderer/entity/state/LivingEntityRenderState.java,adapt,exempt,
client/renderer/entity/state/LlamaRenderState.java,adapt,exempt,
client/renderer/entity/state/LlamaSpitRenderState.java,adapt,exempt,
client/renderer/entity/state/MinecartRenderState.java,adapt,exempt,
client/renderer/entity/state/MinecartTntRenderState.java,adapt,exempt,
client/renderer/entity/state/MushroomCowRenderState.java,adapt,exempt,
client/renderer/entity/state/NautilusRenderState.java,adapt,exempt,
client/renderer/entity/state/PaintingRenderState.java,adapt,exempt,
client/renderer/entity/state/PandaRenderState.java,adapt,exempt,
client/renderer/entity/state/ParrotRenderState.java,adapt,exempt,
client/renderer/entity/state/PhantomRenderState.java,adapt,exempt,
client/renderer/entity/state/PigRenderState.java,adapt,exempt,
client/renderer/entity/state/PiglinRenderState.java,adapt,exempt,
client/renderer/entity/state/PolarBearRenderState.java,adapt,exempt,
client/renderer/entity/state/PufferfishRenderState.java,adapt,exempt,
client/renderer/entity/state/RabbitRenderState.java,adapt,exempt,
client/renderer/entity/state/RavagerRenderState.java,adapt,exempt,
client/renderer/entity/state/SalmonRenderState.java,adapt,exempt,
client/renderer/entity/state/SheepRenderState.java,adapt,exempt,
client/renderer/entity/state/ShulkerBulletRenderState.java,adapt,exempt,
client/renderer/entity/state/ShulkerRenderState.java,adapt,exempt,
client/renderer/entity/state/SkeletonRenderState.java,adapt,exempt,
client/renderer/entity/state/SlimeRenderState.java,adapt,exempt,
client/renderer/entity/state/SnifferRenderState.java,adapt,exempt,
client/renderer/entity/state/SnowGolemRenderState.java,adapt,exempt,
client/renderer/entity/state/SquidRenderState.java,adapt,exempt,
client/renderer/entity/state/StriderRenderState.java,adapt,exempt,
client/renderer/entity/state/TextDisplayEntityRenderState.java,adapt,exempt,
client/renderer/entity/state/ThrownItemRenderState.java,adapt,exempt,
client/renderer/entity/state/ThrownTridentRenderState.java,adapt,exempt,
client/renderer/entity/state/TippableArrowRenderState.java,adapt,exempt,
client/renderer/entity/state/TntRenderState.java,adapt,exempt,
client/renderer/entity/state/TropicalFishRenderState.java,adapt,exempt,
client/renderer/entity/state/TurtleRenderState.java,adapt,exempt,
client/renderer/entity/state/UndeadRenderState.java,adapt,exempt,
client/renderer/entity/state/VexRenderState.java,adapt,exempt,
client/renderer/entity/state/VillagerDataHolderRenderState.java,adapt,exempt,
client/renderer/entity/state/VillagerRenderState.java,adapt,exempt,
client/renderer/entity/state/WardenRenderState.java,adapt,exempt,
client/renderer/entity/state/WitchRenderState.java,adapt,exempt,
client/renderer/entity/state/WitherRenderState.java,adapt,exempt,
client/renderer/entity/state/WitherSkullRenderState.java,adapt,exempt,
client/renderer/entity/state/WolfRenderState.java,adapt,exempt,
client/renderer/entity/state/ZombieRenderState.java,adapt,exempt,
client/renderer/entity/state/ZombieVillagerRenderState.java,adapt,exempt,
client/renderer/entity/state/ZombifiedPiglinRenderState.java,adapt,exempt,
client/renderer/entity/state/package-info.java,adapt,exempt,
client/renderer/feature/BlockFeatureRenderer.java,adapt,exempt,
client/renderer/feature/CustomFeatureRenderer.java,adapt,exempt,
client/renderer/feature/FeatureRenderDispatcher.java,adapt,exempt,
client/renderer/feature/FlameFeatureRenderer.java,adapt,exempt,
client/renderer/feature/ItemFeatureRenderer.java,adapt,exempt,
client/renderer/feature/LeashFeatureRenderer.java,adapt,exempt,
client/renderer/feature/ModelFeatureRenderer.java,adapt,exempt,
client/renderer/feature/ModelPartFeatureRenderer.java,adapt,exempt,
client/renderer/feature/NameTagFeatureRenderer.java,adapt,exempt,
client/renderer/feature/ParticleFeatureRenderer.java,adapt,exempt,
client/renderer/feature/ShadowFeatureRenderer.java,adapt,exempt,
client/renderer/feature/TextFeatureRenderer.java,adapt,exempt,
client/renderer/feature/package-info.java,adapt,exempt,
client/renderer/fog/FogData.java,adapt,exempt,
client/renderer/fog/FogRenderer.java,adapt,exempt,
client/renderer/fog/environment/AtmosphericFogEnvironment.java,adapt,exempt,
client/renderer/fog/environment/BlindnessFogEnvironment.java,adapt,exempt,
client/renderer/fog/environment/DarknessFogEnvironment.java,adapt,exempt,
client/renderer/fog/environment/FogEnvironment.java,adapt,exempt,
client/renderer/fog/environment/LavaFogEnvironment.java,adapt,exempt,
client/renderer/fog/environment/MobEffectFogEnvironment.java,adapt,exempt,
client/renderer/fog/environment/PowderedSnowFogEnvironment.java,adapt,exempt,
client/renderer/fog/environment/WaterFogEnvironment.java,adapt,exempt,
client/renderer/fog/environment/package-info.java,adapt,exempt,
client/renderer/fog/package-info.java,adapt,exempt,
client/renderer/gizmos/DrawableGizmoPrimitives.java,adapt,exempt,
client/renderer/gizmos/package-info.java,adapt,exempt,
client/renderer/item/BundleSelectedItemSpecialRenderer.java,adapt,exempt,
client/renderer/item/ClientItem.java,adapt,exempt,
client/renderer/item/CompositeModel.java,adapt,exempt,
client/renderer/item/ConditionalItemModel.java,adapt,exempt,
client/renderer/item/CuboidItemModelWrapper.java,adapt,exempt,
client/renderer/item/EmptyModel.java,adapt,exempt,
client/renderer/item/ItemModel.java,adapt,exempt,
client/renderer/item/ItemModelResolver.java,adapt,exempt,
client/renderer/item/ItemModels.java,adapt,exempt,
client/renderer/item/ItemStackRenderState.java,adapt,exempt,
client/renderer/item/MissingItemModel.java,adapt,exempt,
client/renderer/item/ModelRenderProperties.java,adapt,exempt,
client/renderer/item/RangeSelectItemModel.java,adapt,exempt,
client/renderer/item/SelectItemModel.java,adapt,exempt,
client/renderer/item/SpecialModelWrapper.java,adapt,exempt,
client/renderer/item/TrackingItemStackRenderState.java,adapt,exempt,
client/renderer/item/package-info.java,adapt,exempt,
client/renderer/item/properties/conditional/Broken.java,adapt,exempt,
client/renderer/item/properties/conditional/BundleHasSelectedItem.java,adapt,exempt,
client/renderer/item/properties/conditional/ComponentMatches.java,adapt,exempt,
client/renderer/item/properties/conditional/ConditionalItemModelProperties.java,adapt,exempt,
client/renderer/item/properties/conditional/ConditionalItemModelProperty.java,adapt,exempt,
client/renderer/item/properties/conditional/CustomModelDataProperty.java,adapt,exempt,
client/renderer/item/properties/conditional/Damaged.java,adapt,exempt,
client/renderer/item/properties/conditional/ExtendedView.java,adapt,exempt,
client/renderer/item/properties/conditional/FishingRodCast.java,adapt,exempt,
client/renderer/item/properties/conditional/HasComponent.java,adapt,exempt,
client/renderer/item/properties/conditional/IsCarried.java,adapt,exempt,
client/renderer/item/properties/conditional/IsKeybindDown.java,adapt,exempt,
client/renderer/item/properties/conditional/IsSelected.java,adapt,exempt,
client/renderer/item/properties/conditional/IsUsingItem.java,adapt,exempt,
client/renderer/item/properties/conditional/IsViewEntity.java,adapt,exempt,
client/renderer/item/properties/conditional/ItemModelPropertyTest.java,adapt,exempt,
client/renderer/item/properties/conditional/package-info.java,adapt,exempt,
client/renderer/item/properties/numeric/BundleFullness.java,adapt,exempt,
client/renderer/item/properties/numeric/CompassAngle.java,adapt,exempt,
client/renderer/item/properties/numeric/CompassAngleState.java,adapt,exempt,
client/renderer/item/properties/numeric/Cooldown.java,adapt,exempt,
client/renderer/item/properties/numeric/Count.java,adapt,exempt,
client/renderer/item/properties/numeric/CrossbowPull.java,adapt,exempt,
client/renderer/item/properties/numeric/CustomModelDataProperty.java,adapt,exempt,
client/renderer/item/properties/numeric/Damage.java,adapt,exempt,
client/renderer/item/properties/numeric/NeedleDirectionHelper.java,adapt,exempt,
client/renderer/item/properties/numeric/RangeSelectItemModelProperties.java,adapt,exempt,
client/renderer/item/properties/numeric/RangeSelectItemModelProperty.java,adapt,exempt,
client/renderer/item/properties/numeric/Time.java,adapt,exempt,
client/renderer/item/properties/numeric/UseCycle.java,adapt,exempt,
client/renderer/item/properties/numeric/UseDuration.java,adapt,exempt,
client/renderer/item/properties/numeric/package-info.java,adapt,exempt,
client/renderer/item/properties/package-info.java,adapt,exempt,
client/renderer/item/properties/select/Charge.java,adapt,exempt,
client/renderer/item/properties/select/ComponentContents.java,adapt,exempt,
client/renderer/item/properties/select/ContextDimension.java,adapt,exempt,
client/renderer/item/properties/select/ContextEntityType.java,adapt,exempt,
client/renderer/item/properties/select/CustomModelDataProperty.java,adapt,exempt,
client/renderer/item/properties/select/DisplayContext.java,adapt,exempt,
client/renderer/item/properties/select/ItemBlockState.java,adapt,exempt,
client/renderer/item/properties/select/LocalTime.java,adapt,exempt,
client/renderer/item/properties/select/MainHand.java,adapt,exempt,
client/renderer/item/properties/select/SelectItemModelProperties.java,adapt,exempt,
client/renderer/item/properties/select/SelectItemModelProperty.java,adapt,exempt,
client/renderer/item/properties/select/TrimMaterialProperty.java,adapt,exempt,
client/renderer/item/properties/select/package-info.java,adapt,exempt,
client/renderer/package-info.java,adapt,exempt,
client/renderer/rendertype/LayeringTransform.java,adapt,exempt,
client/renderer/rendertype/OutputTarget.java,adapt,exempt,
client/renderer/rendertype/RenderSetup.java,adapt,exempt,
client/renderer/rendertype/RenderType.java,adapt,exempt,
client/renderer/rendertype/RenderTypes.java,adapt,exempt,
client/renderer/rendertype/TextureTransform.java,adapt,exempt,
client/renderer/rendertype/package-info.java,adapt,exempt,
client/renderer/special/BannerSpecialRenderer.java,adapt,exempt,
client/renderer/special/BedSpecialRenderer.java,adapt,exempt,
client/renderer/special/BellSpecialRenderer.java,adapt,exempt,
client/renderer/special/BookSpecialRenderer.java,adapt,exempt,
client/renderer/special/ChestSpecialRenderer.java,adapt,exempt,
client/renderer/special/ConduitSpecialRenderer.java,adapt,exempt,
client/renderer/special/CopperGolemStatueSpecialRenderer.java,adapt,exempt,
client/renderer/special/DecoratedPotSpecialRenderer.java,adapt,exempt,
client/renderer/special/EndCubeSpecialRenderer.java,adapt,exempt,
client/renderer/special/HangingSignSpecialRenderer.java,adapt,exempt,
client/renderer/special/NoDataSpecialModelRenderer.java,adapt,exempt,
client/renderer/special/PlayerHeadSpecialRenderer.java,adapt,exempt,
client/renderer/special/ShieldSpecialRenderer.java,adapt,exempt,
client/renderer/special/ShulkerBoxSpecialRenderer.java,adapt,exempt,
client/renderer/special/SkullSpecialRenderer.java,adapt,exempt,
client/renderer/special/SpecialModelRenderer.java,adapt,exempt,
client/renderer/special/SpecialModelRenderers.java,adapt,exempt,
client/renderer/special/StandingSignSpecialRenderer.java,adapt,exempt,
client/renderer/special/TridentSpecialRenderer.java,adapt,exempt,
client/renderer/special/package-info.java,adapt,exempt,
client/renderer/state/GameRenderState.java,adapt,exempt,
client/renderer/state/LightmapRenderState.java,adapt,exempt,
client/renderer/state/MapRenderState.java,adapt,exempt,
client/renderer/state/OptionsRenderState.java,adapt,exempt,
client/renderer/state/WindowRenderState.java,adapt,exempt,
client/renderer/state/gui/BlitRenderState.java,adapt,exempt,
client/renderer/state/gui/ColoredRectangleRenderState.java,adapt,exempt,
client/renderer/state/gui/GlyphRenderState.java,adapt,exempt,
client/renderer/state/gui/GuiElementRenderState.java,adapt,exempt,
client/renderer/state/gui/GuiItemRenderState.java,adapt,exempt,
client/renderer/state/gui/GuiRenderState.java,adapt,exempt,
client/renderer/state/gui/GuiTextRenderState.java,adapt,exempt,
client/renderer/state/gui/PanoramaRenderState.java,adapt,exempt,
client/renderer/state/gui/ScreenArea.java,adapt,exempt,
client/renderer/state/gui/TiledBlitRenderState.java,adapt,exempt,
client/renderer/state/gui/package-info.java,adapt,exempt,
client/renderer/state/gui/pip/GuiBannerResultRenderState.java,adapt,exempt,
client/renderer/state/gui/pip/GuiBookModelRenderState.java,adapt,exempt,
client/renderer/state/gui/pip/GuiEntityRenderState.java,adapt,exempt,
client/renderer/state/gui/pip/GuiProfilerChartRenderState.java,adapt,exempt,
client/renderer/state/gui/pip/GuiSignRenderState.java,adapt,exempt,
client/renderer/state/gui/pip/GuiSkinRenderState.java,adapt,exempt,
client/renderer/state/gui/pip/OversizedItemRenderState.java,adapt,exempt,
client/renderer/state/gui/pip/PictureInPictureRenderState.java,adapt,exempt,
client/renderer/state/gui/pip/package-info.java,adapt,exempt,
client/renderer/state/level/BlockBreakingRenderState.java,adapt,exempt,
client/renderer/state/level/BlockOutlineRenderState.java,adapt,exempt,
client/renderer/state/level/CameraEntityRenderState.java,adapt,exempt,
client/renderer/state/level/CameraRenderState.java,adapt,exempt,
client/renderer/state/level/LevelRenderState.java,adapt,exempt,
client/renderer/state/level/ParticleGroupRenderState.java,adapt,exempt,
client/renderer/state/level/ParticlesRenderState.java,adapt,exempt,
client/renderer/state/level/QuadParticleRenderState.java,adapt,exempt,
client/renderer/state/level/SkyRenderState.java,adapt,exempt,
client/renderer/state/level/WeatherRenderState.java,adapt,exempt,
client/renderer/state/level/WorldBorderRenderState.java,adapt,exempt,
client/renderer/state/level/package-info.java,adapt,exempt,
client/renderer/state/package-info.java,adapt,exempt,
client/renderer/texture/AbstractTexture.java,adapt,exempt,
client/renderer/texture/CubeMapTexture.java,adapt,exempt,
client/renderer/texture/Dumpable.java,adapt,exempt,
client/renderer/texture/DynamicTexture.java,adapt,exempt,
client/renderer/texture/MipmapGenerator.java,adapt,exempt,
client/renderer/texture/MipmapStrategy.java,adapt,exempt,
client/renderer/texture/MissingTextureAtlasSprite.java,adapt,exempt,
client/renderer/texture/OverlayTexture.java,adapt,exempt,
client/renderer/texture/ReloadableTexture.java,adapt,exempt,
client/renderer/texture/SimpleTexture.java,adapt,exempt,
client/renderer/texture/SkinTextureDownloader.java,adapt,exempt,
client/renderer/texture/SpriteContents.java,adapt,exempt,
client/renderer/texture/SpriteLoader.java,adapt,exempt,
client/renderer/texture/Stitcher.java,adapt,exempt,
client/renderer/texture/StitcherException.java,adapt,exempt,
client/renderer/texture/TextureAtlas.java,adapt,exempt,
client/renderer/texture/TextureAtlasSprite.java,adapt,exempt,
client/renderer/texture/TextureContents.java,adapt,exempt,
client/renderer/texture/TextureManager.java,adapt,exempt,
client/renderer/texture/TickableTexture.java,adapt,exempt,
client/renderer/texture/atlas/SpriteResourceLoader.java,adapt,exempt,
client/renderer/texture/atlas/SpriteSource.java,adapt,exempt,
client/renderer/texture/atlas/SpriteSourceList.java,adapt,exempt,
client/renderer/texture/atlas/SpriteSources.java,adapt,exempt,
client/renderer/texture/atlas/package-info.java,adapt,exempt,
client/renderer/texture/atlas/sources/DirectoryLister.java,adapt,exempt,
client/renderer/texture/atlas/sources/LazyLoadedImage.java,adapt,exempt,
client/renderer/texture/atlas/sources/PalettedPermutations.java,adapt,exempt,
client/renderer/texture/atlas/sources/SingleFile.java,adapt,exempt,
client/renderer/texture/atlas/sources/SourceFilter.java,adapt,exempt,
client/renderer/texture/atlas/sources/Unstitcher.java,adapt,exempt,
client/renderer/texture/atlas/sources/package-info.java,adapt,exempt,
client/renderer/texture/package-info.java,adapt,exempt,
client/resources/ClientPackSource.java,adapt,exempt,
client/resources/DefaultPlayerSkin.java,adapt,exempt,
client/resources/DryFoliageColorReloadListener.java,adapt,exempt,
client/resources/FoliageColorReloadListener.java,adapt,exempt,
client/resources/GrassColorReloadListener.java,adapt,exempt,
client/resources/IndexedAssetSource.java,adapt,exempt,
client/resources/LegacyStuffWrapper.java,adapt,exempt,
client/resources/MapTextureManager.java,adapt,exempt,
client/resources/SkinManager.java,adapt,exempt,
client/resources/SplashManager.java,adapt,exempt,
client/resources/WaypointStyle.java,adapt,exempt,
client/resources/WaypointStyleManager.java,adapt,exempt,
client/resources/language/ClientLanguage.java,adapt,exempt,
client/resources/language/FormattedBidiReorder.java,adapt,exempt,
client/resources/language/I18n.java,adapt,exempt,
client/resources/language/LanguageInfo.java,adapt,exempt,
client/resources/language/LanguageManager.java,adapt,exempt,
client/resources/language/package-info.java,adapt,exempt,
client/resources/metadata/animation/AnimationFrame.java,adapt,exempt,
client/resources/metadata/animation/AnimationMetadataSection.java,adapt,exempt,
client/resources/metadata/animation/FrameSize.java,adapt,exempt,
client/resources/metadata/animation/VillagerMetadataSection.java,adapt,exempt,
client/resources/metadata/animation/package-info.java,adapt,exempt,
client/resources/metadata/gui/GuiMetadataSection.java,adapt,exempt,
client/resources/metadata/gui/GuiSpriteScaling.java,adapt,exempt,
client/resources/metadata/gui/package-info.java,adapt,exempt,
client/resources/metadata/language/LanguageMetadataSection.java,adapt,exempt,
client/resources/metadata/language/package-info.java,adapt,exempt,
client/resources/metadata/package-info.java,adapt,exempt,
client/resources/metadata/texture/TextureMetadataSection.java,adapt,exempt,
client/resources/metadata/texture/package-info.java,adapt,exempt,
client/resources/model/BlockStateDefinitions.java,adapt,exempt,
client/resources/model/BlockStateModelLoader.java,adapt,exempt,
client/resources/model/ClientItemInfoLoader.java,adapt,exempt,
client/resources/model/EquipmentAssetManager.java,adapt,exempt,
client/resources/model/EquipmentClientInfo.java,adapt,exempt,
client/resources/model/ModelBaker.java,adapt,exempt,
client/resources/model/ModelBakery.java,adapt,exempt,
client/resources/model/ModelDebugName.java,adapt,exempt,
client/resources/model/ModelDiscovery.java,adapt,exempt,
client/resources/model/ModelGroupCollector.java,adapt,exempt,
client/resources/model/ModelManager.java,adapt,exempt,
client/resources/model/ResolvableModel.java,adapt,exempt,
client/resources/model/ResolvedModel.java,adapt,exempt,
client/resources/model/SimpleModelWrapper.java,adapt,exempt,
client/resources/model/UnbakedModel.java,adapt,exempt,
client/resources/model/cuboid/CuboidFace.java,adapt,exempt,
client/resources/model/cuboid/CuboidModel.java,adapt,exempt,
client/resources/model/cuboid/CuboidModelElement.java,adapt,exempt,
client/resources/model/cuboid/CuboidRotation.java,adapt,exempt,
client/resources/model/cuboid/FaceBakery.java,adapt,exempt,
client/resources/model/cuboid/ItemModelGenerator.java,adapt,exempt,
client/resources/model/cuboid/ItemTransform.java,adapt,exempt,
client/resources/model/cuboid/ItemTransforms.java,adapt,exempt,
client/resources/model/cuboid/MissingCuboidModel.java,adapt,exempt,
client/resources/model/cuboid/UnbakedCuboidGeometry.java,adapt,exempt,
client/resources/model/cuboid/package-info.java,adapt,exempt,
client/resources/model/geometry/BakedQuad.java,adapt,exempt,
client/resources/model/geometry/QuadCollection.java,adapt,exempt,
client/resources/model/geometry/UnbakedGeometry.java,adapt,exempt,
client/resources/model/geometry/package-info.java,adapt,exempt,
client/resources/model/package-info.java,adapt,exempt,
client/resources/model/sprite/AtlasManager.java,adapt,exempt,
client/resources/model/sprite/Material.java,adapt,exempt,
client/resources/model/sprite/MaterialBaker.java,adapt,exempt,
client/resources/model/sprite/SpriteGetter.java,adapt,exempt,
client/resources/model/sprite/SpriteId.java,adapt,exempt,
client/resources/model/sprite/TextureSlots.java,adapt,exempt,
client/resources/model/sprite/package-info.java,adapt,exempt,
client/resources/package-info.java,adapt,exempt,
client/resources/server/DownloadedPackSource.java,adapt,exempt,
client/resources/server/PackDownloader.java,adapt,exempt,
client/resources/server/PackLoadFeedback.java,adapt,exempt,
client/resources/server/PackReloadConfig.java,adapt,exempt,
client/resources/server/ServerPackManager.java,adapt,exempt,
client/resources/server/package-info.java,adapt,exempt,
client/resources/sounds/AbstractSoundInstance.java,adapt,exempt,
client/resources/sounds/AbstractTickableSoundInstance.java,adapt,exempt,
client/resources/sounds/AmbientSoundHandler.java,adapt,exempt,
client/resources/sounds/BeeAggressiveSoundInstance.java,adapt,exempt,
client/resources/sounds/BeeFlyingSoundInstance.java,adapt,exempt,
client/resources/sounds/BeeSoundInstance.java,adapt,exempt,
client/resources/sounds/BiomeAmbientSoundsHandler.java,adapt,exempt,
client/resources/sounds/BubbleColumnAmbientSoundHandler.java,adapt,exempt,
client/resources/sounds/DirectionalSoundInstance.java,adapt,exempt,
client/resources/sounds/ElytraOnPlayerSoundInstance.java,adapt,exempt,
client/resources/sounds/EntityBoundSoundInstance.java,adapt,exempt,
client/resources/sounds/GuardianAttackSoundInstance.java,adapt,exempt,
client/resources/sounds/MinecartSoundInstance.java,adapt,exempt,
client/resources/sounds/RidingEntitySoundInstance.java,adapt,exempt,
client/resources/sounds/RidingMinecartSoundInstance.java,adapt,exempt,
client/resources/sounds/SimpleSoundInstance.java,adapt,exempt,
client/resources/sounds/SnifferSoundInstance.java,adapt,exempt,
client/resources/sounds/Sound.java,adapt,exempt,
client/resources/sounds/SoundEventRegistration.java,adapt,exempt,
client/resources/sounds/SoundEventRegistrationSerializer.java,adapt,exempt,
client/resources/sounds/SoundInstance.java,adapt,exempt,
client/resources/sounds/TickableSoundInstance.java,adapt,exempt,
client/resources/sounds/UnderwaterAmbientSoundHandler.java,adapt,exempt,
client/resources/sounds/UnderwaterAmbientSoundInstances.java,adapt,exempt,
client/resources/sounds/package-info.java,adapt,exempt,
client/searchtree/FullTextSearchTree.java,adapt,exempt,
client/searchtree/IdSearchTree.java,adapt,exempt,
client/searchtree/IdentifierSearchTree.java,adapt,exempt,
client/searchtree/IntersectionIterator.java,adapt,exempt,
client/searchtree/MergingUniqueIterator.java,adapt,exempt,
client/searchtree/SearchTree.java,adapt,exempt,
client/searchtree/SuffixArray.java,adapt,exempt,
client/searchtree/package-info.java,adapt,exempt,
client/server/IntegratedPlayerList.java,adapt,exempt,
client/server/IntegratedServer.java,adapt,exempt,
client/server/LanServer.java,adapt,exempt,
client/server/LanServerDetection.java,adapt,exempt,
client/server/LanServerPinger.java,adapt,exempt,
client/server/package-info.java,adapt,exempt,
client/sounds/AudioStream.java,adapt,exempt,
client/sounds/ChannelAccess.java,adapt,exempt,
client/sounds/ChunkedSampleByteBuf.java,adapt,exempt,
client/sounds/FiniteAudioStream.java,adapt,exempt,
client/sounds/FloatSampleSource.java,adapt,exempt,
client/sounds/JOrbisAudioStream.java,adapt,exempt,
client/sounds/LoopingAudioStream.java,adapt,exempt,
client/sounds/MusicManager.java,adapt,exempt,
client/sounds/SoundBufferLibrary.java,adapt,exempt,
client/sounds/SoundEngine.java,adapt,exempt,
client/sounds/SoundEngineExecutor.java,adapt,exempt,
client/sounds/SoundEventListener.java,adapt,exempt,
client/sounds/SoundManager.java,adapt,exempt,
client/sounds/SoundPreviewHandler.java,adapt,exempt,
client/sounds/WeighedSoundEvents.java,adapt,exempt,
client/sounds/Weighted.java,adapt,exempt,
client/sounds/package-info.java,adapt,exempt,
client/telemetry/ClientTelemetryManager.java,adapt,exempt,
client/telemetry/TelemetryEventInstance.java,adapt,exempt,
client/telemetry/TelemetryEventLog.java,adapt,exempt,
client/telemetry/TelemetryEventLogger.java,adapt,exempt,
client/telemetry/TelemetryEventSender.java,adapt,exempt,
client/telemetry/TelemetryEventType.java,adapt,exempt,
client/telemetry/TelemetryLogManager.java,adapt,exempt,
client/telemetry/TelemetryProperty.java,adapt,exempt,
client/telemetry/TelemetryPropertyMap.java,adapt,exempt,
client/telemetry/WorldSessionTelemetryManager.java,adapt,exempt,
client/telemetry/events/AggregatedTelemetryEvent.java,adapt,exempt,
client/telemetry/events/GameLoadTimesEvent.java,adapt,exempt,
client/telemetry/events/PerformanceMetricsEvent.java,adapt,exempt,
client/telemetry/events/WorldLoadEvent.java,adapt,exempt,
client/telemetry/events/WorldLoadTimesEvent.java,adapt,exempt,
client/telemetry/events/WorldUnloadEvent.java,adapt,exempt,
client/telemetry/events/package-info.java,adapt,exempt,
client/telemetry/package-info.java,adapt,exempt,
client/tutorial/CompletedTutorialStepInstance.java,adapt,exempt,
client/tutorial/CraftPlanksTutorialStep.java,adapt,exempt,
client/tutorial/FindTreeTutorialStepInstance.java,adapt,exempt,
client/tutorial/MovementTutorialStepInstance.java,adapt,exempt,
client/tutorial/OpenInventoryTutorialStep.java,adapt,exempt,
client/tutorial/PunchTreeTutorialStepInstance.java,adapt,exempt,
client/tutorial/Tutorial.java,adapt,exempt,
client/tutorial/TutorialStepInstance.java,adapt,exempt,
client/tutorial/TutorialSteps.java,adapt,exempt,
client/tutorial/package-info.java,adapt,exempt,
client/waypoints/ClientWaypointManager.java,adapt,exempt,
client/waypoints/package-info.java,adapt,exempt,
network/BandwidthDebugMonitor.java,adapt,exempt,
network/CipherBase.java,adapt,exempt,
network/CipherDecoder.java,adapt,exempt,
network/CipherEncoder.java,adapt,exempt,
network/ClientboundPacketListener.java,adapt,exempt,
network/CompressionDecoder.java,adapt,exempt,
network/CompressionEncoder.java,adapt,exempt,
network/Connection.java,adapt,exempt,
network/ConnectionProtocol.java,adapt,exempt,
network/DisconnectionDetails.java,adapt,exempt,
network/FriendlyByteBuf.java,adapt,exempt,
network/HandlerNames.java,adapt,exempt,
network/HashedPatchMap.java,adapt,exempt,
network/HashedStack.java,adapt,exempt,
network/HiddenByteBuf.java,adapt,exempt,
network/LocalFrameDecoder.java,adapt,exempt,
network/LocalFrameEncoder.java,adapt,exempt,
network/LpVec3.java,adapt,exempt,
network/MonitoredLocalFrameDecoder.java,adapt,exempt,
network/PacketBundlePacker.java,adapt,exempt,
network/PacketBundleUnpacker.java,adapt,exempt,
network/PacketDecoder.java,adapt,exempt,
network/PacketEncoder.java,adapt,exempt,
network/PacketListener.java,adapt,exempt,
network/PacketProcessor.java,adapt,exempt,
network/PacketSendListener.java,adapt,exempt,
network/ProtocolInfo.java,adapt,exempt,
network/ProtocolSwapHandler.java,adapt,exempt,
network/RateKickingConnection.java,adapt,exempt,
network/RegistryFriendlyByteBuf.java,adapt,exempt,
network/ServerboundPacketListener.java,adapt,exempt,
network/SkipPacketDecoderException.java,adapt,exempt,
network/SkipPacketEncoderException.java,adapt,exempt,
network/SkipPacketException.java,adapt,exempt,
network/TickablePacketListener.java,adapt,exempt,
network/UnconfiguredPipelineHandler.java,adapt,exempt,
network/Utf8String.java,adapt,exempt,
network/VarInt.java,adapt,exempt,
network/VarLong.java,adapt,exempt,
network/Varint21FrameDecoder.java,adapt,exempt,
network/Varint21LengthFieldPrepender.java,adapt,exempt,
network/chat/ChatDecorator.java,adapt,exempt,
network/chat/ChatType.java,adapt,exempt,
network/chat/ChatTypeDecoration.java,adapt,exempt,
network/chat/ClickEvent.java,adapt,exempt,
network/chat/CommonComponents.java,adapt,exempt,
network/chat/Component.java,adapt,exempt,
network/chat/ComponentContents.java,adapt,exempt,
network/chat/ComponentSerialization.java,adapt,exempt,
network/chat/ComponentUtils.java,adapt,exempt,
network/chat/FilterMask.java,adapt,exempt,
network/chat/FontDescription.java,adapt,exempt,
network/chat/FormattedText.java,adapt,exempt,
network/chat/HoverEvent.java,adapt,exempt,
network/chat/LastSeenMessages.java,adapt,exempt,
network/chat/LastSeenMessagesTracker.java,adapt,exempt,
network/chat/LastSeenMessagesValidator.java,adapt,exempt,
network/chat/LastSeenTrackedEntry.java,adapt,exempt,
network/chat/LocalChatSession.java,adapt,exempt,
network/chat/MessageSignature.java,adapt,exempt,
network/chat/MessageSignatureCache.java,adapt,exempt,
network/chat/MutableComponent.java,adapt,exempt,
network/chat/OutgoingChatMessage.java,adapt,exempt,
network/chat/PlayerChatMessage.java,adapt,exempt,
network/chat/RemoteChatSession.java,adapt,exempt,
network/chat/ResolutionContext.java,adapt,exempt,
network/chat/SignableCommand.java,adapt,exempt,
network/chat/SignedMessageBody.java,adapt,exempt,
network/chat/SignedMessageChain.java,adapt,exempt,
network/chat/SignedMessageLink.java,adapt,exempt,
network/chat/SignedMessageValidator.java,adapt,exempt,
network/chat/Style.java,adapt,exempt,
network/chat/SubStringSource.java,adapt,exempt,
network/chat/TextColor.java,adapt,exempt,
network/chat/ThrowingComponent.java,adapt,exempt,
network/chat/contents/KeybindContents.java,adapt,exempt,
network/chat/contents/KeybindResolver.java,adapt,exempt,
network/chat/contents/NbtContents.java,adapt,exempt,
network/chat/contents/ObjectContents.java,adapt,exempt,
network/chat/contents/PlainTextContents.java,adapt,exempt,
network/chat/contents/ScoreContents.java,adapt,exempt,
network/chat/contents/SelectorContents.java,adapt,exempt,
network/chat/contents/TranslatableContents.java,adapt,exempt,
network/chat/contents/TranslatableFormatException.java,adapt,exempt,
network/chat/contents/data/BlockDataSource.java,adapt,exempt,
network/chat/contents/data/DataSource.java,adapt,exempt,
network/chat/contents/data/DataSources.java,adapt,exempt,
network/chat/contents/data/EntityDataSource.java,adapt,exempt,
network/chat/contents/data/StorageDataSource.java,adapt,exempt,
network/chat/contents/data/package-info.java,adapt,exempt,
network/chat/contents/objects/AtlasSprite.java,adapt,exempt,
network/chat/contents/objects/ObjectInfo.java,adapt,exempt,
network/chat/contents/objects/ObjectInfos.java,adapt,exempt,
network/chat/contents/objects/PlayerSprite.java,adapt,exempt,
network/chat/contents/objects/package-info.java,adapt,exempt,
network/chat/contents/package-info.java,adapt,exempt,
network/chat/numbers/BlankFormat.java,adapt,exempt,
network/chat/numbers/FixedFormat.java,adapt,exempt,
network/chat/numbers/NumberFormat.java,adapt,exempt,
network/chat/numbers/NumberFormatType.java,adapt,exempt,
network/chat/numbers/NumberFormatTypes.java,adapt,exempt,
network/chat/numbers/StyledFormat.java,adapt,exempt,
network/chat/numbers/package-info.java,adapt,exempt,
network/chat/package-info.java,adapt,exempt,
network/codec/ByteBufCodecs.java,adapt,exempt,
network/codec/IdDispatchCodec.java,adapt,exempt,
network/codec/StreamCodec.java,adapt,exempt,
network/codec/StreamDecoder.java,adapt,exempt,
network/codec/StreamEncoder.java,adapt,exempt,
network/codec/StreamMemberEncoder.java,adapt,exempt,
network/codec/package-info.java,adapt,exempt,
network/package-info.java,adapt,exempt,
network/protocol/BundleDelimiterPacket.java,adapt,exempt,
network/protocol/BundlePacket.java,adapt,exempt,
network/protocol/BundlerInfo.java,adapt,exempt,
network/protocol/CodecModifier.java,adapt,exempt,
network/protocol/Packet.java,adapt,exempt,
network/protocol/PacketFlow.java,adapt,exempt,
network/protocol/PacketType.java,adapt,exempt,
network/protocol/PacketUtils.java,adapt,exempt,
network/protocol/ProtocolCodecBuilder.java,adapt,exempt,
network/protocol/ProtocolInfoBuilder.java,adapt,exempt,
network/protocol/SimpleUnboundProtocol.java,adapt,exempt,
network/protocol/UnboundProtocol.java,adapt,exempt,
network/protocol/common/ClientCommonPacketListener.java,adapt,exempt,
network/protocol/common/ClientboundClearDialogPacket.java,adapt,exempt,
network/protocol/common/ClientboundCustomPayloadPacket.java,adapt,exempt,
network/protocol/common/ClientboundCustomReportDetailsPacket.java,adapt,exempt,
network/protocol/common/ClientboundDisconnectPacket.java,adapt,exempt,
network/protocol/common/ClientboundKeepAlivePacket.java,adapt,exempt,
network/protocol/common/ClientboundPingPacket.java,adapt,exempt,
network/protocol/common/ClientboundResourcePackPopPacket.java,adapt,exempt,
network/protocol/common/ClientboundResourcePackPushPacket.java,adapt,exempt,
network/protocol/common/ClientboundServerLinksPacket.java,adapt,exempt,
network/protocol/common/ClientboundShowDialogPacket.java,adapt,exempt,
network/protocol/common/ClientboundStoreCookiePacket.java,adapt,exempt,
network/protocol/common/ClientboundTransferPacket.java,adapt,exempt,
network/protocol/common/ClientboundUpdateTagsPacket.java,adapt,exempt,
network/protocol/common/CommonPacketTypes.java,adapt,exempt,
network/protocol/common/ServerCommonPacketListener.java,adapt,exempt,
network/protocol/common/ServerboundClientInformationPacket.java,adapt,exempt,
network/protocol/common/ServerboundCustomClickActionPacket.java,adapt,exempt,
network/protocol/common/ServerboundCustomPayloadPacket.java,adapt,exempt,
network/protocol/common/ServerboundKeepAlivePacket.java,adapt,exempt,
network/protocol/common/ServerboundPongPacket.java,adapt,exempt,
network/protocol/common/ServerboundResourcePackPacket.java,adapt,exempt,
network/protocol/common/custom/BrandPayload.java,adapt,exempt,
network/protocol/common/custom/CustomPacketPayload.java,adapt,exempt,
network/protocol/common/custom/DiscardedPayload.java,adapt,exempt,
network/protocol/common/custom/package-info.java,adapt,exempt,
network/protocol/common/package-info.java,adapt,exempt,
network/protocol/configuration/ClientConfigurationPacketListener.java,adapt,exempt,
network/protocol/configuration/ClientboundCodeOfConductPacket.java,adapt,exempt,
network/protocol/configuration/ClientboundFinishConfigurationPacket.java,adapt,exempt,
network/protocol/configuration/ClientboundRegistryDataPacket.java,adapt,exempt,
network/protocol/configuration/ClientboundResetChatPacket.java,adapt,exempt,
network/protocol/configuration/ClientboundSelectKnownPacks.java,adapt,exempt,
network/protocol/configuration/ClientboundUpdateEnabledFeaturesPacket.java,adapt,exempt,
network/protocol/configuration/ConfigurationPacketTypes.java,adapt,exempt,
network/protocol/configuration/ConfigurationProtocols.java,adapt,exempt,
network/protocol/configuration/ServerConfigurationPacketListener.java,adapt,exempt,
network/protocol/configuration/ServerboundAcceptCodeOfConductPacket.java,adapt,exempt,
network/protocol/configuration/ServerboundFinishConfigurationPacket.java,adapt,exempt,
network/protocol/configuration/ServerboundSelectKnownPacks.java,adapt,exempt,
network/protocol/configuration/package-info.java,adapt,exempt,
network/protocol/cookie/ClientCookiePacketListener.java,adapt,exempt,
network/protocol/cookie/ClientboundCookieRequestPacket.java,adapt,exempt,
network/protocol/cookie/CookiePacketTypes.java,adapt,exempt,
network/protocol/cookie/ServerCookiePacketListener.java,adapt,exempt,
network/protocol/cookie/ServerboundCookieResponsePacket.java,adapt,exempt,
network/protocol/cookie/package-info.java,adapt,exempt,
network/protocol/game/ClientGamePacketListener.java,adapt,exempt,
network/protocol/game/ClientboundAddEntityPacket.java,adapt,exempt,
network/protocol/game/ClientboundAnimatePacket.java,adapt,exempt,
network/protocol/game/ClientboundAwardStatsPacket.java,adapt,exempt,
network/protocol/game/ClientboundBlockChangedAckPacket.java,adapt,exempt,
network/protocol/game/ClientboundBlockDestructionPacket.java,adapt,exempt,
network/protocol/game/ClientboundBlockEntityDataPacket.java,adapt,exempt,
network/protocol/game/ClientboundBlockEventPacket.java,adapt,exempt,
network/protocol/game/ClientboundBlockUpdatePacket.java,adapt,exempt,
network/protocol/game/ClientboundBossEventPacket.java,adapt,exempt,
network/protocol/game/ClientboundBundleDelimiterPacket.java,adapt,exempt,
network/protocol/game/ClientboundBundlePacket.java,adapt,exempt,
network/protocol/game/ClientboundChangeDifficultyPacket.java,adapt,exempt,
network/protocol/game/ClientboundChunkBatchFinishedPacket.java,adapt,exempt,
network/protocol/game/ClientboundChunkBatchStartPacket.java,adapt,exempt,
network/protocol/game/ClientboundChunksBiomesPacket.java,adapt,exempt,
network/protocol/game/ClientboundClearTitlesPacket.java,adapt,exempt,
network/protocol/game/ClientboundCommandSuggestionsPacket.java,adapt,exempt,
network/protocol/game/ClientboundCommandsPacket.java,adapt,exempt,
network/protocol/game/ClientboundContainerClosePacket.java,adapt,exempt,
network/protocol/game/ClientboundContainerSetContentPacket.java,adapt,exempt,
network/protocol/game/ClientboundContainerSetDataPacket.java,adapt,exempt,
network/protocol/game/ClientboundContainerSetSlotPacket.java,adapt,exempt,
network/protocol/game/ClientboundCooldownPacket.java,adapt,exempt,
network/protocol/game/ClientboundCustomChatCompletionsPacket.java,adapt,exempt,
network/protocol/game/ClientboundDamageEventPacket.java,adapt,exempt,
network/protocol/game/ClientboundDebugBlockValuePacket.java,adapt,exempt,
network/protocol/game/ClientboundDebugChunkValuePacket.java,adapt,exempt,
network/protocol/game/ClientboundDebugEntityValuePacket.java,adapt,exempt,
network/protocol/game/ClientboundDebugEventPacket.java,adapt,exempt,
network/protocol/game/ClientboundDebugSamplePacket.java,adapt,exempt,
network/protocol/game/ClientboundDeleteChatPacket.java,adapt,exempt,
network/protocol/game/ClientboundDisguisedChatPacket.java,adapt,exempt,
network/protocol/game/ClientboundEntityEventPacket.java,adapt,exempt,
network/protocol/game/ClientboundEntityPositionSyncPacket.java,adapt,exempt,
network/protocol/game/ClientboundExplodePacket.java,adapt,exempt,
network/protocol/game/ClientboundForgetLevelChunkPacket.java,adapt,exempt,
network/protocol/game/ClientboundGameEventPacket.java,adapt,exempt,
network/protocol/game/ClientboundGameRuleValuesPacket.java,adapt,exempt,
network/protocol/game/ClientboundGameTestHighlightPosPacket.java,adapt,exempt,
network/protocol/game/ClientboundHurtAnimationPacket.java,adapt,exempt,
network/protocol/game/ClientboundInitializeBorderPacket.java,adapt,exempt,
network/protocol/game/ClientboundLevelChunkPacketData.java,adapt,exempt,
network/protocol/game/ClientboundLevelChunkWithLightPacket.java,adapt,exempt,
network/protocol/game/ClientboundLevelEventPacket.java,adapt,exempt,
network/protocol/game/ClientboundLevelParticlesPacket.java,adapt,exempt,
network/protocol/game/ClientboundLightUpdatePacket.java,adapt,exempt,
network/protocol/game/ClientboundLightUpdatePacketData.java,adapt,exempt,
network/protocol/game/ClientboundLoginPacket.java,adapt,exempt,
network/protocol/game/ClientboundLowDiskSpaceWarningPacket.java,adapt,exempt,
network/protocol/game/ClientboundMapItemDataPacket.java,adapt,exempt,
network/protocol/game/ClientboundMerchantOffersPacket.java,adapt,exempt,
network/protocol/game/ClientboundMountScreenOpenPacket.java,adapt,exempt,
network/protocol/game/ClientboundMoveEntityPacket.java,adapt,exempt,
network/protocol/game/ClientboundMoveMinecartPacket.java,adapt,exempt,
network/protocol/game/ClientboundMoveVehiclePacket.java,adapt,exempt,
network/protocol/game/ClientboundOpenBookPacket.java,adapt,exempt,
network/protocol/game/ClientboundOpenScreenPacket.java,adapt,exempt,
network/protocol/game/ClientboundOpenSignEditorPacket.java,adapt,exempt,
network/protocol/game/ClientboundPlaceGhostRecipePacket.java,adapt,exempt,
network/protocol/game/ClientboundPlayerAbilitiesPacket.java,adapt,exempt,
network/protocol/game/ClientboundPlayerChatPacket.java,adapt,exempt,
network/protocol/game/ClientboundPlayerCombatEndPacket.java,adapt,exempt,
network/protocol/game/ClientboundPlayerCombatEnterPacket.java,adapt,exempt,
network/protocol/game/ClientboundPlayerCombatKillPacket.java,adapt,exempt,
network/protocol/game/ClientboundPlayerInfoRemovePacket.java,adapt,exempt,
network/protocol/game/ClientboundPlayerInfoUpdatePacket.java,adapt,exempt,
network/protocol/game/ClientboundPlayerLookAtPacket.java,adapt,exempt,
network/protocol/game/ClientboundPlayerPositionPacket.java,adapt,exempt,
network/protocol/game/ClientboundPlayerRotationPacket.java,adapt,exempt,
network/protocol/game/ClientboundProjectilePowerPacket.java,adapt,exempt,
network/protocol/game/ClientboundRecipeBookAddPacket.java,adapt,exempt,
network/protocol/game/ClientboundRecipeBookRemovePacket.java,adapt,exempt,
network/protocol/game/ClientboundRecipeBookSettingsPacket.java,adapt,exempt,
network/protocol/game/ClientboundRemoveEntitiesPacket.java,adapt,exempt,
network/protocol/game/ClientboundRemoveMobEffectPacket.java,adapt,exempt,
network/protocol/game/ClientboundResetScorePacket.java,adapt,exempt,
network/protocol/game/ClientboundRespawnPacket.java,adapt,exempt,
network/protocol/game/ClientboundRotateHeadPacket.java,adapt,exempt,
network/protocol/game/ClientboundSectionBlocksUpdatePacket.java,adapt,exempt,
network/protocol/game/ClientboundSelectAdvancementsTabPacket.java,adapt,exempt,
network/protocol/game/ClientboundServerDataPacket.java,adapt,exempt,
network/protocol/game/ClientboundSetActionBarTextPacket.java,adapt,exempt,
network/protocol/game/ClientboundSetBorderCenterPacket.java,adapt,exempt,
network/protocol/game/ClientboundSetBorderLerpSizePacket.java,adapt,exempt,
network/protocol/game/ClientboundSetBorderSizePacket.java,adapt,exempt,
network/protocol/game/ClientboundSetBorderWarningDelayPacket.java,adapt,exempt,
network/protocol/game/ClientboundSetBorderWarningDistancePacket.java,adapt,exempt,
network/protocol/game/ClientboundSetCameraPacket.java,adapt,exempt,
network/protocol/game/ClientboundSetChunkCacheCenterPacket.java,adapt,exempt,
network/protocol/game/ClientboundSetChunkCacheRadiusPacket.java,adapt,exempt,
network/protocol/game/ClientboundSetCursorItemPacket.java,adapt,exempt,
network/protocol/game/ClientboundSetDefaultSpawnPositionPacket.java,adapt,exempt,
network/protocol/game/ClientboundSetDisplayObjectivePacket.java,adapt,exempt,
network/protocol/game/ClientboundSetEntityDataPacket.java,adapt,exempt,
network/protocol/game/ClientboundSetEntityLinkPacket.java,adapt,exempt,
network/protocol/game/ClientboundSetEntityMotionPacket.java,adapt,exempt,
network/protocol/game/ClientboundSetEquipmentPacket.java,adapt,exempt,
network/protocol/game/ClientboundSetExperiencePacket.java,adapt,exempt,
network/protocol/game/ClientboundSetHealthPacket.java,adapt,exempt,
network/protocol/game/ClientboundSetHeldSlotPacket.java,adapt,exempt,
network/protocol/game/ClientboundSetObjectivePacket.java,adapt,exempt,
network/protocol/game/ClientboundSetPassengersPacket.java,adapt,exempt,
network/protocol/game/ClientboundSetPlayerInventoryPacket.java,adapt,exempt,
network/protocol/game/ClientboundSetPlayerTeamPacket.java,adapt,exempt,
network/protocol/game/ClientboundSetScorePacket.java,adapt,exempt,
network/protocol/game/ClientboundSetSimulationDistancePacket.java,adapt,exempt,
network/protocol/game/ClientboundSetSubtitleTextPacket.java,adapt,exempt,
network/protocol/game/ClientboundSetTimePacket.java,adapt,exempt,
network/protocol/game/ClientboundSetTitleTextPacket.java,adapt,exempt,
network/protocol/game/ClientboundSetTitlesAnimationPacket.java,adapt,exempt,
network/protocol/game/ClientboundSoundEntityPacket.java,adapt,exempt,
network/protocol/game/ClientboundSoundPacket.java,adapt,exempt,
network/protocol/game/ClientboundStartConfigurationPacket.java,adapt,exempt,
network/protocol/game/ClientboundStopSoundPacket.java,adapt,exempt,
network/protocol/game/ClientboundSystemChatPacket.java,adapt,exempt,
network/protocol/game/ClientboundTabListPacket.java,adapt,exempt,
network/protocol/game/ClientboundTagQueryPacket.java,adapt,exempt,
network/protocol/game/ClientboundTakeItemEntityPacket.java,adapt,exempt,
network/protocol/game/ClientboundTeleportEntityPacket.java,adapt,exempt,
network/protocol/game/ClientboundTestInstanceBlockStatus.java,adapt,exempt,
network/protocol/game/ClientboundTickingStatePacket.java,adapt,exempt,
network/protocol/game/ClientboundTickingStepPacket.java,adapt,exempt,
network/protocol/game/ClientboundTrackedWaypointPacket.java,adapt,exempt,
network/protocol/game/ClientboundUpdateAdvancementsPacket.java,adapt,exempt,
network/protocol/game/ClientboundUpdateAttributesPacket.java,adapt,exempt,
network/protocol/game/ClientboundUpdateMobEffectPacket.java,adapt,exempt,
network/protocol/game/ClientboundUpdateRecipesPacket.java,adapt,exempt,
network/protocol/game/CommonPlayerSpawnInfo.java,adapt,exempt,
network/protocol/game/DebugEntityNameGenerator.java,adapt,exempt,
network/protocol/game/GamePacketTypes.java,adapt,exempt,
network/protocol/game/GameProtocols.java,adapt,exempt,
network/protocol/game/ServerGamePacketListener.java,adapt,exempt,
network/protocol/game/ServerPacketListener.java,adapt,exempt,
network/protocol/game/ServerboundAcceptTeleportationPacket.java,adapt,exempt,
network/protocol/game/ServerboundAttackPacket.java,adapt,exempt,
network/protocol/game/ServerboundBlockEntityTagQueryPacket.java,adapt,exempt,
network/protocol/game/ServerboundChangeDifficultyPacket.java,adapt,exempt,
network/protocol/game/ServerboundChangeGameModePacket.java,adapt,exempt,
network/protocol/game/ServerboundChatAckPacket.java,adapt,exempt,
network/protocol/game/ServerboundChatCommandPacket.java,adapt,exempt,
network/protocol/game/ServerboundChatCommandSignedPacket.java,adapt,exempt,
network/protocol/game/ServerboundChatPacket.java,adapt,exempt,
network/protocol/game/ServerboundChatSessionUpdatePacket.java,adapt,exempt,
network/protocol/game/ServerboundChunkBatchReceivedPacket.java,adapt,exempt,
network/protocol/game/ServerboundClientCommandPacket.java,adapt,exempt,
network/protocol/game/ServerboundClientTickEndPacket.java,adapt,exempt,
network/protocol/game/ServerboundCommandSuggestionPacket.java,adapt,exempt,
network/protocol/game/ServerboundConfigurationAcknowledgedPacket.java,adapt,exempt,
network/protocol/game/ServerboundContainerButtonClickPacket.java,adapt,exempt,
network/protocol/game/ServerboundContainerClickPacket.java,adapt,exempt,
network/protocol/game/ServerboundContainerClosePacket.java,adapt,exempt,
network/protocol/game/ServerboundContainerSlotStateChangedPacket.java,adapt,exempt,
network/protocol/game/ServerboundDebugSubscriptionRequestPacket.java,adapt,exempt,
network/protocol/game/ServerboundEditBookPacket.java,adapt,exempt,
network/protocol/game/ServerboundEntityTagQueryPacket.java,adapt,exempt,
network/protocol/game/ServerboundInteractPacket.java,adapt,exempt,
network/protocol/game/ServerboundJigsawGeneratePacket.java,adapt,exempt,
network/protocol/game/ServerboundLockDifficultyPacket.java,adapt,exempt,
network/protocol/game/ServerboundMovePlayerPacket.java,adapt,exempt,
network/protocol/game/ServerboundMoveVehiclePacket.java,adapt,exempt,
network/protocol/game/ServerboundPaddleBoatPacket.java,adapt,exempt,
network/protocol/game/ServerboundPickItemFromBlockPacket.java,adapt,exempt,
network/protocol/game/ServerboundPickItemFromEntityPacket.java,adapt,exempt,
network/protocol/game/ServerboundPlaceRecipePacket.java,adapt,exempt,
network/protocol/game/ServerboundPlayerAbilitiesPacket.java,adapt,exempt,
network/protocol/game/ServerboundPlayerActionPacket.java,adapt,exempt,
network/protocol/game/ServerboundPlayerCommandPacket.java,adapt,exempt,
network/protocol/game/ServerboundPlayerInputPacket.java,adapt,exempt,
network/protocol/game/ServerboundPlayerLoadedPacket.java,adapt,exempt,
network/protocol/game/ServerboundRecipeBookChangeSettingsPacket.java,adapt,exempt,
network/protocol/game/ServerboundRecipeBookSeenRecipePacket.java,adapt,exempt,
network/protocol/game/ServerboundRenameItemPacket.java,adapt,exempt,
network/protocol/game/ServerboundSeenAdvancementsPacket.java,adapt,exempt,
network/protocol/game/ServerboundSelectBundleItemPacket.java,adapt,exempt,
network/protocol/game/ServerboundSelectTradePacket.java,adapt,exempt,
network/protocol/game/ServerboundSetBeaconPacket.java,adapt,exempt,
network/protocol/game/ServerboundSetCarriedItemPacket.java,adapt,exempt,
network/protocol/game/ServerboundSetCommandBlockPacket.java,adapt,exempt,
network/protocol/game/ServerboundSetCommandMinecartPacket.java,adapt,exempt,
network/protocol/game/ServerboundSetCreativeModeSlotPacket.java,adapt,exempt,
network/protocol/game/ServerboundSetGameRulePacket.java,adapt,exempt,
network/protocol/game/ServerboundSetJigsawBlockPacket.java,adapt,exempt,
network/protocol/game/ServerboundSetStructureBlockPacket.java,adapt,exempt,
network/protocol/game/ServerboundSetTestBlockPacket.java,adapt,exempt,
network/protocol/game/ServerboundSignUpdatePacket.java,adapt,exempt,
network/protocol/game/ServerboundSpectateEntityPacket.java,adapt,exempt,
network/protocol/game/ServerboundSwingPacket.java,adapt,exempt,
network/protocol/game/ServerboundTeleportToEntityPacket.java,adapt,exempt,
network/protocol/game/ServerboundTestInstanceBlockActionPacket.java,adapt,exempt,
network/protocol/game/ServerboundUseItemOnPacket.java,adapt,exempt,
network/protocol/game/ServerboundUseItemPacket.java,adapt,exempt,
network/protocol/game/VecDeltaCodec.java,adapt,exempt,
network/protocol/game/package-info.java,adapt,exempt,
network/protocol/handshake/ClientIntent.java,adapt,exempt,
network/protocol/handshake/ClientIntentionPacket.java,adapt,exempt,
network/protocol/handshake/HandshakePacketTypes.java,adapt,exempt,
network/protocol/handshake/HandshakeProtocols.java,adapt,exempt,
network/protocol/handshake/ServerHandshakePacketListener.java,adapt,exempt,
network/protocol/handshake/package-info.java,adapt,exempt,
network/protocol/login/ClientLoginPacketListener.java,adapt,exempt,
network/protocol/login/ClientboundCustomQueryPacket.java,adapt,exempt,
network/protocol/login/ClientboundHelloPacket.java,adapt,exempt,
network/protocol/login/ClientboundLoginCompressionPacket.java,adapt,exempt,
network/protocol/login/ClientboundLoginDisconnectPacket.java,adapt,exempt,
network/protocol/login/ClientboundLoginFinishedPacket.java,adapt,exempt,
network/protocol/login/LoginPacketTypes.java,adapt,exempt,
network/protocol/login/LoginProtocols.java,adapt,exempt,
network/protocol/login/ServerLoginPacketListener.java,adapt,exempt,
network/protocol/login/ServerboundCustomQueryAnswerPacket.java,adapt,exempt,
network/protocol/login/ServerboundHelloPacket.java,adapt,exempt,
network/protocol/login/ServerboundKeyPacket.java,adapt,exempt,
network/protocol/login/ServerboundLoginAcknowledgedPacket.java,adapt,exempt,
network/protocol/login/custom/CustomQueryAnswerPayload.java,adapt,exempt,
network/protocol/login/custom/CustomQueryPayload.java,adapt,exempt,
network/protocol/login/custom/DiscardedQueryAnswerPayload.java,adapt,exempt,
network/protocol/login/custom/DiscardedQueryPayload.java,adapt,exempt,
network/protocol/login/custom/package-info.java,adapt,exempt,
network/protocol/login/package-info.java,adapt,exempt,
network/protocol/package-info.java,adapt,exempt,
network/protocol/ping/ClientPongPacketListener.java,adapt,exempt,
network/protocol/ping/ClientboundPongResponsePacket.java,adapt,exempt,
network/protocol/ping/PingPacketTypes.java,adapt,exempt,
network/protocol/ping/ServerPingPacketListener.java,adapt,exempt,
network/protocol/ping/ServerboundPingRequestPacket.java,adapt,exempt,
network/protocol/ping/package-info.java,adapt,exempt,
network/protocol/status/ClientStatusPacketListener.java,adapt,exempt,
network/protocol/status/ClientboundStatusResponsePacket.java,adapt,exempt,
network/protocol/status/ServerStatus.java,adapt,exempt,
network/protocol/status/ServerStatusPacketListener.java,adapt,exempt,
network/protocol/status/ServerboundStatusRequestPacket.java,adapt,exempt,
network/protocol/status/StatusPacketTypes.java,adapt,exempt,
network/protocol/status/StatusProtocols.java,adapt,exempt,
network/protocol/status/package-info.java,adapt,exempt,
network/syncher/EntityDataAccessor.java,adapt,exempt,
network/syncher/EntityDataSerializer.java,adapt,exempt,
network/syncher/EntityDataSerializers.java,adapt,exempt,
network/syncher/SyncedDataHolder.java,adapt,exempt,
network/syncher/SynchedEntityData.java,adapt,exempt,
network/syncher/package-info.java,adapt,exempt,
server/Bootstrap.java,adapt,exempt,
server/ChainedJsonException.java,adapt,exempt,
server/ConsoleInput.java,adapt,exempt,
server/DebugLoggedPrintStream.java,adapt,exempt,
server/Eula.java,adapt,exempt,
server/LoggedPrintStream.java,adapt,exempt,
server/Main.java,adapt,exempt,
server/MinecraftServer.java,adapt,exempt,
server/PlayerAdvancements.java,adapt,exempt,
server/RegistryLayer.java,adapt,exempt,
server/ReloadableServerRegistries.java,adapt,exempt,
server/ReloadableServerResources.java,adapt,exempt,
server/RunningOnDifferentThreadException.java,adapt,exempt,
server/ServerAdvancementManager.java,adapt,exempt,
server/ServerFunctionLibrary.java,adapt,exempt,
server/ServerFunctionManager.java,adapt,exempt,
server/ServerInfo.java,adapt,exempt,
server/ServerInterface.java,adapt,exempt,
server/ServerLinks.java,adapt,exempt,
server/ServerScoreboard.java,adapt,exempt,
server/ServerTickRateManager.java,adapt,exempt,
server/Services.java,adapt,exempt,
server/SuppressedExceptionCollector.java,adapt,exempt,
server/TickTask.java,adapt,exempt,
server/WorldLoader.java,adapt,exempt,
server/WorldStem.java,adapt,exempt,
server/advancements/AdvancementVisibilityEvaluator.java,adapt,exempt,
server/advancements/package-info.java,adapt,exempt,
server/bossevents/CustomBossEvent.java,adapt,exempt,
server/bossevents/CustomBossEvents.java,adapt,exempt,
server/bossevents/package-info.java,adapt,exempt,
server/chase/ChaseClient.java,adapt,exempt,
server/chase/ChaseServer.java,adapt,exempt,
server/chase/package-info.java,adapt,exempt,
server/commands/AdvancementCommands.java,adapt,exempt,
server/commands/AttributeCommand.java,adapt,exempt,
server/commands/BanIpCommands.java,adapt,exempt,
server/commands/BanListCommands.java,adapt,exempt,
server/commands/BanPlayerCommands.java,adapt,exempt,
server/commands/BossBarCommands.java,adapt,exempt,
server/commands/ChaseCommand.java,adapt,exempt,
server/commands/ClearInventoryCommands.java,adapt,exempt,
server/commands/CloneCommands.java,adapt,exempt,
server/commands/DamageCommand.java,adapt,exempt,
server/commands/DataPackCommand.java,adapt,exempt,
server/commands/DeOpCommands.java,adapt,exempt,
server/commands/DebugCommand.java,adapt,exempt,
server/commands/DebugConfigCommand.java,adapt,exempt,
server/commands/DebugMobSpawningCommand.java,adapt,exempt,
server/commands/DebugPathCommand.java,adapt,exempt,
server/commands/DefaultGameModeCommands.java,adapt,exempt,
server/commands/DialogCommand.java,adapt,exempt,
server/commands/DifficultyCommand.java,adapt,exempt,
server/commands/EffectCommands.java,adapt,exempt,
server/commands/EmoteCommands.java,adapt,exempt,
server/commands/EnchantCommand.java,adapt,exempt,
server/commands/ExecuteCommand.java,adapt,exempt,
server/commands/ExperienceCommand.java,adapt,exempt,
server/commands/FetchProfileCommand.java,adapt,exempt,
server/commands/FillBiomeCommand.java,adapt,exempt,
server/commands/FillCommand.java,adapt,exempt,
server/commands/ForceLoadCommand.java,adapt,exempt,
server/commands/FunctionCommand.java,adapt,exempt,
server/commands/GameModeCommand.java,adapt,exempt,
server/commands/GameRuleCommand.java,adapt,exempt,
server/commands/GiveCommand.java,adapt,exempt,
server/commands/HelpCommand.java,adapt,exempt,
server/commands/InCommandFunction.java,adapt,exempt,
server/commands/ItemCommands.java,adapt,exempt,
server/commands/JfrCommand.java,adapt,exempt,
server/commands/KickCommand.java,adapt,exempt,
server/commands/KillCommand.java,adapt,exempt,
server/commands/ListPlayersCommand.java,adapt,exempt,
server/commands/LocateCommand.java,adapt,exempt,
server/commands/LookAt.java,adapt,exempt,
server/commands/LootCommand.java,adapt,exempt,
server/commands/MsgCommand.java,adapt,exempt,
server/commands/OpCommand.java,adapt,exempt,
server/commands/PardonCommand.java,adapt,exempt,
server/commands/PardonIpCommand.java,adapt,exempt,
server/commands/ParticleCommand.java,adapt,exempt,
server/commands/PerfCommand.java,adapt,exempt,
server/commands/PlaceCommand.java,adapt,exempt,
server/commands/PlaySoundCommand.java,adapt,exempt,
server/commands/PublishCommand.java,adapt,exempt,
server/commands/RaidCommand.java,adapt,exempt,
server/commands/RandomCommand.java,adapt,exempt,
server/commands/RecipeCommand.java,adapt,exempt,
server/commands/ReloadCommand.java,adapt,exempt,
server/commands/ReturnCommand.java,adapt,exempt,
server/commands/RideCommand.java,adapt,exempt,
server/commands/RotateCommand.java,adapt,exempt,
server/commands/SaveAllCommand.java,adapt,exempt,
server/commands/SaveOffCommand.java,adapt,exempt,
server/commands/SaveOnCommand.java,adapt,exempt,
server/commands/SayCommand.java,adapt,exempt,
server/commands/ScheduleCommand.java,adapt,exempt,
server/commands/ScoreboardCommand.java,adapt,exempt,
server/commands/SeedCommand.java,adapt,exempt,
server/commands/ServerPackCommand.java,adapt,exempt,
server/commands/SetBlockCommand.java,adapt,exempt,
server/commands/SetPlayerIdleTimeoutCommand.java,adapt,exempt,
server/commands/SetSpawnCommand.java,adapt,exempt,
server/commands/SetWorldSpawnCommand.java,adapt,exempt,
server/commands/SpawnArmorTrimsCommand.java,adapt,exempt,
server/commands/SpectateCommand.java,adapt,exempt,
server/commands/SpreadPlayersCommand.java,adapt,exempt,
server/commands/StopCommand.java,adapt,exempt,
server/commands/StopSoundCommand.java,adapt,exempt,
server/commands/StopwatchCommand.java,adapt,exempt,
server/commands/SummonCommand.java,adapt,exempt,
server/commands/SwingCommand.java,adapt,exempt,
server/commands/TagCommand.java,adapt,exempt,
server/commands/TeamCommand.java,adapt,exempt,
server/commands/TeamMsgCommand.java,adapt,exempt,
server/commands/TeleportCommand.java,adapt,exempt,
server/commands/TellRawCommand.java,adapt,exempt,
server/commands/TickCommand.java,adapt,exempt,
server/commands/TimeCommand.java,adapt,exempt,
server/commands/TitleCommand.java,adapt,exempt,
server/commands/TransferCommand.java,adapt,exempt,
server/commands/TriggerCommand.java,adapt,exempt,
server/commands/VersionCommand.java,adapt,exempt,
server/commands/WardenSpawnTrackerCommand.java,adapt,exempt,
server/commands/WaypointCommand.java,adapt,exempt,
server/commands/WeatherCommand.java,adapt,exempt,
server/commands/WhitelistCommand.java,adapt,exempt,
server/commands/WorldBorderCommand.java,adapt,exempt,
server/commands/data/BlockDataAccessor.java,adapt,exempt,
server/commands/data/DataAccessor.java,adapt,exempt,
server/commands/data/DataCommands.java,adapt,exempt,
server/commands/data/EntityDataAccessor.java,adapt,exempt,
server/commands/data/StorageDataAccessor.java,adapt,exempt,
server/commands/data/package-info.java,adapt,exempt,
server/commands/package-info.java,adapt,exempt,
server/dedicated/DedicatedPlayerList.java,adapt,exempt,
server/dedicated/DedicatedServer.java,adapt,exempt,
server/dedicated/DedicatedServerProperties.java,adapt,exempt,
server/dedicated/DedicatedServerSettings.java,adapt,exempt,
server/dedicated/ServerWatchdog.java,adapt,exempt,
server/dedicated/Settings.java,adapt,exempt,
server/dedicated/package-info.java,adapt,exempt,
server/dialog/ActionButton.java,adapt,exempt,
server/dialog/ButtonListDialog.java,adapt,exempt,
server/dialog/CommonButtonData.java,adapt,exempt,
server/dialog/CommonDialogData.java,adapt,exempt,
server/dialog/ConfirmationDialog.java,adapt,exempt,
server/dialog/Dialog.java,adapt,exempt,
server/dialog/DialogAction.java,adapt,exempt,
server/dialog/DialogListDialog.java,adapt,exempt,
server/dialog/DialogTypes.java,adapt,exempt,
server/dialog/Dialogs.java,adapt,exempt,
server/dialog/Input.java,adapt,exempt,
server/dialog/MultiActionDialog.java,adapt,exempt,
server/dialog/NoticeDialog.java,adapt,exempt,
server/dialog/ServerLinksDialog.java,adapt,exempt,
server/dialog/SimpleDialog.java,adapt,exempt,
server/dialog/action/Action.java,adapt,exempt,
server/dialog/action/ActionTypes.java,adapt,exempt,
server/dialog/action/CommandTemplate.java,adapt,exempt,
server/dialog/action/CustomAll.java,adapt,exempt,
server/dialog/action/ParsedTemplate.java,adapt,exempt,
server/dialog/action/StaticAction.java,adapt,exempt,
server/dialog/action/package-info.java,adapt,exempt,
server/dialog/body/DialogBody.java,adapt,exempt,
server/dialog/body/DialogBodyTypes.java,adapt,exempt,
server/dialog/body/ItemBody.java,adapt,exempt,
server/dialog/body/PlainMessage.java,adapt,exempt,
server/dialog/body/package-info.java,adapt,exempt,
server/dialog/input/BooleanInput.java,adapt,exempt,
server/dialog/input/InputControl.java,adapt,exempt,
server/dialog/input/InputControlTypes.java,adapt,exempt,
server/dialog/input/NumberRangeInput.java,adapt,exempt,
server/dialog/input/SingleOptionInput.java,adapt,exempt,
server/dialog/input/TextInput.java,adapt,exempt,
server/dialog/input/package-info.java,adapt,exempt,
server/dialog/package-info.java,adapt,exempt,
server/gui/MinecraftServerGui.java,adapt,exempt,
server/gui/PlayerListComponent.java,adapt,exempt,
server/gui/StatsComponent.java,adapt,exempt,
server/gui/package-info.java,adapt,exempt,
server/jsonrpc/Connection.java,adapt,exempt,
server/jsonrpc/IncomingRpcMethod.java,adapt,exempt,
server/jsonrpc/IncomingRpcMethods.java,adapt,exempt,
server/jsonrpc/JsonRPCErrors.java,adapt,exempt,
server/jsonrpc/JsonRPCUtils.java,adapt,exempt,
server/jsonrpc/JsonRpcLogger.java,adapt,exempt,
server/jsonrpc/JsonRpcNotificationService.java,adapt,exempt,
server/jsonrpc/ManagementServer.java,adapt,exempt,
server/jsonrpc/OutgoingRpcMethod.java,adapt,exempt,
server/jsonrpc/OutgoingRpcMethods.java,adapt,exempt,
server/jsonrpc/PendingRpcRequest.java,adapt,exempt,
server/jsonrpc/api/MethodInfo.java,adapt,exempt,
server/jsonrpc/api/ParamInfo.java,adapt,exempt,
server/jsonrpc/api/PlayerDto.java,adapt,exempt,
server/jsonrpc/api/ReferenceUtil.java,adapt,exempt,
server/jsonrpc/api/ResultInfo.java,adapt,exempt,
server/jsonrpc/api/Schema.java,adapt,exempt,
server/jsonrpc/api/SchemaComponent.java,adapt,exempt,
server/jsonrpc/api/package-info.java,adapt,exempt,
server/jsonrpc/dataprovider/JsonRpcApiSchema.java,adapt,exempt,
server/jsonrpc/dataprovider/package-info.java,adapt,exempt,
server/jsonrpc/internalapi/MinecraftAllowListService.java,adapt,exempt,
server/jsonrpc/internalapi/MinecraftAllowListServiceImpl.java,adapt,exempt,
server/jsonrpc/internalapi/MinecraftApi.java,adapt,exempt,
server/jsonrpc/internalapi/MinecraftBanListService.java,adapt,exempt,
server/jsonrpc/internalapi/MinecraftBanListServiceImpl.java,adapt,exempt,
server/jsonrpc/internalapi/MinecraftExecutorService.java,adapt,exempt,
server/jsonrpc/internalapi/MinecraftExecutorServiceImpl.java,adapt,exempt,
server/jsonrpc/internalapi/MinecraftGameRuleService.java,adapt,exempt,
server/jsonrpc/internalapi/MinecraftGameRuleServiceImpl.java,adapt,exempt,
server/jsonrpc/internalapi/MinecraftOperatorListService.java,adapt,exempt,
server/jsonrpc/internalapi/MinecraftOperatorListServiceImpl.java,adapt,exempt,
server/jsonrpc/internalapi/MinecraftPlayerListService.java,adapt,exempt,
server/jsonrpc/internalapi/MinecraftPlayerListServiceImpl.java,adapt,exempt,
server/jsonrpc/internalapi/MinecraftServerSettingsService.java,adapt,exempt,
server/jsonrpc/internalapi/MinecraftServerSettingsServiceImpl.java,adapt,exempt,
server/jsonrpc/internalapi/MinecraftServerStateService.java,adapt,exempt,
server/jsonrpc/internalapi/MinecraftServerStateServiceImpl.java,adapt,exempt,
server/jsonrpc/internalapi/package-info.java,adapt,exempt,
server/jsonrpc/methods/AllowlistService.java,adapt,exempt,
server/jsonrpc/methods/BanlistService.java,adapt,exempt,
server/jsonrpc/methods/ClientInfo.java,adapt,exempt,
server/jsonrpc/methods/DiscoveryService.java,adapt,exempt,
server/jsonrpc/methods/EncodeJsonRpcException.java,adapt,exempt,
server/jsonrpc/methods/GameRulesService.java,adapt,exempt,
server/jsonrpc/methods/InvalidParameterJsonRpcException.java,adapt,exempt,
server/jsonrpc/methods/InvalidRequestJsonRpcException.java,adapt,exempt,
server/jsonrpc/methods/IpBanlistService.java,adapt,exempt,
server/jsonrpc/methods/Message.java,adapt,exempt,
server/jsonrpc/methods/MethodNotFoundJsonRpcException.java,adapt,exempt,
server/jsonrpc/methods/OperatorService.java,adapt,exempt,
server/jsonrpc/methods/PlayerService.java,adapt,exempt,
server/jsonrpc/methods/RemoteRpcErrorException.java,adapt,exempt,
server/jsonrpc/methods/ServerSettingsService.java,adapt,exempt,
server/jsonrpc/methods/ServerStateService.java,adapt,exempt,
server/jsonrpc/methods/package-info.java,adapt,exempt,
server/jsonrpc/package-info.java,adapt,exempt,
server/jsonrpc/security/AuthenticationHandler.java,adapt,exempt,
server/jsonrpc/security/JsonRpcSslContextProvider.java,adapt,exempt,
server/jsonrpc/security/SecurityConfig.java,adapt,exempt,
server/jsonrpc/security/package-info.java,adapt,exempt,
server/jsonrpc/websocket/JsonToWebSocketEncoder.java,adapt,exempt,
server/jsonrpc/websocket/WebSocketToJsonCodec.java,adapt,exempt,
server/jsonrpc/websocket/package-info.java,adapt,exempt,
server/level/BlockDestructionProgress.java,adapt,exempt,
server/level/ChunkGenerationTask.java,adapt,exempt,
server/level/ChunkHolder.java,adapt,exempt,
server/level/ChunkLevel.java,adapt,exempt,
server/level/ChunkLoadCounter.java,adapt,exempt,
server/level/ChunkMap.java,adapt,exempt,
server/level/ChunkResult.java,adapt,exempt,
server/level/ChunkTaskDispatcher.java,adapt,exempt,
server/level/ChunkTaskPriorityQueue.java,adapt,exempt,
server/level/ChunkTracker.java,adapt,exempt,
server/level/ChunkTrackingView.java,adapt,exempt,
server/level/ClientInformation.java,adapt,exempt,
server/level/ColumnPos.java,adapt,exempt,
server/level/DemoMode.java,adapt,exempt,
server/level/DistanceManager.java,adapt,exempt,
server/level/FullChunkStatus.java,adapt,exempt,
server/level/GeneratingChunkMap.java,adapt,exempt,
server/level/GenerationChunkHolder.java,adapt,exempt,
server/level/LoadingChunkTracker.java,adapt,exempt,
server/level/ParticleStatus.java,adapt,exempt,
server/level/PlayerMap.java,adapt,exempt,
server/level/PlayerSpawnFinder.java,adapt,exempt,
server/level/SectionTracker.java,adapt,exempt,
server/level/ServerBossEvent.java,adapt,exempt,
server/level/ServerChunkCache.java,adapt,exempt,
server/level/ServerEntity.java,adapt,exempt,
server/level/ServerEntityGetter.java,adapt,exempt,
server/level/ServerLevel.java,adapt,exempt,
server/level/ServerPlayer.java,adapt,exempt,
server/level/ServerPlayerGameMode.java,adapt,exempt,
server/level/SimulationChunkTracker.java,adapt,exempt,
server/level/ThreadedLevelLightEngine.java,adapt,exempt,
server/level/ThrottlingChunkTaskDispatcher.java,adapt,exempt,
server/level/Ticket.java,adapt,exempt,
server/level/TicketType.java,adapt,exempt,
server/level/WorldGenRegion.java,adapt,exempt,
server/level/package-info.java,adapt,exempt,
server/level/progress/ChunkLoadStatusView.java,adapt,exempt,
server/level/progress/LevelLoadListener.java,adapt,exempt,
server/level/progress/LevelLoadProgressTracker.java,adapt,exempt,
server/level/progress/LoggingLevelLoadListener.java,adapt,exempt,
server/level/progress/package-info.java,adapt,exempt,
server/network/CommonListenerCookie.java,adapt,exempt,
server/network/ConfigurationTask.java,adapt,exempt,
server/network/EventLoopGroupHolder.java,adapt,exempt,
server/network/Filterable.java,adapt,exempt,
server/network/FilteredText.java,adapt,exempt,
server/network/LegacyProtocolUtils.java,adapt,exempt,
server/network/LegacyQueryHandler.java,adapt,exempt,
server/network/LegacyTextFilter.java,adapt,exempt,
server/network/MemoryServerHandshakePacketListenerImpl.java,adapt,exempt,
server/network/PlayerChunkSender.java,adapt,exempt,
server/network/PlayerSafetyServiceTextFilter.java,adapt,exempt,
server/network/ServerCommonPacketListenerImpl.java,adapt,exempt,
server/network/ServerConfigurationPacketListenerImpl.java,adapt,exempt,
server/network/ServerConnectionListener.java,adapt,exempt,
server/network/ServerGamePacketListenerImpl.java,adapt,exempt,
server/network/ServerHandshakePacketListenerImpl.java,adapt,exempt,
server/network/ServerLoginPacketListenerImpl.java,adapt,exempt,
server/network/ServerPlayerConnection.java,adapt,exempt,
server/network/ServerStatusPacketListenerImpl.java,adapt,exempt,
server/network/ServerTextFilter.java,adapt,exempt,
server/network/TextFilter.java,adapt,exempt,
server/network/config/JoinWorldTask.java,adapt,exempt,
server/network/config/PrepareSpawnTask.java,adapt,exempt,
server/network/config/ServerCodeOfConductConfigurationTask.java,adapt,exempt,
server/network/config/ServerResourcePackConfigurationTask.java,adapt,exempt,
server/network/config/SynchronizeRegistriesTask.java,adapt,exempt,
server/network/config/package-info.java,adapt,exempt,
server/network/package-info.java,adapt,exempt,
server/notifications/EmptyNotificationService.java,adapt,exempt,
server/notifications/NotificationManager.java,adapt,exempt,
server/notifications/NotificationService.java,adapt,exempt,
server/notifications/ServerActivityMonitor.java,adapt,exempt,
server/notifications/package-info.java,adapt,exempt,
server/package-info.java,adapt,exempt,
server/packs/AbstractPackResources.java,adapt,exempt,
server/packs/CompositePackResources.java,adapt,exempt,
server/packs/DownloadCacheCleaner.java,adapt,exempt,
server/packs/DownloadQueue.java,adapt,exempt,
server/packs/FeatureFlagsMetadataSection.java,adapt,exempt,
server/packs/FilePackResources.java,adapt,exempt,
server/packs/OverlayMetadataSection.java,adapt,exempt,
server/packs/PackLocationInfo.java,adapt,exempt,
server/packs/PackResources.java,adapt,exempt,
server/packs/PackSelectionConfig.java,adapt,exempt,
server/packs/PackType.java,adapt,exempt,
server/packs/PathPackResources.java,adapt,exempt,
server/packs/VanillaPackResources.java,adapt,exempt,
server/packs/VanillaPackResourcesBuilder.java,adapt,exempt,
server/packs/linkfs/LinkFSFileStore.java,adapt,exempt,
server/packs/linkfs/LinkFSPath.java,adapt,exempt,
server/packs/linkfs/LinkFSProvider.java,adapt,exempt,
server/packs/linkfs/LinkFileSystem.java,adapt,exempt,
server/packs/linkfs/PathContents.java,adapt,exempt,
server/packs/linkfs/package-info.java,adapt,exempt,
server/packs/metadata/MetadataSectionType.java,adapt,exempt,
server/packs/metadata/pack/PackFormat.java,adapt,exempt,
server/packs/metadata/pack/PackMetadataSection.java,adapt,exempt,
server/packs/metadata/pack/package-info.java,adapt,exempt,
server/packs/metadata/package-info.java,adapt,exempt,
server/packs/package-info.java,adapt,exempt,
server/packs/repository/BuiltInPackSource.java,adapt,exempt,
server/packs/repository/FolderRepositorySource.java,adapt,exempt,
server/packs/repository/KnownPack.java,adapt,exempt,
server/packs/repository/Pack.java,adapt,exempt,
server/packs/repository/PackCompatibility.java,adapt,exempt,
server/packs/repository/PackDetector.java,adapt,exempt,
server/packs/repository/PackRepository.java,adapt,exempt,
server/packs/repository/PackSource.java,adapt,exempt,
server/packs/repository/RepositorySource.java,adapt,exempt,
server/packs/repository/ServerPacksSource.java,adapt,exempt,
server/packs/repository/package-info.java,adapt,exempt,
server/packs/resources/CloseableResourceManager.java,adapt,exempt,
server/packs/resources/FallbackResourceManager.java,adapt,exempt,
server/packs/resources/IoSupplier.java,adapt,exempt,
server/packs/resources/MultiPackResourceManager.java,adapt,exempt,
server/packs/resources/PreparableReloadListener.java,adapt,exempt,
server/packs/resources/ProfiledReloadInstance.java,adapt,exempt,
server/packs/resources/ReloadInstance.java,adapt,exempt,
server/packs/resources/ReloadableResourceManager.java,adapt,exempt,
server/packs/resources/Resource.java,adapt,exempt,
server/packs/resources/ResourceFilterSection.java,adapt,exempt,
server/packs/resources/ResourceManager.java,adapt,exempt,
server/packs/resources/ResourceManagerReloadListener.java,adapt,exempt,
server/packs/resources/ResourceMetadata.java,adapt,exempt,
server/packs/resources/ResourceProvider.java,adapt,exempt,
server/packs/resources/SimpleJsonResourceReloadListener.java,adapt,exempt,
server/packs/resources/SimplePreparableReloadListener.java,adapt,exempt,
server/packs/resources/SimpleReloadInstance.java,adapt,exempt,
server/packs/resources/package-info.java,adapt,exempt,
server/permissions/LevelBasedPermissionSet.java,adapt,exempt,
server/permissions/Permission.java,adapt,exempt,
server/permissions/PermissionCheck.java,adapt,exempt,
server/permissions/PermissionCheckTypes.java,adapt,exempt,
server/permissions/PermissionLevel.java,adapt,exempt,
server/permissions/PermissionProviderCheck.java,adapt,exempt,
server/permissions/PermissionSet.java,adapt,exempt,
server/permissions/PermissionSetSupplier.java,adapt,exempt,
server/permissions/PermissionSetUnion.java,adapt,exempt,
server/permissions/PermissionTypes.java,adapt,exempt,
server/permissions/Permissions.java,adapt,exempt,
server/permissions/package-info.java,adapt,exempt,
server/players/BanListEntry.java,adapt,exempt,
server/players/CachedUserNameToIdResolver.java,adapt,exempt,
server/players/IpBanList.java,adapt,exempt,
server/players/IpBanListEntry.java,adapt,exempt,
server/players/NameAndId.java,adapt,exempt,
server/players/OldUsersConverter.java,adapt,exempt,
server/players/PlayerList.java,adapt,exempt,
server/players/ProfileResolver.java,adapt,exempt,
server/players/ServerOpList.java,adapt,exempt,
server/players/ServerOpListEntry.java,adapt,exempt,
server/players/SleepStatus.java,adapt,exempt,
server/players/StoredUserEntry.java,adapt,exempt,
server/players/StoredUserList.java,adapt,exempt,
server/players/UserBanList.java,adapt,exempt,
server/players/UserBanListEntry.java,adapt,exempt,
server/players/UserNameToIdResolver.java,adapt,exempt,
server/players/UserWhiteList.java,adapt,exempt,
server/players/UserWhiteListEntry.java,adapt,exempt,
server/players/package-info.java,adapt,exempt,
server/rcon/NetworkDataOutputStream.java,adapt,exempt,
server/rcon/PktUtils.java,adapt,exempt,
server/rcon/RconConsoleSource.java,adapt,exempt,
server/rcon/package-info.java,adapt,exempt,
server/rcon/thread/GenericThread.java,adapt,exempt,
server/rcon/thread/QueryThreadGs4.java,adapt,exempt,
server/rcon/thread/RconClient.java,adapt,exempt,
server/rcon/thread/RconThread.java,adapt,exempt,
server/rcon/thread/package-info.java,adapt,exempt,
server/waypoints/ServerWaypointManager.java,adapt,exempt,
server/waypoints/package-info.java,adapt,exempt,
stats/RecipeBook.java,adapt,exempt,
stats/RecipeBookSettings.java,adapt,exempt,
stats/ServerRecipeBook.java,adapt,exempt,
stats/ServerStatsCounter.java,adapt,exempt,
stats/Stat.java,adapt,exempt,
stats/StatFormatter.java,adapt,exempt,
stats/StatType.java,adapt,exempt,
stats/Stats.java,adapt,exempt,
stats/StatsCounter.java,adapt,exempt,
stats/package-info.java,adapt,exempt,
advancements/Advancement.java,exempt,pending,
advancements/AdvancementHolder.java,exempt,pending,
advancements/AdvancementNode.java,exempt,pending,
advancements/AdvancementProgress.java,exempt,pending,
advancements/AdvancementRequirements.java,exempt,pending,
advancements/AdvancementRewards.java,exempt,pending,
advancements/AdvancementTree.java,exempt,pending,
advancements/AdvancementType.java,exempt,pending,
advancements/CriteriaTriggers.java,exempt,pending,
advancements/Criterion.java,exempt,pending,
advancements/CriterionProgress.java,exempt,pending,
advancements/CriterionTrigger.java,exempt,pending,
advancements/CriterionTriggerInstance.java,exempt,pending,
advancements/DisplayInfo.java,exempt,pending,
advancements/TreeNodePosition.java,exempt,pending,
advancements/criterion/AnyBlockInteractionTrigger.java,exempt,pending,
advancements/criterion/BeeNestDestroyedTrigger.java,exempt,pending,
advancements/criterion/BlockPredicate.java,exempt,pending,
advancements/criterion/BredAnimalsTrigger.java,exempt,pending,
advancements/criterion/BrewedPotionTrigger.java,exempt,pending,
advancements/criterion/ChangeDimensionTrigger.java,exempt,pending,
advancements/criterion/ChanneledLightningTrigger.java,exempt,pending,
advancements/criterion/CollectionContentsPredicate.java,exempt,pending,
advancements/criterion/CollectionCountsPredicate.java,exempt,pending,
advancements/criterion/CollectionPredicate.java,exempt,pending,
advancements/criterion/ConstructBeaconTrigger.java,exempt,pending,
advancements/criterion/ConsumeItemTrigger.java,exempt,pending,
advancements/criterion/ContextAwarePredicate.java,exempt,pending,
advancements/criterion/CuredZombieVillagerTrigger.java,exempt,pending,
advancements/criterion/DamagePredicate.java,exempt,pending,
advancements/criterion/DamageSourcePredicate.java,exempt,pending,
advancements/criterion/DataComponentMatchers.java,exempt,pending,
advancements/criterion/DefaultBlockInteractionTrigger.java,exempt,pending,
advancements/criterion/DistancePredicate.java,exempt,pending,
advancements/criterion/DistanceTrigger.java,exempt,pending,
advancements/criterion/EffectsChangedTrigger.java,exempt,pending,
advancements/criterion/EnchantedItemTrigger.java,exempt,pending,
advancements/criterion/EnchantmentPredicate.java,exempt,pending,
advancements/criterion/EnterBlockTrigger.java,exempt,pending,
advancements/criterion/EntityEquipmentPredicate.java,exempt,pending,
advancements/criterion/EntityFlagsPredicate.java,exempt,pending,
advancements/criterion/EntityHurtPlayerTrigger.java,exempt,pending,
advancements/criterion/EntityPredicate.java,exempt,pending,
advancements/criterion/EntitySubPredicate.java,exempt,pending,
advancements/criterion/EntitySubPredicates.java,exempt,pending,
advancements/criterion/EntityTypePredicate.java,exempt,pending,
advancements/criterion/FallAfterExplosionTrigger.java,exempt,pending,
advancements/criterion/FilledBucketTrigger.java,exempt,pending,
advancements/criterion/FishingHookPredicate.java,exempt,pending,
advancements/criterion/FishingRodHookedTrigger.java,exempt,pending,
advancements/criterion/FluidPredicate.java,exempt,pending,
advancements/criterion/FoodPredicate.java,exempt,pending,
advancements/criterion/GameTypePredicate.java,exempt,pending,
advancements/criterion/ImpossibleTrigger.java,exempt,pending,
advancements/criterion/InputPredicate.java,exempt,pending,
advancements/criterion/InventoryChangeTrigger.java,exempt,pending,
advancements/criterion/ItemDurabilityTrigger.java,exempt,pending,
advancements/criterion/ItemPredicate.java,exempt,pending,
advancements/criterion/ItemUsedOnLocationTrigger.java,exempt,pending,
advancements/criterion/KilledByArrowTrigger.java,exempt,pending,
advancements/criterion/KilledTrigger.java,exempt,pending,
advancements/criterion/LevitationTrigger.java,exempt,pending,
advancements/criterion/LightPredicate.java,exempt,pending,
advancements/criterion/LightningBoltPredicate.java,exempt,pending,
advancements/criterion/LightningStrikeTrigger.java,exempt,pending,
advancements/criterion/LocationPredicate.java,exempt,pending,
advancements/criterion/LootTableTrigger.java,exempt,pending,
advancements/criterion/MinMaxBounds.java,exempt,pending,
advancements/criterion/MobEffectsPredicate.java,exempt,pending,
advancements/criterion/MovementPredicate.java,exempt,pending,
advancements/criterion/NbtPredicate.java,exempt,pending,
advancements/criterion/PickedUpItemTrigger.java,exempt,pending,
advancements/criterion/PlayerHurtEntityTrigger.java,exempt,pending,
advancements/criterion/PlayerInteractTrigger.java,exempt,pending,
advancements/criterion/PlayerPredicate.java,exempt,pending,
advancements/criterion/PlayerTrigger.java,exempt,pending,
advancements/criterion/RaiderPredicate.java,exempt,pending,
advancements/criterion/RecipeCraftedTrigger.java,exempt,pending,
advancements/criterion/RecipeUnlockedTrigger.java,exempt,pending,
advancements/criterion/SheepPredicate.java,exempt,pending,
advancements/criterion/ShotCrossbowTrigger.java,exempt,pending,
advancements/criterion/SimpleCriterionTrigger.java,exempt,pending,
advancements/criterion/SingleComponentItemPredicate.java,exempt,pending,
advancements/criterion/SlideDownBlockTrigger.java,exempt,pending,
advancements/criterion/SlimePredicate.java,exempt,pending,
advancements/criterion/SlotsPredicate.java,exempt,pending,
advancements/criterion/SpearMobsTrigger.java,exempt,pending,
advancements/criterion/StartRidingTrigger.java,exempt,pending,
advancements/criterion/StatePropertiesPredicate.java,exempt,pending,
advancements/criterion/SummonedEntityTrigger.java,exempt,pending,
advancements/criterion/TagPredicate.java,exempt,pending,
advancements/criterion/TameAnimalTrigger.java,exempt,pending,
advancements/criterion/TargetBlockTrigger.java,exempt,pending,
advancements/criterion/TradeTrigger.java,exempt,pending,
advancements/criterion/UsedEnderEyeTrigger.java,exempt,pending,
advancements/criterion/UsedTotemTrigger.java,exempt,pending,
advancements/criterion/UsingItemTrigger.java,exempt,pending,
advancements/criterion/package-info.java,exempt,pending,
advancements/package-info.java,exempt,pending,
resources/DelegatingOps.java,exempt,pending,
resources/DependantName.java,exempt,pending,
resources/FileToIdConverter.java,exempt,pending,
resources/HolderSetCodec.java,exempt,pending,
resources/Identifier.java,exempt,pending,
resources/NetworkRegistryLoadTask.java,exempt,pending,
resources/RegistryDataLoader.java,exempt,pending,
resources/RegistryFileCodec.java,exempt,pending,
resources/RegistryFixedCodec.java,exempt,pending,
resources/RegistryLoadTask.java,exempt,pending,
resources/RegistryOps.java,exempt,pending,
resources/RegistryValidator.java,exempt,pending,
resources/ResourceKey.java,exempt,pending,
resources/ResourceManagerRegistryLoadTask.java,exempt,pending,
resources/package-info.java,exempt,pending,
CharPredicate.java,logic,pending,
ChatFormatting.java,logic,pending,
CrashReport.java,logic,pending,
CrashReportCategory.java,logic,pending,
CrashReportDetail.java,logic,pending,
DefaultUncaughtExceptionHandler.java,logic,pending,
DefaultUncaughtExceptionHandlerWithName.java,logic,pending,
DetectedVersion.java,logic,pending,
IdentifierException.java,logic,pending,
Optionull.java,logic,pending,
ReportType.java,logic,pending,
ReportedException.java,logic,pending,
SharedConstants.java,logic,pending,
SuppressForbidden.java,logic,pending,
SystemReport.java,logic,pending,
TracingExecutor.java,logic,pending,
WorldVersion.java,logic,pending,
commands/ArgumentVisitor.java,logic,pending,
commands/BrigadierExceptions.java,logic,pending,
commands/CacheableFunction.java,logic,pending,
commands/CommandBuildContext.java,logic,pending,
commands/CommandResultCallback.java,logic,pending,
commands/CommandSigningContext.java,logic,pending,
commands/CommandSource.java,logic,pending,
commands/CommandSourceStack.java,logic,pending,
commands/Commands.java,logic,pending,
commands/ExecutionCommandSource.java,logic,pending,
commands/FunctionInstantiationException.java,logic,pending,
commands/ParserUtils.java,logic,pending,
commands/SharedSuggestionProvider.java,logic,pending,
commands/arguments/AngleArgument.java,logic,pending,
commands/arguments/ArgumentSignatures.java,logic,pending,
commands/arguments/ColorArgument.java,logic,pending,
commands/arguments/ComponentArgument.java,logic,pending,
commands/arguments/CompoundTagArgument.java,logic,pending,
commands/arguments/DimensionArgument.java,logic,pending,
commands/arguments/EntityAnchorArgument.java,logic,pending,
commands/arguments/EntityArgument.java,logic,pending,
commands/arguments/GameModeArgument.java,logic,pending,
commands/arguments/GameProfileArgument.java,logic,pending,
commands/arguments/HeightmapTypeArgument.java,logic,pending,
commands/arguments/HexColorArgument.java,logic,pending,
commands/arguments/IdentifierArgument.java,logic,pending,
commands/arguments/MessageArgument.java,logic,pending,
commands/arguments/NbtPathArgument.java,logic,pending,
commands/arguments/NbtTagArgument.java,logic,pending,
commands/arguments/ObjectiveArgument.java,logic,pending,
commands/arguments/ObjectiveCriteriaArgument.java,logic,pending,
commands/arguments/OperationArgument.java,logic,pending,
commands/arguments/ParticleArgument.java,logic,pending,
commands/arguments/RangeArgument.java,logic,pending,
commands/arguments/ResourceArgument.java,logic,pending,
commands/arguments/ResourceKeyArgument.java,logic,pending,
commands/arguments/ResourceOrIdArgument.java,logic,pending,
commands/arguments/ResourceOrTagArgument.java,logic,pending,
commands/arguments/ResourceOrTagKeyArgument.java,logic,pending,
commands/arguments/ResourceSelectorArgument.java,logic,pending,
commands/arguments/ScoreHolderArgument.java,logic,pending,
commands/arguments/ScoreboardSlotArgument.java,logic,pending,
commands/arguments/SignedArgument.java,logic,pending,
commands/arguments/SlotArgument.java,logic,pending,
commands/arguments/SlotsArgument.java,logic,pending,
commands/arguments/StringRepresentableArgument.java,logic,pending,
commands/arguments/StyleArgument.java,logic,pending,
commands/arguments/TeamArgument.java,logic,pending,
commands/arguments/TemplateMirrorArgument.java,logic,pending,
commands/arguments/TemplateRotationArgument.java,logic,pending,
commands/arguments/TimeArgument.java,logic,pending,
commands/arguments/UuidArgument.java,logic,pending,
commands/arguments/WaypointArgument.java,logic,pending,
commands/arguments/blocks/BlockInput.java,logic,pending,
commands/arguments/blocks/BlockPredicateArgument.java,logic,pending,
commands/arguments/blocks/BlockStateArgument.java,logic,pending,
commands/arguments/blocks/BlockStateParser.java,logic,pending,
commands/arguments/blocks/package-info.java,logic,pending,
commands/arguments/coordinates/BlockPosArgument.java,logic,pending,
commands/arguments/coordinates/ColumnPosArgument.java,logic,pending,
commands/arguments/coordinates/Coordinates.java,logic,pending,
commands/arguments/coordinates/LocalCoordinates.java,logic,pending,
commands/arguments/coordinates/RotationArgument.java,logic,pending,
commands/arguments/coordinates/SwizzleArgument.java,logic,pending,
commands/arguments/coordinates/Vec2Argument.java,logic,pending,
commands/arguments/coordinates/Vec3Argument.java,logic,pending,
commands/arguments/coordinates/WorldCoordinate.java,logic,pending,
commands/arguments/coordinates/WorldCoordinates.java,logic,pending,
commands/arguments/coordinates/package-info.java,logic,pending,
commands/arguments/item/ComponentPredicateParser.java,logic,pending,
commands/arguments/item/FunctionArgument.java,logic,pending,
commands/arguments/item/ItemArgument.java,logic,pending,
commands/arguments/item/ItemInput.java,logic,pending,
commands/arguments/item/ItemParser.java,logic,pending,
commands/arguments/item/ItemPredicateArgument.java,logic,pending,
commands/arguments/item/package-info.java,logic,pending,
commands/arguments/package-info.java,logic,pending,
commands/arguments/selector/EntitySelector.java,logic,pending,
commands/arguments/selector/EntitySelectorParser.java,logic,pending,
commands/arguments/selector/options/EntitySelectorOptions.java,logic,pending,
commands/arguments/selector/options/package-info.java,logic,pending,
commands/arguments/selector/package-info.java,logic,pending,
commands/execution/ChainModifiers.java,logic,pending,
commands/execution/CommandQueueEntry.java,logic,pending,
commands/execution/CustomCommandExecutor.java,logic,pending,
commands/execution/CustomModifierExecutor.java,logic,pending,
commands/execution/EntryAction.java,logic,pending,
commands/execution/ExecutionContext.java,logic,pending,
commands/execution/ExecutionControl.java,logic,pending,
commands/execution/Frame.java,logic,pending,
commands/execution/TraceCallbacks.java,logic,pending,
commands/execution/UnboundEntryAction.java,logic,pending,
commands/execution/package-info.java,logic,pending,
commands/execution/tasks/BuildContexts.java,logic,pending,
commands/execution/tasks/CallFunction.java,logic,pending,
commands/execution/tasks/ContinuationTask.java,logic,pending,
commands/execution/tasks/ExecuteCommand.java,logic,pending,
commands/execution/tasks/FallthroughTask.java,logic,pending,
commands/execution/tasks/IsolatedCall.java,logic,pending,
commands/execution/tasks/package-info.java,logic,pending,
commands/functions/CommandFunction.java,logic,pending,
commands/functions/FunctionBuilder.java,logic,pending,
commands/functions/InstantiatedFunction.java,logic,pending,
commands/functions/MacroFunction.java,logic,pending,
commands/functions/PlainTextFunction.java,logic,pending,
commands/functions/StringTemplate.java,logic,pending,
commands/functions/package-info.java,logic,pending,
commands/package-info.java,logic,pending,
commands/synchronization/ArgumentTypeInfo.java,logic,pending,
commands/synchronization/ArgumentTypeInfos.java,logic,pending,
commands/synchronization/ArgumentUtils.java,logic,pending,
commands/synchronization/SingletonArgumentInfo.java,logic,pending,
commands/synchronization/SuggestionProviders.java,logic,pending,
commands/synchronization/brigadier/DoubleArgumentInfo.java,logic,pending,
commands/synchronization/brigadier/FloatArgumentInfo.java,logic,pending,
commands/synchronization/brigadier/IntegerArgumentInfo.java,logic,pending,
commands/synchronization/brigadier/LongArgumentInfo.java,logic,pending,
commands/synchronization/brigadier/StringArgumentSerializer.java,logic,pending,
commands/synchronization/brigadier/package-info.java,logic,pending,
commands/synchronization/package-info.java,logic,pending,
core/AxisCycle.java,logic,pending,
core/BlockBox.java,logic,pending,
core/BlockMath.java,logic,pending,
core/BlockPos.java,logic,pending,
core/ClientAsset.java,logic,pending,
core/Cloner.java,logic,pending,
core/Cursor3D.java,logic,pending,
core/DefaultedMappedRegistry.java,logic,pending,
core/DefaultedRegistry.java,logic,pending,
core/Direction.java,logic,pending,
core/Direction8.java,logic,pending,
core/FrontAndTop.java,logic,pending,
core/GlobalPos.java,logic,pending,
core/Holder.java,logic,pending,
core/HolderGetter.java,logic,pending,
core/HolderLookup.java,logic,pending,
core/HolderOwner.java,logic,pending,
core/HolderSet.java,logic,pending,
core/IdMap.java,logic,pending,
core/IdMapper.java,logic,pending,
core/LayeredRegistryAccess.java,logic,pending,
core/MappedRegistry.java,logic,pending,
core/NonNullList.java,logic,pending,
core/Position.java,logic,pending,
core/QuartPos.java,logic,pending,
core/RegistrationInfo.java,logic,pending,
core/Registry.java,logic,pending,
core/RegistryAccess.java,logic,pending,
core/RegistryCodecs.java,logic,pending,
core/RegistrySetBuilder.java,logic,pending,
core/RegistrySynchronization.java,logic,pending,
core/Rotations.java,logic,pending,
core/SectionPos.java,logic,pending,
core/TypedInstance.java,logic,pending,
core/UUIDUtil.java,logic,pending,
core/Vec3i.java,logic,pending,
core/WritableRegistry.java,logic,pending,
core/cauldron/CauldronInteraction.java,logic,pending,
core/cauldron/CauldronInteractions.java,logic,pending,
core/cauldron/package-info.java,logic,pending,
core/component/DataComponentExactPredicate.java,logic,pending,
core/component/DataComponentGetter.java,logic,pending,
core/component/DataComponentHolder.java,logic,pending,
core/component/DataComponentInitializers.java,logic,pending,
core/component/DataComponentLookup.java,logic,pending,
core/component/DataComponentMap.java,logic,pending,
core/component/DataComponentPatch.java,logic,pending,
core/component/DataComponentType.java,logic,pending,
core/component/DataComponents.java,logic,pending,
core/component/PatchedDataComponentMap.java,logic,pending,
core/component/TypedDataComponent.java,logic,pending,
core/component/package-info.java,logic,pending,
core/component/predicates/AnyValue.java,logic,pending,
core/component/predicates/AttributeModifiersPredicate.java,logic,pending,
core/component/predicates/BundlePredicate.java,logic,pending,
core/component/predicates/ContainerPredicate.java,logic,pending,
core/component/predicates/CustomDataPredicate.java,logic,pending,
core/component/predicates/DamagePredicate.java,logic,pending,
core/component/predicates/DataComponentPredicate.java,logic,pending,
core/component/predicates/DataComponentPredicates.java,logic,pending,
core/component/predicates/EnchantmentsPredicate.java,logic,pending,
core/component/predicates/FireworkExplosionPredicate.java,logic,pending,
core/component/predicates/FireworksPredicate.java,logic,pending,
core/component/predicates/JukeboxPlayablePredicate.java,logic,pending,
core/component/predicates/PotionsPredicate.java,logic,pending,
core/component/predicates/TrimPredicate.java,logic,pending,
core/component/predicates/VillagerTypePredicate.java,logic,pending,
core/component/predicates/WritableBookPredicate.java,logic,pending,
core/component/predicates/WrittenBookPredicate.java,logic,pending,
core/component/predicates/package-info.java,logic,pending,
core/dispenser/BlockSource.java,logic,pending,
core/dispenser/BoatDispenseItemBehavior.java,logic,pending,
core/dispenser/DefaultDispenseItemBehavior.java,logic,pending,
core/dispenser/DispenseItemBehavior.java,logic,pending,
core/dispenser/EquipmentDispenseItemBehavior.java,logic,pending,
core/dispenser/MinecartDispenseItemBehavior.java,logic,pending,
core/dispenser/OptionalDispenseItemBehavior.java,logic,pending,
core/dispenser/ProjectileDispenseBehavior.java,logic,pending,
core/dispenser/ShearsDispenseItemBehavior.java,logic,pending,
core/dispenser/ShulkerBoxDispenseBehavior.java,logic,pending,
core/dispenser/SpawnEggItemBehavior.java,logic,pending,
core/dispenser/package-info.java,logic,pending,
core/package-info.java,logic,pending,
core/particles/BlockParticleOption.java,logic,pending,
core/particles/ColorParticleOption.java,logic,pending,
core/particles/DustColorTransitionOptions.java,logic,pending,
core/particles/DustParticleOptions.java,logic,pending,
core/particles/ExplosionParticleInfo.java,logic,pending,
core/particles/ItemParticleOption.java,logic,pending,
core/particles/ParticleLimit.java,logic,pending,
core/particles/ParticleOptions.java,logic,pending,
core/particles/ParticleType.java,logic,pending,
core/particles/ParticleTypes.java,logic,pending,
core/particles/PowerParticleOption.java,logic,pending,
core/particles/ScalableParticleOptionsBase.java,logic,pending,
core/particles/SculkChargeParticleOptions.java,logic,pending,
core/particles/ShriekParticleOption.java,logic,pending,
core/particles/SimpleParticleType.java,logic,pending,
core/particles/SpellParticleOption.java,logic,pending,
core/particles/TrailParticleOption.java,logic,pending,
core/particles/VibrationParticleOption.java,logic,pending,
core/particles/package-info.java,logic,pending,
core/registries/BuiltInRegistries.java,logic,pending,
core/registries/ConcurrentHolderGetter.java,logic,pending,
core/registries/Registries.java,logic,pending,
core/registries/package-info.java,logic,pending,
data/AtlasIds.java,logic,pending,
data/BlockFamilies.java,logic,pending,
data/BlockFamily.java,logic,pending,
data/CachedOutput.java,logic,pending,
data/DataGenerator.java,logic,pending,
data/DataProvider.java,logic,pending,
data/HashCache.java,logic,pending,
data/Main.java,logic,pending,
data/PackOutput.java,logic,pending,
data/advancements/AdvancementProvider.java,logic,pending,
data/advancements/AdvancementSubProvider.java,logic,pending,
data/advancements/package-info.java,logic,pending,
data/advancements/packs/VanillaAdvancementProvider.java,logic,pending,
data/advancements/packs/VanillaAdventureAdvancements.java,logic,pending,
data/advancements/packs/VanillaHusbandryAdvancements.java,logic,pending,
data/advancements/packs/VanillaNetherAdvancements.java,logic,pending,
data/advancements/packs/VanillaStoryAdvancements.java,logic,pending,
data/advancements/packs/VanillaTheEndAdvancements.java,logic,pending,
data/advancements/packs/package-info.java,logic,pending,
data/info/BiomeParametersDumpReport.java,logic,pending,
data/info/BlockListReport.java,logic,pending,
data/info/CommandsReport.java,logic,pending,
data/info/DatapackStructureReport.java,logic,pending,
data/info/PacketReport.java,logic,pending,
data/info/RegistryComponentsReport.java,logic,pending,
data/info/RegistryDumpReport.java,logic,pending,
data/info/package-info.java,logic,pending,
data/loot/BlockLootSubProvider.java,logic,pending,
data/loot/EntityLootSubProvider.java,logic,pending,
data/loot/LootTableProvider.java,logic,pending,
data/loot/LootTableSubProvider.java,logic,pending,
data/loot/package-info.java,logic,pending,
data/loot/packs/LootData.java,logic,pending,
data/loot/packs/TradeRebalanceChestLoot.java,logic,pending,
data/loot/packs/TradeRebalanceLootTableProvider.java,logic,pending,
data/loot/packs/VanillaArchaeologyLoot.java,logic,pending,
data/loot/packs/VanillaBlockInteractLoot.java,logic,pending,
data/loot/packs/VanillaBlockLoot.java,logic,pending,
data/loot/packs/VanillaChargedCreeperExplosionLoot.java,logic,pending,
data/loot/packs/VanillaChestLoot.java,logic,pending,
data/loot/packs/VanillaEntityInteractLoot.java,logic,pending,
data/loot/packs/VanillaEntityLoot.java,logic,pending,
data/loot/packs/VanillaEquipmentLoot.java,logic,pending,
data/loot/packs/VanillaFishingLoot.java,logic,pending,
data/loot/packs/VanillaGiftLoot.java,logic,pending,
data/loot/packs/VanillaLootTableProvider.java,logic,pending,
data/loot/packs/VanillaPiglinBarterLoot.java,logic,pending,
data/loot/packs/VanillaShearingLoot.java,logic,pending,
data/loot/packs/package-info.java,logic,pending,
data/metadata/PackMetadataGenerator.java,logic,pending,
data/metadata/package-info.java,logic,pending,
data/package-info.java,logic,pending,
data/recipes/CustomCraftingRecipeBuilder.java,logic,pending,
data/recipes/RecipeBuilder.java,logic,pending,
data/recipes/RecipeCategory.java,logic,pending,
data/recipes/RecipeOutput.java,logic,pending,
data/recipes/RecipeProvider.java,logic,pending,
data/recipes/RecipeUnlockAdvancementBuilder.java,logic,pending,
data/recipes/ShapedRecipeBuilder.java,logic,pending,
data/recipes/ShapelessRecipeBuilder.java,logic,pending,
data/recipes/SimpleCookingRecipeBuilder.java,logic,pending,
data/recipes/SingleItemRecipeBuilder.java,logic,pending,
data/recipes/SmithingTransformRecipeBuilder.java,logic,pending,
data/recipes/SmithingTrimRecipeBuilder.java,logic,pending,
data/recipes/SpecialRecipeBuilder.java,logic,pending,
data/recipes/TransmuteRecipeBuilder.java,logic,pending,
data/recipes/package-info.java,logic,pending,
data/recipes/packs/VanillaRecipeProvider.java,logic,pending,
data/recipes/packs/package-info.java,logic,pending,
data/registries/RegistriesDatapackGenerator.java,logic,pending,
data/registries/RegistryPatchGenerator.java,logic,pending,
data/registries/TradeRebalanceRegistries.java,logic,pending,
data/registries/VanillaRegistries.java,logic,pending,
data/registries/package-info.java,logic,pending,
data/structures/NbtToSnbt.java,logic,pending,
data/structures/SnbtDatafixer.java,logic,pending,
data/structures/SnbtToNbt.java,logic,pending,
data/structures/StructureUpdater.java,logic,pending,
data/structures/package-info.java,logic,pending,
data/tags/BannerPatternTagsProvider.java,logic,pending,
data/tags/BiomeTagsProvider.java,logic,pending,
data/tags/BlockItemTagsProvider.java,logic,pending,
data/tags/DamageTypeTagsProvider.java,logic,pending,
data/tags/DialogTagsProvider.java,logic,pending,
data/tags/EnchantmentTagsProvider.java,logic,pending,
data/tags/EntityTypeTagsProvider.java,logic,pending,
data/tags/FeatureTagsProvider.java,logic,pending,
data/tags/FlatLevelGeneratorPresetTagsProvider.java,logic,pending,
data/tags/FluidTagsProvider.java,logic,pending,
data/tags/GameEventTagsProvider.java,logic,pending,
data/tags/HolderTagProvider.java,logic,pending,
data/tags/InstrumentTagsProvider.java,logic,pending,
data/tags/IntrinsicHolderTagsProvider.java,logic,pending,
data/tags/KeyTagProvider.java,logic,pending,
data/tags/PaintingVariantTagsProvider.java,logic,pending,
data/tags/PoiTypeTagsProvider.java,logic,pending,
data/tags/PotionTagsProvider.java,logic,pending,
data/tags/StructureTagsProvider.java,logic,pending,
data/tags/TagAppender.java,logic,pending,
data/tags/TagsProvider.java,logic,pending,
data/tags/TimelineTagsProvider.java,logic,pending,
data/tags/TradeRebalanceEnchantmentTagsProvider.java,logic,pending,
data/tags/TradeRebalanceTradeTagsProvider.java,logic,pending,
data/tags/VanillaBlockTagsProvider.java,logic,pending,
data/tags/VanillaEnchantmentTagsProvider.java,logic,pending,
data/tags/VanillaItemTagsProvider.java,logic,pending,
data/tags/VillagerTradesTagsProvider.java,logic,pending,
data/tags/WorldPresetTagsProvider.java,logic,pending,
data/tags/package-info.java,logic,pending,
data/worldgen/AncientCityStructurePieces.java,logic,pending,
data/worldgen/AncientCityStructurePools.java,logic,pending,
data/worldgen/BastionBridgePools.java,logic,pending,
data/worldgen/BastionHoglinStablePools.java,logic,pending,
data/worldgen/BastionHousingUnitsPools.java,logic,pending,
data/worldgen/BastionPieces.java,logic,pending,
data/worldgen/BastionSharedPools.java,logic,pending,
data/worldgen/BastionTreasureRoomPools.java,logic,pending,
data/worldgen/BiomeDefaultFeatures.java,logic,pending,
data/worldgen/BootstrapContext.java,logic,pending,
data/worldgen/Carvers.java,logic,pending,
data/worldgen/DesertVillagePools.java,logic,pending,
data/worldgen/DimensionTypes.java,logic,pending,
data/worldgen/NoiseData.java,logic,pending,
data/worldgen/PillagerOutpostPools.java,logic,pending,
data/worldgen/PlainVillagePools.java,logic,pending,
data/worldgen/Pools.java,logic,pending,
data/worldgen/ProcessorLists.java,logic,pending,
data/worldgen/SavannaVillagePools.java,logic,pending,
data/worldgen/SnowyVillagePools.java,logic,pending,
data/worldgen/StructureSets.java,logic,pending,
data/worldgen/Structures.java,logic,pending,
data/worldgen/SurfaceRuleData.java,logic,pending,
data/worldgen/TaigaVillagePools.java,logic,pending,
data/worldgen/TerrainProvider.java,logic,pending,
data/worldgen/TrailRuinsStructurePools.java,logic,pending,
data/worldgen/TrialChambersStructurePools.java,logic,pending,
data/worldgen/VillagePools.java,logic,pending,
data/worldgen/biome/BiomeData.java,logic,pending,
data/worldgen/biome/EndBiomes.java,logic,pending,
data/worldgen/biome/NetherBiomes.java,logic,pending,
data/worldgen/biome/OverworldBiomes.java,logic,pending,
data/worldgen/biome/package-info.java,logic,pending,
data/worldgen/features/AquaticFeatures.java,logic,pending,
data/worldgen/features/CaveFeatures.java,logic,pending,
data/worldgen/features/EndFeatures.java,logic,pending,
data/worldgen/features/FeatureUtils.java,logic,pending,
data/worldgen/features/MiscOverworldFeatures.java,logic,pending,
data/worldgen/features/NetherFeatures.java,logic,pending,
data/worldgen/features/OreFeatures.java,logic,pending,
data/worldgen/features/PileFeatures.java,logic,pending,
data/worldgen/features/TreeFeatures.java,logic,pending,
data/worldgen/features/VegetationFeatures.java,logic,pending,
data/worldgen/features/package-info.java,logic,pending,
data/worldgen/package-info.java,logic,pending,
data/worldgen/placement/AquaticPlacements.java,logic,pending,
data/worldgen/placement/CavePlacements.java,logic,pending,
data/worldgen/placement/EndPlacements.java,logic,pending,
data/worldgen/placement/MiscOverworldPlacements.java,logic,pending,
data/worldgen/placement/NetherPlacements.java,logic,pending,
data/worldgen/placement/OrePlacements.java,logic,pending,
data/worldgen/placement/PlacementUtils.java,logic,pending,
data/worldgen/placement/TreePlacements.java,logic,pending,
data/worldgen/placement/VegetationPlacements.java,logic,pending,
data/worldgen/placement/VillagePlacements.java,logic,pending,
data/worldgen/placement/package-info.java,logic,pending,
gametest/Main.java,logic,pending,
gametest/framework/BlockBasedTestInstance.java,logic,pending,
gametest/framework/BuiltinTestFunctions.java,logic,pending,
gametest/framework/ExhaustedAttemptsException.java,logic,pending,
gametest/framework/FailedTestTracker.java,logic,pending,
gametest/framework/FunctionGameTestInstance.java,logic,pending,
gametest/framework/GameTestAssertException.java,logic,pending,
gametest/framework/GameTestAssertPosException.java,logic,pending,
gametest/framework/GameTestBatch.java,logic,pending,
gametest/framework/GameTestBatchFactory.java,logic,pending,
gametest/framework/GameTestBatchListener.java,logic,pending,
gametest/framework/GameTestEnvironments.java,logic,pending,
gametest/framework/GameTestEvent.java,logic,pending,
gametest/framework/GameTestException.java,logic,pending,
gametest/framework/GameTestHelper.java,logic,pending,
gametest/framework/GameTestInfo.java,logic,pending,
gametest/framework/GameTestInstance.java,logic,pending,
gametest/framework/GameTestInstances.java,logic,pending,
gametest/framework/GameTestListener.java,logic,pending,
gametest/framework/GameTestMainUtil.java,logic,pending,
gametest/framework/GameTestRunner.java,logic,pending,
gametest/framework/GameTestSequence.java,logic,pending,
gametest/framework/GameTestServer.java,logic,pending,
gametest/framework/GameTestTicker.java,logic,pending,
gametest/framework/GameTestTimeoutException.java,logic,pending,
gametest/framework/GeneratedTest.java,logic,pending,
gametest/framework/GlobalTestReporter.java,logic,pending,
gametest/framework/JUnitLikeTestReporter.java,logic,pending,
gametest/framework/LogTestReporter.java,logic,pending,
gametest/framework/MultipleTestTracker.java,logic,pending,
gametest/framework/ReportGameListener.java,logic,pending,
gametest/framework/RetryOptions.java,logic,pending,
gametest/framework/StructureGridSpawner.java,logic,pending,
gametest/framework/StructureUtils.java,logic,pending,
gametest/framework/TestCommand.java,logic,pending,
gametest/framework/TestData.java,logic,pending,
gametest/framework/TestEnvironmentDefinition.java,logic,pending,
gametest/framework/TestFinder.java,logic,pending,
gametest/framework/TestFunctionLoader.java,logic,pending,
gametest/framework/TestInstanceFinder.java,logic,pending,
gametest/framework/TestPosFinder.java,logic,pending,
gametest/framework/TestReporter.java,logic,pending,
gametest/framework/UnknownGameTestException.java,logic,pending,
gametest/framework/package-info.java,logic,pending,
gametest/package-info.java,logic,pending,
gizmos/ArrowGizmo.java,logic,pending,
gizmos/CircleGizmo.java,logic,pending,
gizmos/CuboidGizmo.java,logic,pending,
gizmos/Gizmo.java,logic,pending,
gizmos/GizmoCollector.java,logic,pending,
gizmos/GizmoPrimitives.java,logic,pending,
gizmos/GizmoProperties.java,logic,pending,
gizmos/GizmoStyle.java,logic,pending,
gizmos/Gizmos.java,logic,pending,
gizmos/LineGizmo.java,logic,pending,
gizmos/PointGizmo.java,logic,pending,
gizmos/RectGizmo.java,logic,pending,
gizmos/SimpleGizmoCollector.java,logic,pending,
gizmos/TextGizmo.java,logic,pending,
gizmos/package-info.java,logic,pending,
locale/DeprecatedTranslationsInfo.java,logic,pending,
locale/Language.java,logic,pending,
locale/package-info.java,logic,pending,
nbt/ByteArrayTag.java,logic,pending,
nbt/ByteTag.java,logic,pending,
nbt/CollectionTag.java,logic,pending,
nbt/CompoundTag.java,logic,pending,
nbt/DoubleTag.java,logic,pending,
nbt/EndTag.java,logic,pending,
nbt/FloatTag.java,logic,pending,
nbt/IntArrayTag.java,logic,pending,
nbt/IntTag.java,logic,pending,
nbt/ListTag.java,logic,pending,
nbt/LongArrayTag.java,logic,pending,
nbt/LongTag.java,logic,pending,
nbt/NbtAccounter.java,logic,pending,
nbt/NbtAccounterException.java,logic,pending,
nbt/NbtException.java,logic,pending,
nbt/NbtFormatException.java,logic,pending,
nbt/NbtIo.java,logic,pending,
nbt/NbtOps.java,logic,pending,
nbt/NbtUtils.java,logic,pending,
nbt/NumericTag.java,logic,pending,
nbt/PrimitiveTag.java,logic,pending,
nbt/ReportedNbtException.java,logic,pending,
nbt/ShortTag.java,logic,pending,
nbt/SnbtGrammar.java,logic,pending,
nbt/SnbtOperations.java,logic,pending,
nbt/SnbtPrinterTagVisitor.java,logic,pending,
nbt/StreamTagVisitor.java,logic,pending,
nbt/StringTag.java,logic,pending,
nbt/StringTagVisitor.java,logic,pending,
nbt/Tag.java,logic,pending,
nbt/TagParser.java,logic,pending,
nbt/TagType.java,logic,pending,
nbt/TagTypes.java,logic,pending,
nbt/TagVisitor.java,logic,pending,
nbt/TextComponentTagVisitor.java,logic,pending,
nbt/package-info.java,logic,pending,
nbt/visitors/CollectFields.java,logic,pending,
nbt/visitors/CollectToTag.java,logic,pending,
nbt/visitors/FieldSelector.java,logic,pending,
nbt/visitors/FieldTree.java,logic,pending,
nbt/visitors/SkipAll.java,logic,pending,
nbt/visitors/SkipFields.java,logic,pending,
nbt/visitors/package-info.java,logic,pending,
package-info.java,logic,pending,
realms/RealmsConnect.java,logic,pending,
realms/RealmsScreen.java,logic,pending,
realms/RepeatedNarrator.java,logic,pending,
realms/package-info.java,logic,pending,
recipebook/PlaceRecipeHelper.java,logic,pending,
recipebook/ServerPlaceRecipe.java,logic,pending,
recipebook/package-info.java,logic,pending,
references/BlockIds.java,logic,pending,
references/ItemIds.java,logic,pending,
references/package-info.java,logic,pending,
sounds/Music.java,logic,pending,
sounds/Musics.java,logic,pending,
sounds/SoundEvent.java,logic,pending,
sounds/SoundEvents.java,logic,pending,
sounds/SoundSource.java,logic,pending,
sounds/package-info.java,logic,pending,
tags/BannerPatternTags.java,logic,pending,
tags/BiomeTags.java,logic,pending,
tags/BlockTags.java,logic,pending,
tags/DamageTypeTags.java,logic,pending,
tags/DialogTags.java,logic,pending,
tags/EnchantmentTags.java,logic,pending,
tags/EntityTypeTags.java,logic,pending,
tags/FeatureTags.java,logic,pending,
tags/FlatLevelGeneratorPresetTags.java,logic,pending,
tags/FluidTags.java,logic,pending,
tags/GameEventTags.java,logic,pending,
tags/InstrumentTags.java,logic,pending,
tags/ItemTags.java,logic,pending,
tags/PaintingVariantTags.java,logic,pending,
tags/PoiTypeTags.java,logic,pending,
tags/PotionTags.java,logic,pending,
tags/StructureTags.java,logic,pending,
tags/TagBuilder.java,logic,pending,
tags/TagEntry.java,logic,pending,
tags/TagFile.java,logic,pending,
tags/TagKey.java,logic,pending,
tags/TagLoader.java,logic,pending,
tags/TagNetworkSerialization.java,logic,pending,
tags/TimelineTags.java,logic,pending,
tags/VillagerTradeTags.java,logic,pending,
tags/WorldPresetTags.java,logic,pending,
tags/package-info.java,logic,pending,
util/ARGB.java,logic,pending,
util/AbortableIterationConsumer.java,logic,pending,
util/AbstractListBuilder.java,logic,pending,
util/ArrayListDeque.java,logic,pending,
util/BinaryAnimator.java,logic,pending,
util/BitStorage.java,logic,pending,
util/BlockUtil.java,logic,pending,
util/BoundedFloatFunction.java,logic,pending,
util/Brightness.java,logic,pending,
util/ByIdMap.java,logic,pending,
util/ClassInstanceMultiMap.java,logic,pending,
util/ClassTreeIdRegistry.java,logic,pending,
util/ColorRGBA.java,logic,pending,
util/CommonColors.java,logic,pending,
util/CommonLinks.java,logic,pending,
util/CompilableString.java,logic,pending,
util/CrudeIncrementalIntIdentityHashBiMap.java,logic,pending,
util/Crypt.java,logic,pending,
util/CryptException.java,logic,pending,
util/CsvOutput.java,logic,pending,
util/CubicSpline.java,logic,pending,
util/DelegateDataOutput.java,logic,pending,
util/DependencySorter.java,logic,pending,
util/DirectoryLock.java,logic,pending,
util/DummyFileAttributes.java,logic,pending,
util/Ease.java,logic,pending,
util/EasingType.java,logic,pending,
util/EncoderCache.java,logic,pending,
util/ExceptionCollector.java,logic,pending,
util/ExtraCodecs.java,logic,pending,
util/FastBufferedInputStream.java,logic,pending,
util/FileSystemUtil.java,logic,pending,
util/FileUtil.java,logic,pending,
util/FileZipper.java,logic,pending,
util/FormattedCharSequence.java,logic,pending,
util/FormattedCharSink.java,logic,pending,
util/FutureChain.java,logic,pending,
util/Graph.java,logic,pending,
util/GsonHelper.java,logic,pending,
util/HashOps.java,logic,pending,
util/HttpUtil.java,logic,pending,
util/IdentifierPattern.java,logic,pending,
util/InclusiveRange.java,logic,pending,
util/KeyDispatchDataCodec.java,logic,pending,
util/Keyframe.java,logic,pending,
util/KeyframeTrack.java,logic,pending,
util/KeyframeTrackSampler.java,logic,pending,
util/LenientJsonParser.java,logic,pending,
util/LightCoordsUtil.java,logic,pending,
util/LinearCongruentialGenerator.java,logic,pending,
util/ListAndDeque.java,logic,pending,
util/MemoryReserve.java,logic,pending,
util/ModCheck.java,logic,pending,
util/Mth.java,logic,pending,
util/NativeModuleLister.java,logic,pending,
util/NullOps.java,logic,pending,
util/ParticleUtils.java,logic,pending,
util/PlaceholderLookupProvider.java,logic,pending,
util/PngInfo.java,logic,pending,
util/ProblemReporter.java,logic,pending,
util/ProgressListener.java,logic,pending,
util/RandomSource.java,logic,pending,
util/RegistryContextSwapper.java,logic,pending,
util/SegmentedAnglePrecision.java,logic,pending,
util/SequencedPriorityIterator.java,logic,pending,
util/SignatureUpdater.java,logic,pending,
util/SignatureValidator.java,logic,pending,
util/Signer.java,logic,pending,
util/SimpleBitStorage.java,logic,pending,
util/SingleKeyCache.java,logic,pending,
util/SmoothDouble.java,logic,pending,
util/SortedArraySet.java,logic,pending,
util/SpawnUtil.java,logic,pending,
util/SpecialDates.java,logic,pending,
util/StaticCache2D.java,logic,pending,
util/StrictJsonParser.java,logic,pending,
util/StringDecomposer.java,logic,pending,
util/StringRepresentable.java,logic,pending,
util/StringUtil.java,logic,pending,
util/TaskChainer.java,logic,pending,
util/ThreadingDetector.java,logic,pending,
util/TickThrottler.java,logic,pending,
util/TimeSource.java,logic,pending,
util/TimeUtil.java,logic,pending,
util/ToFloatFunction.java,logic,pending,
util/TriState.java,logic,pending,
util/Tuple.java,logic,pending,
util/Unit.java,logic,pending,
util/Util.java,logic,pending,
util/VisibleForDebug.java,logic,pending,
util/ZeroBitStorage.java,logic,pending,
util/context/ContextKey.java,logic,pending,
util/context/ContextKeySet.java,logic,pending,
util/context/ContextMap.java,logic,pending,
util/context/package-info.java,logic,pending,
util/datafix/DataFixTypes.java,logic,pending,
util/datafix/DataFixers.java,logic,pending,
util/datafix/ExtraDataFixUtils.java,logic,pending,
util/datafix/LegacyComponentDataFixUtils.java,logic,pending,
util/datafix/PackedBitStorage.java,logic,pending,
util/datafix/fixes/AbstractArrowPickupFix.java,logic,pending,
util/datafix/fixes/AbstractBlockPropertyFix.java,logic,pending,
util/datafix/fixes/AbstractPoiSectionFix.java,logic,pending,
util/datafix/fixes/AbstractUUIDFix.java,logic,pending,
util/datafix/fixes/AddFieldFix.java,logic,pending,
util/datafix/fixes/AddFlagIfNotPresentFix.java,logic,pending,
util/datafix/fixes/AddNewChoices.java,logic,pending,
util/datafix/fixes/AdvancementsFix.java,logic,pending,
util/datafix/fixes/AdvancementsRenameFix.java,logic,pending,
util/datafix/fixes/AreaEffectCloudDurationScaleFix.java,logic,pending,
util/datafix/fixes/AreaEffectCloudPotionFix.java,logic,pending,
util/datafix/fixes/AttributeIdPrefixFix.java,logic,pending,
util/datafix/fixes/AttributeModifierIdFix.java,logic,pending,
util/datafix/fixes/AttributesRenameFix.java,logic,pending,
util/datafix/fixes/AttributesRenameLegacy.java,logic,pending,
util/datafix/fixes/BannerEntityCustomNameToOverrideComponentFix.java,logic,pending,
util/datafix/fixes/BannerPatternFormatFix.java,logic,pending,
util/datafix/fixes/BedItemColorFix.java,logic,pending,
util/datafix/fixes/BeehiveFieldRenameFix.java,logic,pending,
util/datafix/fixes/BiomeFix.java,logic,pending,
util/datafix/fixes/BitStorageAlignFix.java,logic,pending,
util/datafix/fixes/BlendingDataFix.java,logic,pending,
util/datafix/fixes/BlendingDataRemoveFromNetherEndFix.java,logic,pending,
util/datafix/fixes/BlockEntityBannerColorFix.java,logic,pending,
util/datafix/fixes/BlockEntityBlockStateFix.java,logic,pending,
util/datafix/fixes/BlockEntityCustomNameToComponentFix.java,logic,pending,
util/datafix/fixes/BlockEntityFurnaceBurnTimeFix.java,logic,pending,
util/datafix/fixes/BlockEntityIdFix.java,logic,pending,
util/datafix/fixes/BlockEntityJukeboxFix.java,logic,pending,
util/datafix/fixes/BlockEntityKeepPacked.java,logic,pending,
util/datafix/fixes/BlockEntityRenameFix.java,logic,pending,
util/datafix/fixes/BlockEntityShulkerBoxColorFix.java,logic,pending,
util/datafix/fixes/BlockEntitySignDoubleSidedEditableTextFix.java,logic,pending,
util/datafix/fixes/BlockEntityUUIDFix.java,logic,pending,
util/datafix/fixes/BlockNameFlatteningFix.java,logic,pending,
util/datafix/fixes/BlockPosFormatAndRenamesFix.java,logic,pending,
util/datafix/fixes/BlockPropertyRenameAndFix.java,logic,pending,
util/datafix/fixes/BlockRenameFix.java,logic,pending,
util/datafix/fixes/BlockStateData.java,logic,pending,
util/datafix/fixes/BlockStateStructureTemplateFix.java,logic,pending,
util/datafix/fixes/BoatSplitFix.java,logic,pending,
util/datafix/fixes/CarvingStepRemoveFix.java,logic,pending,
util/datafix/fixes/CatTypeFix.java,logic,pending,
util/datafix/fixes/CauldronRenameFix.java,logic,pending,
util/datafix/fixes/CavesAndCliffsRenames.java,logic,pending,
util/datafix/fixes/ChestedHorsesInventoryZeroIndexingFix.java,logic,pending,
util/datafix/fixes/ChunkBedBlockEntityInjecterFix.java,logic,pending,
util/datafix/fixes/ChunkBiomeFix.java,logic,pending,
util/datafix/fixes/ChunkDeleteIgnoredLightDataFix.java,logic,pending,
util/datafix/fixes/ChunkDeleteLightFix.java,logic,pending,
util/datafix/fixes/ChunkHeightAndBiomeFix.java,logic,pending,
util/datafix/fixes/ChunkLightRemoveFix.java,logic,pending,
util/datafix/fixes/ChunkPalettedStorageFix.java,logic,pending,
util/datafix/fixes/ChunkProtoTickListFix.java,logic,pending,
util/datafix/fixes/ChunkRenamesFix.java,logic,pending,
util/datafix/fixes/ChunkStatusFix.java,logic,pending,
util/datafix/fixes/ChunkStatusFix2.java,logic,pending,
util/datafix/fixes/ChunkStructuresTemplateRenameFix.java,logic,pending,
util/datafix/fixes/ChunkTicketUnpackPosFix.java,logic,pending,
util/datafix/fixes/ChunkToProtochunkFix.java,logic,pending,
util/datafix/fixes/ColorlessShulkerEntityFix.java,logic,pending,
util/datafix/fixes/ContainerBlockEntityLockPredicateFix.java,logic,pending,
util/datafix/fixes/CopperGolemWeatherStateFix.java,logic,pending,
util/datafix/fixes/CriteriaRenameFix.java,logic,pending,
util/datafix/fixes/CustomModelDataExpandFix.java,logic,pending,
util/datafix/fixes/DataComponentRemainderFix.java,logic,pending,
util/datafix/fixes/DayTimeToClockFix.java,logic,pending,
util/datafix/fixes/DebugProfileLookingAtSplitFix.java,logic,pending,
util/datafix/fixes/DebugProfileOverlayReferenceFix.java,logic,pending,
util/datafix/fixes/DecoratedPotFieldRenameFix.java,logic,pending,
util/datafix/fixes/DropChancesFormatFix.java,logic,pending,
util/datafix/fixes/DropInvalidSignDataFix.java,logic,pending,
util/datafix/fixes/DyeItemRenameFix.java,logic,pending,
util/datafix/fixes/EffectDurationFix.java,logic,pending,
util/datafix/fixes/EmptyItemInHotbarFix.java,logic,pending,
util/datafix/fixes/EmptyItemInVillagerTradeFix.java,logic,pending,
util/datafix/fixes/EntityArmorStandSilentFix.java,logic,pending,
util/datafix/fixes/EntityAttributeBaseValueFix.java,logic,pending,
util/datafix/fixes/EntityBlockStateFix.java,logic,pending,
util/datafix/fixes/EntityBrushableBlockFieldsRenameFix.java,logic,pending,
util/datafix/fixes/EntityCatSplitFix.java,logic,pending,
util/datafix/fixes/EntityCodSalmonFix.java,logic,pending,
util/datafix/fixes/EntityCustomNameToComponentFix.java,logic,pending,
util/datafix/fixes/EntityElderGuardianSplitFix.java,logic,pending,
util/datafix/fixes/EntityEquipmentToArmorAndHandFix.java,logic,pending,
util/datafix/fixes/EntityFallDistanceFloatToDoubleFix.java,logic,pending,
util/datafix/fixes/EntityFieldsRenameFix.java,logic,pending,
util/datafix/fixes/EntityGoatMissingStateFix.java,logic,pending,
util/datafix/fixes/EntityHealthFix.java,logic,pending,
util/datafix/fixes/EntityHorseSaddleFix.java,logic,pending,
util/datafix/fixes/EntityHorseSplitFix.java,logic,pending,
util/datafix/fixes/EntityIdFix.java,logic,pending,
util/datafix/fixes/EntityItemFrameDirectionFix.java,logic,pending,
util/datafix/fixes/EntityMinecartIdentifiersFix.java,logic,pending,
util/datafix/fixes/EntityPaintingItemFrameDirectionFix.java,logic,pending,
util/datafix/fixes/EntityPaintingMotiveFix.java,logic,pending,
util/datafix/fixes/EntityProjectileOwnerFix.java,logic,pending,
util/datafix/fixes/EntityPufferfishRenameFix.java,logic,pending,
util/datafix/fixes/EntityRavagerRenameFix.java,logic,pending,
util/datafix/fixes/EntityRedundantChanceTagsFix.java,logic,pending,
util/datafix/fixes/EntityRenameFix.java,logic,pending,
util/datafix/fixes/EntityRidingToPassengersFix.java,logic,pending,
util/datafix/fixes/EntitySalmonSizeFix.java,logic,pending,
util/datafix/fixes/EntityShulkerColorFix.java,logic,pending,
util/datafix/fixes/EntityShulkerRotationFix.java,logic,pending,
util/datafix/fixes/EntitySkeletonSplitFix.java,logic,pending,
util/datafix/fixes/EntitySpawnerItemVariantComponentFix.java,logic,pending,
util/datafix/fixes/EntityStringUuidFix.java,logic,pending,
util/datafix/fixes/EntityTheRenameningFix.java,logic,pending,
util/datafix/fixes/EntityTippedArrowFix.java,logic,pending,
util/datafix/fixes/EntityUUIDFix.java,logic,pending,
util/datafix/fixes/EntityVariantFix.java,logic,pending,
util/datafix/fixes/EntityWolfColorFix.java,logic,pending,
util/datafix/fixes/EntityZombieSplitFix.java,logic,pending,
util/datafix/fixes/EntityZombieVillagerTypeFix.java,logic,pending,
util/datafix/fixes/EntityZombifiedPiglinRenameFix.java,logic,pending,
util/datafix/fixes/EquipmentFormatFix.java,logic,pending,
util/datafix/fixes/EquippableAssetRenameFix.java,logic,pending,
util/datafix/fixes/FeatureFlagRemoveFix.java,logic,pending,
util/datafix/fixes/FilteredBooksFix.java,logic,pending,
util/datafix/fixes/FilteredSignsFix.java,logic,pending,
util/datafix/fixes/FireResistantToDamageResistantComponentFix.java,logic,pending,
util/datafix/fixes/FixProjectileStoredItem.java,logic,pending,
util/datafix/fixes/FixWolfHealth.java,logic,pending,
util/datafix/fixes/FoodToConsumableFix.java,logic,pending,
util/datafix/fixes/ForcePoiRebuild.java,logic,pending,
util/datafix/fixes/ForcedChunkToTicketFix.java,logic,pending,
util/datafix/fixes/FurnaceRecipeFix.java,logic,pending,
util/datafix/fixes/GameRuleRegistryFix.java,logic,pending,
util/datafix/fixes/GoatHornIdFix.java,logic,pending,
util/datafix/fixes/GossipUUIDFix.java,logic,pending,
util/datafix/fixes/HeightmapRenamingFix.java,logic,pending,
util/datafix/fixes/HorseBodyArmorItemFix.java,logic,pending,
util/datafix/fixes/IglooMetadataRemovalFix.java,logic,pending,
util/datafix/fixes/InlineBlockPosFormatFix.java,logic,pending,
util/datafix/fixes/InvalidBlockEntityLockFix.java,logic,pending,
util/datafix/fixes/InvalidLockComponentFix.java,logic,pending,
util/datafix/fixes/ItemBannerColorFix.java,logic,pending,
util/datafix/fixes/ItemCustomNameToComponentFix.java,logic,pending,
util/datafix/fixes/ItemIdFix.java,logic,pending,
util/datafix/fixes/ItemLoreFix.java,logic,pending,
util/datafix/fixes/ItemPotionFix.java,logic,pending,
util/datafix/fixes/ItemRenameFix.java,logic,pending,
util/datafix/fixes/ItemShulkerBoxColorFix.java,logic,pending,
util/datafix/fixes/ItemSpawnEggFix.java,logic,pending,
util/datafix/fixes/ItemStackComponentizationFix.java,logic,pending,
util/datafix/fixes/ItemStackCustomNameToOverrideComponentFix.java,logic,pending,
util/datafix/fixes/ItemStackEnchantmentNamesFix.java,logic,pending,
util/datafix/fixes/ItemStackMapIdFix.java,logic,pending,
util/datafix/fixes/ItemStackSpawnEggFix.java,logic,pending,
util/datafix/fixes/ItemStackTagFix.java,logic,pending,
util/datafix/fixes/ItemStackTagRemainderFix.java,logic,pending,
util/datafix/fixes/ItemStackTheFlatteningFix.java,logic,pending,
util/datafix/fixes/ItemStackUUIDFix.java,logic,pending,
util/datafix/fixes/ItemWaterPotionFix.java,logic,pending,
util/datafix/fixes/JigsawPropertiesFix.java,logic,pending,
util/datafix/fixes/JigsawRotationFix.java,logic,pending,
util/datafix/fixes/JukeboxTicksSinceSongStartedFix.java,logic,pending,
util/datafix/fixes/LeavesFix.java,logic,pending,
util/datafix/fixes/LegacyDimensionIdFix.java,logic,pending,
util/datafix/fixes/LegacyDragonFightFix.java,logic,pending,
util/datafix/fixes/LegacyHoverEventFix.java,logic,pending,
util/datafix/fixes/LegacyWorldBorderFix.java,logic,pending,
util/datafix/fixes/LevelDatDifficultyFix.java,logic,pending,
util/datafix/fixes/LevelDatToSavedDataPreparationFix.java,logic,pending,
util/datafix/fixes/LevelDataGeneratorOptionsFix.java,logic,pending,
util/datafix/fixes/LevelFlatGeneratorInfoFix.java,logic,pending,
util/datafix/fixes/LevelLegacyWorldGenSettingsFix.java,logic,pending,
util/datafix/fixes/LevelUUIDFix.java,logic,pending,
util/datafix/fixes/LockComponentPredicateFix.java,logic,pending,
util/datafix/fixes/LodestoneCompassComponentFix.java,logic,pending,
util/datafix/fixes/MapBannerBlockPosFormatFix.java,logic,pending,
util/datafix/fixes/MapIdFix.java,logic,pending,
util/datafix/fixes/MemoryExpiryDataFix.java,logic,pending,
util/datafix/fixes/MissingDimensionFix.java,logic,pending,
util/datafix/fixes/MobEffectIdFix.java,logic,pending,
util/datafix/fixes/MobSpawnerEntityIdentifiersFix.java,logic,pending,
util/datafix/fixes/NamedEntityConvertUncheckedFix.java,logic,pending,
util/datafix/fixes/NamedEntityFix.java,logic,pending,
util/datafix/fixes/NamedEntityWriteReadFix.java,logic,pending,
util/datafix/fixes/NamespacedTypeRenameFix.java,logic,pending,
util/datafix/fixes/NewVillageFix.java,logic,pending,
util/datafix/fixes/ObjectiveRenderTypeFix.java,logic,pending,
util/datafix/fixes/OminousBannerBlockEntityRenameFix.java,logic,pending,
util/datafix/fixes/OminousBannerRarityFix.java,logic,pending,
util/datafix/fixes/OminousBannerRenameFix.java,logic,pending,
util/datafix/fixes/OptionsAccessibilityOnboardFix.java,logic,pending,
util/datafix/fixes/OptionsAddTextBackgroundFix.java,logic,pending,
util/datafix/fixes/OptionsAmbientOcclusionFix.java,logic,pending,
util/datafix/fixes/OptionsFancyGraphicsToGraphicsModeFix.java,logic,pending,
util/datafix/fixes/OptionsForceVBOFix.java,logic,pending,
util/datafix/fixes/OptionsGraphicsModeSplitFix.java,logic,pending,
util/datafix/fixes/OptionsKeyLwjgl3Fix.java,logic,pending,
util/datafix/fixes/OptionsKeyTranslationFix.java,logic,pending,
util/datafix/fixes/OptionsLowerCaseLanguageFix.java,logic,pending,
util/datafix/fixes/OptionsMenuBlurrinessFix.java,logic,pending,
util/datafix/fixes/OptionsMusicToastFix.java,logic,pending,
util/datafix/fixes/OptionsProgrammerArtFix.java,logic,pending,
util/datafix/fixes/OptionsRenameFieldFix.java,logic,pending,
util/datafix/fixes/OptionsSetGraphicsPresetToCustomFix.java,logic,pending,
util/datafix/fixes/OverreachingTickFix.java,logic,pending,
util/datafix/fixes/ParticleUnflatteningFix.java,logic,pending,
util/datafix/fixes/PlayerEquipmentFix.java,logic,pending,
util/datafix/fixes/PlayerHeadBlockProfileFix.java,logic,pending,
util/datafix/fixes/PlayerRespawnDataFix.java,logic,pending,
util/datafix/fixes/PlayerUUIDFix.java,logic,pending,
util/datafix/fixes/PoiTypeRemoveFix.java,logic,pending,
util/datafix/fixes/PoiTypeRenameFix.java,logic,pending,
util/datafix/fixes/PrimedTntBlockStateFixer.java,logic,pending,
util/datafix/fixes/ProjectileStoredWeaponFix.java,logic,pending,
util/datafix/fixes/RaidRenamesDataFix.java,logic,pending,
util/datafix/fixes/RandomSequenceSettingsFix.java,logic,pending,
util/datafix/fixes/RecipesFix.java,logic,pending,
util/datafix/fixes/RecipesRenameningFix.java,logic,pending,
util/datafix/fixes/RedstoneWireConnectionsFix.java,logic,pending,
util/datafix/fixes/References.java,logic,pending,
util/datafix/fixes/RemapChunkStatusFix.java,logic,pending,
util/datafix/fixes/RemoveBlockEntityTagFix.java,logic,pending,
util/datafix/fixes/RemoveEmptyItemInBrushableBlockFix.java,logic,pending,
util/datafix/fixes/RemoveGolemGossipFix.java,logic,pending,
util/datafix/fixes/RenameEnchantmentsFix.java,logic,pending,
util/datafix/fixes/RenamedCoralFansFix.java,logic,pending,
util/datafix/fixes/RenamedCoralFix.java,logic,pending,
util/datafix/fixes/ReorganizePoi.java,logic,pending,
util/datafix/fixes/SaddleEquipmentSlotFix.java,logic,pending,
util/datafix/fixes/SavedDataFeaturePoolElementFix.java,logic,pending,
util/datafix/fixes/SavedDataUUIDFix.java,logic,pending,
util/datafix/fixes/ScoreboardDisplayNameFix.java,logic,pending,
util/datafix/fixes/ScoreboardDisplaySlotFix.java,logic,pending,
util/datafix/fixes/SignTextStrictJsonFix.java,logic,pending,
util/datafix/fixes/SimpleEntityRenameFix.java,logic,pending,
util/datafix/fixes/SimplestEntityRenameFix.java,logic,pending,
util/datafix/fixes/SpawnerDataFix.java,logic,pending,
util/datafix/fixes/StatsCounterFix.java,logic,pending,
util/datafix/fixes/StatsRenameFix.java,logic,pending,
util/datafix/fixes/StonecutterRecipeRenameFix.java,logic,pending,
util/datafix/fixes/StriderGravityFix.java,logic,pending,
util/datafix/fixes/StructureReferenceCountFix.java,logic,pending,
util/datafix/fixes/StructureSettingsFlattenFix.java,logic,pending,
util/datafix/fixes/StructuresBecomeConfiguredFix.java,logic,pending,
util/datafix/fixes/TextComponentHoverAndClickEventFix.java,logic,pending,
util/datafix/fixes/TextComponentStringifiedFlagsFix.java,logic,pending,
util/datafix/fixes/ThrownPotionSplitFix.java,logic,pending,
util/datafix/fixes/TippedArrowPotionToItemFix.java,logic,pending,
util/datafix/fixes/TooltipDisplayComponentFix.java,logic,pending,
util/datafix/fixes/TrappedChestBlockEntityFix.java,logic,pending,
util/datafix/fixes/TrialSpawnerConfigFix.java,logic,pending,
util/datafix/fixes/TrialSpawnerConfigInRegistryFix.java,logic,pending,
util/datafix/fixes/TridentAnimationFix.java,logic,pending,
util/datafix/fixes/UnflattenTextComponentFix.java,logic,pending,
util/datafix/fixes/VariantRenameFix.java,logic,pending,
util/datafix/fixes/VillagerDataFix.java,logic,pending,
util/datafix/fixes/VillagerFollowRangeFix.java,logic,pending,
util/datafix/fixes/VillagerRebuildLevelAndXpFix.java,logic,pending,
util/datafix/fixes/VillagerSetCanPickUpLootFix.java,logic,pending,
util/datafix/fixes/VillagerSetVillagerDataFinalized.java,logic,pending,
util/datafix/fixes/VillagerTradeFix.java,logic,pending,
util/datafix/fixes/WallPropertyFix.java,logic,pending,
util/datafix/fixes/WeaponSmithChestLootTableFix.java,logic,pending,
util/datafix/fixes/WorldBorderWarningTimeFix.java,logic,pending,
util/datafix/fixes/WorldGenSettingsDisallowOldCustomWorldsFix.java,logic,pending,
util/datafix/fixes/WorldGenSettingsFix.java,logic,pending,
util/datafix/fixes/WorldGenSettingsHeightAndBiomeFix.java,logic,pending,
util/datafix/fixes/WorldSpawnDataFix.java,logic,pending,
util/datafix/fixes/WriteAndReadFix.java,logic,pending,
util/datafix/fixes/WrittenBookPagesStrictJsonFix.java,logic,pending,
util/datafix/fixes/ZombieVillagerRebuildXpFix.java,logic,pending,
util/datafix/fixes/ZombieVillagerSetVillagerDataFinalized.java,logic,pending,
util/datafix/fixes/package-info.java,logic,pending,
util/datafix/package-info.java,logic,pending,
util/datafix/schemas/NamespacedSchema.java,logic,pending,
util/datafix/schemas/V100.java,logic,pending,
util/datafix/schemas/V102.java,logic,pending,
util/datafix/schemas/V1022.java,logic,pending,
util/datafix/schemas/V106.java,logic,pending,
util/datafix/schemas/V107.java,logic,pending,
util/datafix/schemas/V1125.java,logic,pending,
util/datafix/schemas/V135.java,logic,pending,
util/datafix/schemas/V143.java,logic,pending,
util/datafix/schemas/V1451.java,logic,pending,
util/datafix/schemas/V1451_1.java,logic,pending,
util/datafix/schemas/V1451_2.java,logic,pending,
util/datafix/schemas/V1451_3.java,logic,pending,
util/datafix/schemas/V1451_4.java,logic,pending,
util/datafix/schemas/V1451_5.java,logic,pending,
util/datafix/schemas/V1451_6.java,logic,pending,
util/datafix/schemas/V1458.java,logic,pending,
util/datafix/schemas/V1460.java,logic,pending,
util/datafix/schemas/V1466.java,logic,pending,
util/datafix/schemas/V1470.java,logic,pending,
util/datafix/schemas/V1481.java,logic,pending,
util/datafix/schemas/V1483.java,logic,pending,
util/datafix/schemas/V1486.java,logic,pending,
util/datafix/schemas/V1488.java,logic,pending,
util/datafix/schemas/V1510.java,logic,pending,
util/datafix/schemas/V1800.java,logic,pending,
util/datafix/schemas/V1801.java,logic,pending,
util/datafix/schemas/V1904.java,logic,pending,
util/datafix/schemas/V1906.java,logic,pending,
util/datafix/schemas/V1909.java,logic,pending,
util/datafix/schemas/V1920.java,logic,pending,
util/datafix/schemas/V1928.java,logic,pending,
util/datafix/schemas/V1929.java,logic,pending,
util/datafix/schemas/V1931.java,logic,pending,
util/datafix/schemas/V2100.java,logic,pending,
util/datafix/schemas/V2501.java,logic,pending,
util/datafix/schemas/V2502.java,logic,pending,
util/datafix/schemas/V2505.java,logic,pending,
util/datafix/schemas/V2509.java,logic,pending,
util/datafix/schemas/V2511_1.java,logic,pending,
util/datafix/schemas/V2519.java,logic,pending,
util/datafix/schemas/V2522.java,logic,pending,
util/datafix/schemas/V2551.java,logic,pending,
util/datafix/schemas/V2568.java,logic,pending,
util/datafix/schemas/V2571.java,logic,pending,
util/datafix/schemas/V2684.java,logic,pending,
util/datafix/schemas/V2686.java,logic,pending,
util/datafix/schemas/V2688.java,logic,pending,
util/datafix/schemas/V2704.java,logic,pending,
util/datafix/schemas/V2707.java,logic,pending,
util/datafix/schemas/V2831.java,logic,pending,
util/datafix/schemas/V2832.java,logic,pending,
util/datafix/schemas/V2842.java,logic,pending,
util/datafix/schemas/V3076.java,logic,pending,
util/datafix/schemas/V3078.java,logic,pending,
util/datafix/schemas/V3081.java,logic,pending,
util/datafix/schemas/V3082.java,logic,pending,
util/datafix/schemas/V3083.java,logic,pending,
util/datafix/schemas/V3202.java,logic,pending,
util/datafix/schemas/V3203.java,logic,pending,
util/datafix/schemas/V3204.java,logic,pending,
util/datafix/schemas/V3325.java,logic,pending,
util/datafix/schemas/V3326.java,logic,pending,
util/datafix/schemas/V3327.java,logic,pending,
util/datafix/schemas/V3328.java,logic,pending,
util/datafix/schemas/V3438.java,logic,pending,
util/datafix/schemas/V3439.java,logic,pending,
util/datafix/schemas/V3439_1.java,logic,pending,
util/datafix/schemas/V3448.java,logic,pending,
util/datafix/schemas/V3682.java,logic,pending,
util/datafix/schemas/V3683.java,logic,pending,
util/datafix/schemas/V3685.java,logic,pending,
util/datafix/schemas/V3689.java,logic,pending,
util/datafix/schemas/V3799.java,logic,pending,
util/datafix/schemas/V3807.java,logic,pending,
util/datafix/schemas/V3808.java,logic,pending,
util/datafix/schemas/V3808_1.java,logic,pending,
util/datafix/schemas/V3808_2.java,logic,pending,
util/datafix/schemas/V3813.java,logic,pending,
util/datafix/schemas/V3816.java,logic,pending,
util/datafix/schemas/V3818.java,logic,pending,
util/datafix/schemas/V3818_3.java,logic,pending,
util/datafix/schemas/V3818_4.java,logic,pending,
util/datafix/schemas/V3818_5.java,logic,pending,
util/datafix/schemas/V3825.java,logic,pending,
util/datafix/schemas/V3938.java,logic,pending,
util/datafix/schemas/V4059.java,logic,pending,
util/datafix/schemas/V4067.java,logic,pending,
util/datafix/schemas/V4070.java,logic,pending,
util/datafix/schemas/V4071.java,logic,pending,
util/datafix/schemas/V4290.java,logic,pending,
util/datafix/schemas/V4292.java,logic,pending,
util/datafix/schemas/V4300.java,logic,pending,
util/datafix/schemas/V4301.java,logic,pending,
util/datafix/schemas/V4302.java,logic,pending,
util/datafix/schemas/V4306.java,logic,pending,
util/datafix/schemas/V4307.java,logic,pending,
util/datafix/schemas/V4312.java,logic,pending,
util/datafix/schemas/V4420.java,logic,pending,
util/datafix/schemas/V4421.java,logic,pending,
util/datafix/schemas/V4531.java,logic,pending,
util/datafix/schemas/V4532.java,logic,pending,
util/datafix/schemas/V4533.java,logic,pending,
util/datafix/schemas/V4543.java,logic,pending,
util/datafix/schemas/V4648.java,logic,pending,
util/datafix/schemas/V4656.java,logic,pending,
util/datafix/schemas/V4771.java,logic,pending,
util/datafix/schemas/V501.java,logic,pending,
util/datafix/schemas/V700.java,logic,pending,
util/datafix/schemas/V701.java,logic,pending,
util/datafix/schemas/V702.java,logic,pending,
util/datafix/schemas/V703.java,logic,pending,
util/datafix/schemas/V704.java,logic,pending,
util/datafix/schemas/V705.java,logic,pending,
util/datafix/schemas/V808.java,logic,pending,
util/datafix/schemas/V99.java,logic,pending,
util/datafix/schemas/package-info.java,logic,pending,
util/debug/DebugBeeInfo.java,logic,pending,
util/debug/DebugBrainDump.java,logic,pending,
util/debug/DebugBreezeInfo.java,logic,pending,
util/debug/DebugEntityBlockIntersection.java,logic,pending,
util/debug/DebugGameEventInfo.java,logic,pending,
util/debug/DebugGameEventListenerInfo.java,logic,pending,
util/debug/DebugGoalInfo.java,logic,pending,
util/debug/DebugHiveInfo.java,logic,pending,
util/debug/DebugPathInfo.java,logic,pending,
util/debug/DebugPoiInfo.java,logic,pending,
util/debug/DebugStructureInfo.java,logic,pending,
util/debug/DebugSubscription.java,logic,pending,
util/debug/DebugSubscriptions.java,logic,pending,
util/debug/DebugValueAccess.java,logic,pending,
util/debug/DebugValueSource.java,logic,pending,
util/debug/LevelDebugSynchronizers.java,logic,pending,
util/debug/ServerDebugSubscribers.java,logic,pending,
util/debug/TrackingDebugSynchronizer.java,logic,pending,
util/debug/package-info.java,logic,pending,
util/debugchart/AbstractSampleLogger.java,logic,pending,
util/debugchart/LocalSampleLogger.java,logic,pending,
util/debugchart/RemoteDebugSampleType.java,logic,pending,
util/debugchart/RemoteSampleLogger.java,logic,pending,
util/debugchart/SampleLogger.java,logic,pending,
util/debugchart/SampleStorage.java,logic,pending,
util/debugchart/TpsDebugDimensions.java,logic,pending,
util/debugchart/package-info.java,logic,pending,
util/eventlog/EventLogDirectory.java,logic,pending,
util/eventlog/JsonEventLog.java,logic,pending,
util/eventlog/JsonEventLogReader.java,logic,pending,
util/eventlog/package-info.java,logic,pending,
util/filefix/AbortedFileFixException.java,logic,pending,
util/filefix/AtomicMoveNotSupportedFileFixException.java,logic,pending,
util/filefix/CanceledFileFixException.java,logic,pending,
util/filefix/FailedCleanupFileFixException.java,logic,pending,
util/filefix/FileFix.java,logic,pending,
util/filefix/FileFixException.java,logic,pending,
util/filefix/FileFixUtil.java,logic,pending,
util/filefix/FileFixerUpper.java,logic,pending,
util/filefix/FileSystemCapabilities.java,logic,pending,
util/filefix/access/ChunkNbt.java,logic,pending,
util/filefix/access/CompressedNbt.java,logic,pending,
util/filefix/access/FileAccess.java,logic,pending,
util/filefix/access/FileAccessProvider.java,logic,pending,
util/filefix/access/FileRelation.java,logic,pending,
util/filefix/access/FileResourceType.java,logic,pending,
util/filefix/access/FileResourceTypes.java,logic,pending,
util/filefix/access/LevelDat.java,logic,pending,
util/filefix/access/PlayerData.java,logic,pending,
util/filefix/access/SavedDataNbt.java,logic,pending,
util/filefix/access/package-info.java,logic,pending,
util/filefix/fixes/DimensionStorageFileFix.java,logic,pending,
util/filefix/fixes/GeneratedStructuresRenameFileFix.java,logic,pending,
util/filefix/fixes/LegacyStructureFileFix.java,logic,pending,
util/filefix/fixes/LevelDatToSavedDataFileFix.java,logic,pending,
util/filefix/fixes/PlayerStorageFileFix.java,logic,pending,
util/filefix/fixes/RemoveObsoleteFilesFileFix.java,logic,pending,
util/filefix/fixes/ResourcePackLocationFileFix.java,logic,pending,
util/filefix/fixes/package-info.java,logic,pending,
util/filefix/operations/ApplyInFolders.java,logic,pending,
util/filefix/operations/DeleteFileOrEmptyDirectory.java,logic,pending,
util/filefix/operations/FileFixOperation.java,logic,pending,
util/filefix/operations/FileFixOperations.java,logic,pending,
util/filefix/operations/GroupMove.java,logic,pending,
util/filefix/operations/ModifyContent.java,logic,pending,
util/filefix/operations/Move.java,logic,pending,
util/filefix/operations/RegexMove.java,logic,pending,
util/filefix/operations/package-info.java,logic,pending,
util/filefix/package-info.java,logic,pending,
util/filefix/virtualfilesystem/CopyOnWriteFSPath.java,logic,pending,
util/filefix/virtualfilesystem/CopyOnWriteFSProvider.java,logic,pending,
util/filefix/virtualfilesystem/CopyOnWriteFileStore.java,logic,pending,
util/filefix/virtualfilesystem/CopyOnWriteFileSystem.java,logic,pending,
util/filefix/virtualfilesystem/DirectoryNode.java,logic,pending,
util/filefix/virtualfilesystem/FileMove.java,logic,pending,
util/filefix/virtualfilesystem/FileNode.java,logic,pending,
util/filefix/virtualfilesystem/Node.java,logic,pending,
util/filefix/virtualfilesystem/exception/CowFSCreationException.java,logic,pending,
util/filefix/virtualfilesystem/exception/CowFSDirectoryNotEmptyException.java,logic,pending,
util/filefix/virtualfilesystem/exception/CowFSFileAlreadyExistsException.java,logic,pending,
util/filefix/virtualfilesystem/exception/CowFSFileSystemException.java,logic,pending,
util/filefix/virtualfilesystem/exception/CowFSIllegalArgumentException.java,logic,pending,
util/filefix/virtualfilesystem/exception/CowFSNoSuchFileException.java,logic,pending,
util/filefix/virtualfilesystem/exception/CowFSNotDirectoryException.java,logic,pending,
util/filefix/virtualfilesystem/exception/CowFSSymlinkException.java,logic,pending,
util/filefix/virtualfilesystem/exception/package-info.java,logic,pending,
util/filefix/virtualfilesystem/package-info.java,logic,pending,
util/monitoring/jmx/MinecraftServerStatistics.java,logic,pending,
util/monitoring/jmx/package-info.java,logic,pending,
util/package-info.java,logic,pending,
util/parsing/package-info.java,logic,pending,
util/parsing/packrat/Atom.java,logic,pending,
util/parsing/packrat/CachedParseState.java,logic,pending,
util/parsing/packrat/Control.java,logic,pending,
util/parsing/packrat/DelayedException.java,logic,pending,
util/parsing/packrat/Dictionary.java,logic,pending,
util/parsing/packrat/ErrorCollector.java,logic,pending,
util/parsing/packrat/ErrorEntry.java,logic,pending,
util/parsing/packrat/NamedRule.java,logic,pending,
util/parsing/packrat/ParseState.java,logic,pending,
util/parsing/packrat/Rule.java,logic,pending,
util/parsing/packrat/Scope.java,logic,pending,
util/parsing/packrat/SuggestionSupplier.java,logic,pending,
util/parsing/packrat/Term.java,logic,pending,
util/parsing/packrat/commands/CommandArgumentParser.java,logic,pending,
util/parsing/packrat/commands/Grammar.java,logic,pending,
util/parsing/packrat/commands/GreedyPatternParseRule.java,logic,pending,
util/parsing/packrat/commands/GreedyPredicateParseRule.java,logic,pending,
util/parsing/packrat/commands/IdentifierParseRule.java,logic,pending,
util/parsing/packrat/commands/NumberRunParseRule.java,logic,pending,
util/parsing/packrat/commands/ParserBasedArgument.java,logic,pending,
util/parsing/packrat/commands/ResourceLookupRule.java,logic,pending,
util/parsing/packrat/commands/ResourceSuggestion.java,logic,pending,
util/parsing/packrat/commands/StringReaderParserState.java,logic,pending,
util/parsing/packrat/commands/StringReaderTerms.java,logic,pending,
util/parsing/packrat/commands/TagParseRule.java,logic,pending,
util/parsing/packrat/commands/UnquotedStringParseRule.java,logic,pending,
util/parsing/packrat/commands/package-info.java,logic,pending,
util/parsing/packrat/package-info.java,logic,pending,
util/profiling/ActiveProfiler.java,logic,pending,
util/profiling/ContinuousProfiler.java,logic,pending,
util/profiling/EmptyProfileResults.java,logic,pending,
util/profiling/FilledProfileResults.java,logic,pending,
util/profiling/InactiveProfiler.java,logic,pending,
util/profiling/ProfileCollector.java,logic,pending,
util/profiling/ProfileResults.java,logic,pending,
util/profiling/Profiler.java,logic,pending,
util/profiling/ProfilerFiller.java,logic,pending,
util/profiling/ProfilerPathEntry.java,logic,pending,
util/profiling/ResultField.java,logic,pending,
util/profiling/SingleTickProfiler.java,logic,pending,
util/profiling/TracyZoneFiller.java,logic,pending,
util/profiling/Zone.java,logic,pending,
util/profiling/jfr/Environment.java,logic,pending,
util/profiling/jfr/JfrProfiler.java,logic,pending,
util/profiling/jfr/JvmProfiler.java,logic,pending,
util/profiling/jfr/Percentiles.java,logic,pending,
util/profiling/jfr/SummaryReporter.java,logic,pending,
util/profiling/jfr/callback/ProfiledDuration.java,logic,pending,
util/profiling/jfr/callback/package-info.java,logic,pending,
util/profiling/jfr/event/ChunkGenerationEvent.java,logic,pending,
util/profiling/jfr/event/ChunkRegionIoEvent.java,logic,pending,
util/profiling/jfr/event/ChunkRegionReadEvent.java,logic,pending,
util/profiling/jfr/event/ChunkRegionWriteEvent.java,logic,pending,
util/profiling/jfr/event/ClientFpsEvent.java,logic,pending,
util/profiling/jfr/event/NetworkSummaryEvent.java,logic,pending,
util/profiling/jfr/event/PacketEvent.java,logic,pending,
util/profiling/jfr/event/PacketReceivedEvent.java,logic,pending,
util/profiling/jfr/event/PacketSentEvent.java,logic,pending,
util/profiling/jfr/event/ServerTickTimeEvent.java,logic,pending,
util/profiling/jfr/event/StructureGenerationEvent.java,logic,pending,
util/profiling/jfr/event/WorldLoadFinishedEvent.java,logic,pending,
util/profiling/jfr/event/package-info.java,logic,pending,
util/profiling/jfr/package-info.java,logic,pending,
util/profiling/jfr/parse/JfrStatsParser.java,logic,pending,
util/profiling/jfr/parse/JfrStatsResult.java,logic,pending,
util/profiling/jfr/parse/package-info.java,logic,pending,
util/profiling/jfr/serialize/JfrResultJsonSerializer.java,logic,pending,
util/profiling/jfr/serialize/package-info.java,logic,pending,
util/profiling/jfr/stats/ChunkGenStat.java,logic,pending,
util/profiling/jfr/stats/ChunkIdentification.java,logic,pending,
util/profiling/jfr/stats/CpuLoadStat.java,logic,pending,
util/profiling/jfr/stats/FileIOStat.java,logic,pending,
util/profiling/jfr/stats/FpsStat.java,logic,pending,
util/profiling/jfr/stats/GcHeapStat.java,logic,pending,
util/profiling/jfr/stats/IoSummary.java,logic,pending,
util/profiling/jfr/stats/PacketIdentification.java,logic,pending,
util/profiling/jfr/stats/StructureGenStat.java,logic,pending,
util/profiling/jfr/stats/ThreadAllocationStat.java,logic,pending,
util/profiling/jfr/stats/TickTimeStat.java,logic,pending,
util/profiling/jfr/stats/TimedStat.java,logic,pending,
util/profiling/jfr/stats/TimedStatSummary.java,logic,pending,
util/profiling/jfr/stats/package-info.java,logic,pending,
util/profiling/metrics/MetricCategory.java,logic,pending,
util/profiling/metrics/MetricSampler.java,logic,pending,
util/profiling/metrics/MetricsRegistry.java,logic,pending,
util/profiling/metrics/MetricsSamplerProvider.java,logic,pending,
util/profiling/metrics/ProfilerMeasured.java,logic,pending,
util/profiling/metrics/package-info.java,logic,pending,
util/profiling/metrics/profiling/ActiveMetricsRecorder.java,logic,pending,
util/profiling/metrics/profiling/InactiveMetricsRecorder.java,logic,pending,
util/profiling/metrics/profiling/MetricsRecorder.java,logic,pending,
util/profiling/metrics/profiling/ProfilerSamplerAdapter.java,logic,pending,
util/profiling/metrics/profiling/ServerMetricsSamplersProvider.java,logic,pending,
util/profiling/metrics/profiling/package-info.java,logic,pending,
util/profiling/metrics/storage/MetricsPersister.java,logic,pending,
util/profiling/metrics/storage/RecordedDeviation.java,logic,pending,
util/profiling/metrics/storage/package-info.java,logic,pending,
util/profiling/package-info.java,logic,pending,
util/random/Weighted.java,logic,pending,
util/random/WeightedList.java,logic,pending,
util/random/WeightedRandom.java,logic,pending,
util/random/package-info.java,logic,pending,
util/thread/AbstractConsecutiveExecutor.java,logic,pending,
util/thread/BlockableEventLoop.java,logic,pending,
util/thread/ConsecutiveExecutor.java,logic,pending,
util/thread/ParallelMapTransform.java,logic,pending,
util/thread/PriorityConsecutiveExecutor.java,logic,pending,
util/thread/ReentrantBlockableEventLoop.java,logic,pending,
util/thread/StrictQueue.java,logic,pending,
util/thread/TaskScheduler.java,logic,pending,
util/thread/package-info.java,logic,pending,
util/valueproviders/BiasedToBottomInt.java,logic,pending,
util/valueproviders/ClampedInt.java,logic,pending,
util/valueproviders/ClampedNormalFloat.java,logic,pending,
util/valueproviders/ClampedNormalInt.java,logic,pending,
util/valueproviders/ConstantFloat.java,logic,pending,
util/valueproviders/ConstantInt.java,logic,pending,
util/valueproviders/FloatProvider.java,logic,pending,
util/valueproviders/FloatProviders.java,logic,pending,
util/valueproviders/IntProvider.java,logic,pending,
util/valueproviders/IntProviders.java,logic,pending,
util/valueproviders/MultipliedFloats.java,logic,pending,
util/valueproviders/SampledFloat.java,logic,pending,
util/valueproviders/TrapezoidFloat.java,logic,pending,
util/valueproviders/TrapezoidInt.java,logic,pending,
util/valueproviders/UniformFloat.java,logic,pending,
util/valueproviders/UniformInt.java,logic,pending,
util/valueproviders/WeightedListInt.java,logic,pending,
util/valueproviders/package-info.java,logic,pending,
util/worldupdate/FileToUpgrade.java,logic,pending,
util/worldupdate/RegionStorageUpgrader.java,logic,pending,
util/worldupdate/UpgradeProgress.java,logic,pending,
util/worldupdate/UpgradeStatusTranslator.java,logic,pending,
util/worldupdate/WorldUpgrader.java,logic,pending,
util/worldupdate/package-info.java,logic,pending,
world/BossEvent.java,logic,pending,
world/Clearable.java,logic,pending,
world/CompoundContainer.java,logic,pending,
world/Container.java,logic,pending,
world/ContainerHelper.java,logic,pending,
world/Containers.java,logic,pending,
world/Difficulty.java,logic,pending,
world/DifficultyInstance.java,logic,pending,
world/InteractionHand.java,logic,pending,
world/InteractionResult.java,logic,pending,
world/ItemStackWithSlot.java,logic,pending,
world/LockCode.java,logic,pending,
world/MenuProvider.java,logic,pending,
world/Nameable.java,logic,pending,
world/RandomSequence.java,logic,pending,
world/RandomSequences.java,logic,pending,
world/RandomizableContainer.java,logic,pending,
world/SimpleContainer.java,logic,pending,
world/SimpleMenuProvider.java,logic,pending,
world/Stopwatch.java,logic,pending,
world/Stopwatches.java,logic,pending,
world/TickRateManager.java,logic,pending,
world/WorldlyContainer.java,logic,pending,
world/WorldlyContainerHolder.java,logic,pending,
world/attribute/AmbientAdditionsSettings.java,logic,pending,
world/attribute/AmbientMoodSettings.java,logic,pending,
world/attribute/AmbientParticle.java,logic,pending,
world/attribute/AmbientSounds.java,logic,pending,
world/attribute/AttributeRange.java,logic,pending,
world/attribute/AttributeType.java,logic,pending,
world/attribute/AttributeTypes.java,logic,pending,
world/attribute/BackgroundMusic.java,logic,pending,
world/attribute/BedRule.java,logic,pending,
world/attribute/EnvironmentAttribute.java,logic,pending,
world/attribute/EnvironmentAttributeLayer.java,logic,pending,
world/attribute/EnvironmentAttributeMap.java,logic,pending,
world/attribute/EnvironmentAttributeProbe.java,logic,pending,
world/attribute/EnvironmentAttributeReader.java,logic,pending,
world/attribute/EnvironmentAttributeSystem.java,logic,pending,
world/attribute/EnvironmentAttributes.java,logic,pending,
world/attribute/GaussianSampler.java,logic,pending,
world/attribute/LerpFunction.java,logic,pending,
world/attribute/SpatialAttributeInterpolator.java,logic,pending,
world/attribute/WeatherAttributes.java,logic,pending,
world/attribute/modifier/AttributeModifier.java,logic,pending,
world/attribute/modifier/BooleanModifier.java,logic,pending,
world/attribute/modifier/ColorModifier.java,logic,pending,
world/attribute/modifier/FloatModifier.java,logic,pending,
world/attribute/modifier/FloatWithAlpha.java,logic,pending,
world/attribute/modifier/IntegerModifier.java,logic,pending,
world/attribute/modifier/package-info.java,logic,pending,
world/attribute/package-info.java,logic,pending,
world/clock/ClockManager.java,logic,pending,
world/clock/ClockNetworkState.java,logic,pending,
world/clock/ClockState.java,logic,pending,
world/clock/ClockTimeMarker.java,logic,pending,
world/clock/ClockTimeMarkers.java,logic,pending,
world/clock/PackedClockStates.java,logic,pending,
world/clock/ServerClockManager.java,logic,pending,
world/clock/WorldClock.java,logic,pending,
world/clock/WorldClocks.java,logic,pending,
world/clock/package-info.java,logic,pending,
world/damagesource/CombatEntry.java,logic,pending,
world/damagesource/CombatRules.java,logic,pending,
world/damagesource/CombatTracker.java,logic,pending,
world/damagesource/DamageEffects.java,logic,pending,
world/damagesource/DamageScaling.java,logic,pending,
world/damagesource/DamageSource.java,logic,pending,
world/damagesource/DamageSources.java,logic,pending,
world/damagesource/DamageType.java,logic,pending,
world/damagesource/DamageTypes.java,logic,pending,
world/damagesource/DeathMessageType.java,logic,pending,
world/damagesource/FallLocation.java,logic,pending,
world/damagesource/package-info.java,logic,pending,
world/effect/AbsorptionMobEffect.java,logic,ported,game/mcv_entity/src/effect.rs
world/effect/BadOmenMobEffect.java,logic,blocked,game/mcv_entity/src/effect.rs
world/effect/HealOrHarmMobEffect.java,logic,ported,game/mcv_entity/src/effect.rs
world/effect/HungerMobEffect.java,logic,ported,game/mcv_entity/src/effect.rs
world/effect/InfestedMobEffect.java,logic,ported,game/mcv_entity/src/effect.rs
world/effect/InstantenousMobEffect.java,logic,ported,game/mcv_entity/src/effect.rs
world/effect/MobEffect.java,logic,ported,game/mcv_entity/src/effect.rs
world/effect/MobEffectCategory.java,logic,ported,game/mcv_entity/src/effect.rs
world/effect/MobEffectInstance.java,logic,ported,game/mcv_entity/src/effect.rs
world/effect/MobEffectUtil.java,logic,ported,game/mcv_entity/src/effect.rs
world/effect/MobEffects.java,logic,ported,game/mcv_entity/src/effect.rs
world/effect/OozingMobEffect.java,logic,ported,game/mcv_entity/src/effect.rs
world/effect/PoisonMobEffect.java,logic,ported,game/mcv_entity/src/effect.rs
world/effect/RaidOmenMobEffect.java,logic,blocked,game/mcv_entity/src/effect.rs
world/effect/RegenerationMobEffect.java,logic,ported,game/mcv_entity/src/effect.rs
world/effect/SaturationMobEffect.java,logic,ported,game/mcv_entity/src/effect.rs
world/effect/WeavingMobEffect.java,logic,ported,game/mcv_entity/src/effect.rs
world/effect/WindChargedMobEffect.java,logic,ported,game/mcv_entity/src/effect.rs
world/effect/WitherMobEffect.java,logic,ported,game/mcv_entity/src/effect.rs
world/effect/package-info.java,logic,adapted,game/mcv_entity/src/effect.rs
world/entity/AgeableMob.java,logic,pending,
world/entity/AnimationState.java,logic,pending,
world/entity/AreaEffectCloud.java,logic,pending,
world/entity/Attackable.java,logic,pending,
world/entity/Avatar.java,logic,pending,
world/entity/ContainerUser.java,logic,pending,
world/entity/ConversionParams.java,logic,pending,
world/entity/ConversionType.java,logic,pending,
world/entity/Crackiness.java,logic,pending,
world/entity/Display.java,logic,pending,
world/entity/DropChances.java,logic,pending,
world/entity/ElytraAnimationState.java,logic,pending,
world/entity/Entity.java,logic,pending,
world/entity/EntityAttachment.java,logic,pending,
world/entity/EntityAttachments.java,logic,pending,
world/entity/EntityDimensions.java,logic,pending,
world/entity/EntityEquipment.java,logic,pending,
world/entity/EntityEvent.java,logic,pending,
world/entity/EntityFluidInteraction.java,logic,pending,
world/entity/EntityProcessor.java,logic,pending,
world/entity/EntityReference.java,logic,pending,
world/entity/EntitySelector.java,logic,pending,
world/entity/EntitySpawnReason.java,logic,pending,
world/entity/EntityType.java,logic,pending,
world/entity/EquipmentSlot.java,logic,pending,
world/entity/EquipmentSlotGroup.java,logic,pending,
world/entity/EquipmentTable.java,logic,pending,
world/entity/EquipmentUser.java,logic,pending,
world/entity/ExperienceOrb.java,logic,pending,
world/entity/HasCustomInventoryScreen.java,logic,pending,
world/entity/HumanoidArm.java,logic,pending,
world/entity/InsideBlockEffectApplier.java,logic,pending,
world/entity/InsideBlockEffectType.java,logic,pending,
world/entity/Interaction.java,logic,pending,
world/entity/InterpolationHandler.java,logic,pending,
world/entity/ItemBasedSteering.java,logic,pending,
world/entity/ItemOwner.java,logic,pending,
world/entity/ItemSteerable.java,logic,pending,
world/entity/Leashable.java,logic,pending,
world/entity/LightningBolt.java,logic,pending,
world/entity/LivingEntity.java,logic,pending,
world/entity/Marker.java,logic,pending,
world/entity/Mob.java,logic,pending,
world/entity/MobCategory.java,logic,pending,
world/entity/MoverType.java,logic,pending,
world/entity/NeutralMob.java,logic,pending,
world/entity/OminousItemSpawner.java,logic,pending,
world/entity/OwnableEntity.java,logic,pending,
world/entity/PathfinderMob.java,logic,pending,
world/entity/PlayerRideable.java,logic,pending,
world/entity/PlayerRideableJumping.java,logic,pending,
world/entity/PortalProcessor.java,logic,pending,
world/entity/Pose.java,logic,pending,
world/entity/PositionMoveRotation.java,logic,pending,
world/entity/Relative.java,logic,pending,
world/entity/ReputationEventHandler.java,logic,pending,
world/entity/Shearable.java,logic,pending,
world/entity/SlotAccess.java,logic,pending,
world/entity/SlotProvider.java,logic,pending,
world/entity/SpawnGroupData.java,logic,pending,
world/entity/SpawnPlacementType.java,logic,pending,
world/entity/SpawnPlacementTypes.java,logic,pending,
world/entity/SpawnPlacements.java,logic,pending,
world/entity/TamableAnimal.java,logic,pending,
world/entity/Targeting.java,logic,pending,
world/entity/TraceableEntity.java,logic,pending,
world/entity/WalkAnimationState.java,logic,pending,
world/entity/ai/ActivityData.java,logic,pending,
world/entity/ai/Brain.java,logic,pending,
world/entity/ai/attributes/Attribute.java,logic,pending,
world/entity/ai/attributes/AttributeInstance.java,logic,pending,
world/entity/ai/attributes/AttributeMap.java,logic,pending,
world/entity/ai/attributes/AttributeModifier.java,logic,pending,
world/entity/ai/attributes/AttributeSupplier.java,logic,pending,
world/entity/ai/attributes/Attributes.java,logic,pending,
world/entity/ai/attributes/DefaultAttributes.java,logic,pending,
world/entity/ai/attributes/RangedAttribute.java,logic,pending,
world/entity/ai/attributes/package-info.java,logic,pending,
world/entity/ai/behavior/AcquirePoi.java,logic,pending,
world/entity/ai/behavior/AnimalMakeLove.java,logic,pending,
world/entity/ai/behavior/AnimalPanic.java,logic,pending,
world/entity/ai/behavior/AssignProfessionFromJobSite.java,logic,pending,
world/entity/ai/behavior/BabyFollowAdult.java,logic,pending,
world/entity/ai/behavior/BackUpIfTooClose.java,logic,pending,
world/entity/ai/behavior/BecomePassiveIfMemoryPresent.java,logic,pending,
world/entity/ai/behavior/Behavior.java,logic,pending,
world/entity/ai/behavior/BehaviorControl.java,logic,pending,
world/entity/ai/behavior/BehaviorUtils.java,logic,pending,
world/entity/ai/behavior/BlockPosTracker.java,logic,pending,
world/entity/ai/behavior/CelebrateVillagersSurvivedRaid.java,logic,pending,
world/entity/ai/behavior/ChargeAttack.java,logic,pending,
world/entity/ai/behavior/CopyMemoryWithExpiry.java,logic,pending,
world/entity/ai/behavior/CountDownCooldownTicks.java,logic,pending,
world/entity/ai/behavior/Croak.java,logic,pending,
world/entity/ai/behavior/CrossbowAttack.java,logic,pending,
world/entity/ai/behavior/DismountOrSkipMounting.java,logic,pending,
world/entity/ai/behavior/DoNothing.java,logic,pending,
world/entity/ai/behavior/EntityTracker.java,logic,pending,
world/entity/ai/behavior/EraseMemoryIf.java,logic,pending,
world/entity/ai/behavior/FollowTemptation.java,logic,pending,
world/entity/ai/behavior/GateBehavior.java,logic,pending,
world/entity/ai/behavior/GiveGiftToHero.java,logic,pending,
world/entity/ai/behavior/GoAndGiveItemsToTarget.java,logic,pending,
world/entity/ai/behavior/GoToClosestVillage.java,logic,pending,
world/entity/ai/behavior/GoToPotentialJobSite.java,logic,pending,
world/entity/ai/behavior/GoToTargetLocation.java,logic,pending,
world/entity/ai/behavior/GoToWantedItem.java,logic,pending,
world/entity/ai/behavior/HarvestFarmland.java,logic,pending,
world/entity/ai/behavior/InsideBrownianWalk.java,logic,pending,
world/entity/ai/behavior/InteractWith.java,logic,pending,
world/entity/ai/behavior/InteractWithDoor.java,logic,pending,
world/entity/ai/behavior/JumpOnBed.java,logic,pending,
world/entity/ai/behavior/LocateHidingPlace.java,logic,pending,
world/entity/ai/behavior/LongJumpMidJump.java,logic,pending,
world/entity/ai/behavior/LongJumpToPreferredBlock.java,logic,pending,
world/entity/ai/behavior/LongJumpToRandomPos.java,logic,pending,
world/entity/ai/behavior/LongJumpUtil.java,logic,pending,
world/entity/ai/behavior/LookAndFollowTradingPlayerSink.java,logic,pending,
world/entity/ai/behavior/LookAtTargetSink.java,logic,pending,
world/entity/ai/behavior/MeleeAttack.java,logic,pending,
world/entity/ai/behavior/Mount.java,logic,pending,
world/entity/ai/behavior/MoveToSkySeeingSpot.java,logic,pending,
world/entity/ai/behavior/MoveToTargetSink.java,logic,pending,
world/entity/ai/behavior/OneShot.java,logic,pending,
world/entity/ai/behavior/PlayTagWithOtherKids.java,logic,pending,
world/entity/ai/behavior/PoiCompetitorScan.java,logic,pending,
world/entity/ai/behavior/PositionTracker.java,logic,pending,
world/entity/ai/behavior/PrepareRamNearestTarget.java,logic,pending,
world/entity/ai/behavior/RamTarget.java,logic,pending,
world/entity/ai/behavior/RandomLookAround.java,logic,pending,
world/entity/ai/behavior/RandomStroll.java,logic,pending,
world/entity/ai/behavior/ReactToBell.java,logic,pending,
world/entity/ai/behavior/ResetProfession.java,logic,pending,
world/entity/ai/behavior/ResetRaidStatus.java,logic,pending,
world/entity/ai/behavior/RingBell.java,logic,pending,
world/entity/ai/behavior/RunOne.java,logic,pending,
world/entity/ai/behavior/SetClosestHomeAsWalkTarget.java,logic,pending,
world/entity/ai/behavior/SetEntityLookTarget.java,logic,pending,
world/entity/ai/behavior/SetEntityLookTargetSometimes.java,logic,pending,
world/entity/ai/behavior/SetHiddenState.java,logic,pending,
world/entity/ai/behavior/SetLookAndInteract.java,logic,pending,
world/entity/ai/behavior/SetRaidStatus.java,logic,pending,
world/entity/ai/behavior/SetWalkTargetAwayFrom.java,logic,pending,
world/entity/ai/behavior/SetWalkTargetFromAttackTargetIfTargetOutOfReach.java,logic,pending,
world/entity/ai/behavior/SetWalkTargetFromBlockMemory.java,logic,pending,
world/entity/ai/behavior/SetWalkTargetFromLookTarget.java,logic,pending,
world/entity/ai/behavior/ShowTradesToPlayer.java,logic,pending,
world/entity/ai/behavior/ShufflingList.java,logic,pending,
world/entity/ai/behavior/SleepInBed.java,logic,pending,
world/entity/ai/behavior/SocializeAtBell.java,logic,pending,
world/entity/ai/behavior/SpearApproach.java,logic,pending,
world/entity/ai/behavior/SpearAttack.java,logic,pending,
world/entity/ai/behavior/SpearRetreat.java,logic,pending,
world/entity/ai/behavior/StartAttacking.java,logic,pending,
world/entity/ai/behavior/StartCelebratingIfTargetDead.java,logic,pending,
world/entity/ai/behavior/StayCloseToTarget.java,logic,pending,
world/entity/ai/behavior/StopAttackingIfTargetInvalid.java,logic,pending,
world/entity/ai/behavior/StopBeingAngryIfTargetDead.java,logic,pending,
world/entity/ai/behavior/StrollAroundPoi.java,logic,pending,
world/entity/ai/behavior/StrollToPoi.java,logic,pending,
world/entity/ai/behavior/StrollToPoiList.java,logic,pending,
world/entity/ai/behavior/Swim.java,logic,pending,
world/entity/ai/behavior/TradeWithVillager.java,logic,pending,
world/entity/ai/behavior/TransportItemsBetweenContainers.java,logic,pending,
world/entity/ai/behavior/TriggerGate.java,logic,pending,
world/entity/ai/behavior/TryFindLand.java,logic,pending,
world/entity/ai/behavior/TryFindLandNearWater.java,logic,pending,
world/entity/ai/behavior/TryFindWater.java,logic,pending,
world/entity/ai/behavior/TryLaySpawnOnFluidNearLand.java,logic,pending,
world/entity/ai/behavior/UpdateActivityFromSchedule.java,logic,pending,
world/entity/ai/behavior/UseBonemeal.java,logic,pending,
world/entity/ai/behavior/ValidateNearbyPoi.java,logic,pending,
world/entity/ai/behavior/VillageBoundRandomStroll.java,logic,pending,
world/entity/ai/behavior/VillagerCalmDown.java,logic,pending,
world/entity/ai/behavior/VillagerGoalPackages.java,logic,pending,
world/entity/ai/behavior/VillagerMakeLove.java,logic,pending,
world/entity/ai/behavior/VillagerPanicTrigger.java,logic,pending,
world/entity/ai/behavior/WakeUp.java,logic,pending,
world/entity/ai/behavior/WorkAtComposter.java,logic,pending,
world/entity/ai/behavior/WorkAtPoi.java,logic,pending,
world/entity/ai/behavior/YieldJobSite.java,logic,pending,
world/entity/ai/behavior/declarative/BehaviorBuilder.java,logic,pending,
world/entity/ai/behavior/declarative/MemoryAccessor.java,logic,pending,
world/entity/ai/behavior/declarative/MemoryCondition.java,logic,pending,
world/entity/ai/behavior/declarative/Trigger.java,logic,pending,
world/entity/ai/behavior/declarative/package-info.java,logic,pending,
world/entity/ai/behavior/package-info.java,logic,pending,
world/entity/ai/behavior/warden/Digging.java,logic,pending,
world/entity/ai/behavior/warden/Emerging.java,logic,pending,
world/entity/ai/behavior/warden/ForceUnmount.java,logic,pending,
world/entity/ai/behavior/warden/Roar.java,logic,pending,
world/entity/ai/behavior/warden/SetRoarTarget.java,logic,pending,
world/entity/ai/behavior/warden/SetWardenLookTarget.java,logic,pending,
world/entity/ai/behavior/warden/Sniffing.java,logic,pending,
world/entity/ai/behavior/warden/SonicBoom.java,logic,pending,
world/entity/ai/behavior/warden/TryToSniff.java,logic,pending,
world/entity/ai/behavior/warden/package-info.java,logic,pending,
world/entity/ai/control/BodyRotationControl.java,logic,pending,
world/entity/ai/control/Control.java,logic,pending,
world/entity/ai/control/FlyingMoveControl.java,logic,pending,
world/entity/ai/control/JumpControl.java,logic,pending,
world/entity/ai/control/LookControl.java,logic,pending,
world/entity/ai/control/MoveControl.java,logic,pending,
world/entity/ai/control/SmoothSwimmingLookControl.java,logic,pending,
world/entity/ai/control/SmoothSwimmingMoveControl.java,logic,pending,
world/entity/ai/control/package-info.java,logic,pending,
world/entity/ai/goal/AvoidEntityGoal.java,logic,pending,
world/entity/ai/goal/BegGoal.java,logic,pending,
world/entity/ai/goal/BreakDoorGoal.java,logic,pending,
world/entity/ai/goal/BreathAirGoal.java,logic,pending,
world/entity/ai/goal/BreedGoal.java,logic,pending,
world/entity/ai/goal/CatLieOnBedGoal.java,logic,pending,
world/entity/ai/goal/CatSitOnBlockGoal.java,logic,pending,
world/entity/ai/goal/ClimbOnTopOfPowderSnowGoal.java,logic,pending,
world/entity/ai/goal/DolphinJumpGoal.java,logic,pending,
world/entity/ai/goal/DoorInteractGoal.java,logic,pending,
world/entity/ai/goal/EatBlockGoal.java,logic,pending,
world/entity/ai/goal/FleeSunGoal.java,logic,pending,
world/entity/ai/goal/FloatGoal.java,logic,pending,
world/entity/ai/goal/FollowFlockLeaderGoal.java,logic,pending,
world/entity/ai/goal/FollowMobGoal.java,logic,pending,
world/entity/ai/goal/FollowOwnerGoal.java,logic,pending,
world/entity/ai/goal/FollowParentGoal.java,logic,pending,
world/entity/ai/goal/FollowPlayerRiddenEntityGoal.java,logic,pending,
world/entity/ai/goal/Goal.java,logic,pending,
world/entity/ai/goal/GoalSelector.java,logic,pending,
world/entity/ai/goal/GolemRandomStrollInVillageGoal.java,logic,pending,
world/entity/ai/goal/InteractGoal.java,logic,pending,
world/entity/ai/goal/JumpGoal.java,logic,pending,
world/entity/ai/goal/LandOnOwnersShoulderGoal.java,logic,pending,
world/entity/ai/goal/LeapAtTargetGoal.java,logic,pending,
world/entity/ai/goal/LlamaFollowCaravanGoal.java,logic,pending,
world/entity/ai/goal/LookAtPlayerGoal.java,logic,pending,
world/entity/ai/goal/LookAtTradingPlayerGoal.java,logic,pending,
world/entity/ai/goal/MeleeAttackGoal.java,logic,pending,
world/entity/ai/goal/MoveBackToVillageGoal.java,logic,pending,
world/entity/ai/goal/MoveThroughVillageGoal.java,logic,pending,
world/entity/ai/goal/MoveToBlockGoal.java,logic,pending,
world/entity/ai/goal/MoveTowardsRestrictionGoal.java,logic,pending,
world/entity/ai/goal/MoveTowardsTargetGoal.java,logic,pending,
world/entity/ai/goal/OcelotAttackGoal.java,logic,pending,
world/entity/ai/goal/OfferFlowerGoal.java,logic,pending,
world/entity/ai/goal/OpenDoorGoal.java,logic,pending,
world/entity/ai/goal/PanicGoal.java,logic,pending,
world/entity/ai/goal/PathfindToRaidGoal.java,logic,pending,
world/entity/ai/goal/RandomLookAroundGoal.java,logic,pending,
world/entity/ai/goal/RandomStandGoal.java,logic,pending,
world/entity/ai/goal/RandomStrollGoal.java,logic,pending,
world/entity/ai/goal/RandomSwimmingGoal.java,logic,pending,
world/entity/ai/goal/RangedAttackGoal.java,logic,pending,
world/entity/ai/goal/RangedBowAttackGoal.java,logic,pending,
world/entity/ai/goal/RangedCrossbowAttackGoal.java,logic,pending,
world/entity/ai/goal/RemoveBlockGoal.java,logic,pending,
world/entity/ai/goal/RestrictSunGoal.java,logic,pending,
world/entity/ai/goal/RunAroundLikeCrazyGoal.java,logic,pending,
world/entity/ai/goal/SitWhenOrderedToGoal.java,logic,pending,
world/entity/ai/goal/SpearUseGoal.java,logic,pending,
world/entity/ai/goal/StrollThroughVillageGoal.java,logic,pending,
world/entity/ai/goal/SwellGoal.java,logic,pending,
world/entity/ai/goal/TemptGoal.java,logic,pending,
world/entity/ai/goal/TradeWithPlayerGoal.java,logic,pending,
world/entity/ai/goal/TryFindWaterGoal.java,logic,pending,
world/entity/ai/goal/UseItemGoal.java,logic,pending,
world/entity/ai/goal/WaterAvoidingRandomFlyingGoal.java,logic,pending,
world/entity/ai/goal/WaterAvoidingRandomStrollGoal.java,logic,pending,
world/entity/ai/goal/WrappedGoal.java,logic,pending,
world/entity/ai/goal/ZombieAttackGoal.java,logic,pending,
world/entity/ai/goal/package-info.java,logic,pending,
world/entity/ai/goal/target/DefendVillageTargetGoal.java,logic,pending,
world/entity/ai/goal/target/HurtByTargetGoal.java,logic,pending,
world/entity/ai/goal/target/NearestAttackableTargetGoal.java,logic,pending,
world/entity/ai/goal/target/NearestAttackableWitchTargetGoal.java,logic,pending,
world/entity/ai/goal/target/NearestHealableRaiderTargetGoal.java,logic,pending,
world/entity/ai/goal/target/NonTameRandomTargetGoal.java,logic,pending,
world/entity/ai/goal/target/OwnerHurtByTargetGoal.java,logic,pending,
world/entity/ai/goal/target/OwnerHurtTargetGoal.java,logic,pending,
world/entity/ai/goal/target/ResetUniversalAngerTargetGoal.java,logic,pending,
world/entity/ai/goal/target/TargetGoal.java,logic,pending,
world/entity/ai/goal/target/package-info.java,logic,pending,
world/entity/ai/gossip/GossipContainer.java,logic,pending,
world/entity/ai/gossip/GossipType.java,logic,pending,
world/entity/ai/gossip/package-info.java,logic,pending,
world/entity/ai/memory/ExpirableValue.java,logic,pending,
world/entity/ai/memory/MemoryMap.java,logic,pending,
world/entity/ai/memory/MemoryModuleType.java,logic,pending,
world/entity/ai/memory/MemorySlot.java,logic,pending,
world/entity/ai/memory/MemoryStatus.java,logic,pending,
world/entity/ai/memory/NearestVisibleLivingEntities.java,logic,pending,
world/entity/ai/memory/WalkTarget.java,logic,pending,
world/entity/ai/memory/package-info.java,logic,pending,
world/entity/ai/navigation/AmphibiousPathNavigation.java,logic,pending,
world/entity/ai/navigation/FlyingPathNavigation.java,logic,pending,
world/entity/ai/navigation/GroundPathNavigation.java,logic,pending,
world/entity/ai/navigation/PathNavigation.java,logic,pending,
world/entity/ai/navigation/WallClimberNavigation.java,logic,pending,
world/entity/ai/navigation/WaterBoundPathNavigation.java,logic,pending,
world/entity/ai/navigation/package-info.java,logic,pending,
world/entity/ai/package-info.java,logic,pending,
world/entity/ai/sensing/AdultSensor.java,logic,pending,
world/entity/ai/sensing/AdultSensorAnyType.java,logic,pending,
world/entity/ai/sensing/AxolotlAttackablesSensor.java,logic,pending,
world/entity/ai/sensing/BreezeAttackEntitySensor.java,logic,pending,
world/entity/ai/sensing/DummySensor.java,logic,pending,
world/entity/ai/sensing/FrogAttackablesSensor.java,logic,pending,
world/entity/ai/sensing/GolemSensor.java,logic,pending,
world/entity/ai/sensing/HoglinSpecificSensor.java,logic,pending,
world/entity/ai/sensing/HurtBySensor.java,logic,pending,
world/entity/ai/sensing/IsInWaterSensor.java,logic,pending,
world/entity/ai/sensing/MobSensor.java,logic,pending,
world/entity/ai/sensing/NearestBedSensor.java,logic,pending,
world/entity/ai/sensing/NearestItemSensor.java,logic,pending,
world/entity/ai/sensing/NearestLivingEntitySensor.java,logic,pending,
world/entity/ai/sensing/NearestVisibleLivingEntitySensor.java,logic,pending,
world/entity/ai/sensing/PiglinBruteSpecificSensor.java,logic,pending,
world/entity/ai/sensing/PiglinSpecificSensor.java,logic,pending,
world/entity/ai/sensing/PlayerSensor.java,logic,pending,
world/entity/ai/sensing/SecondaryPoiSensor.java,logic,pending,
world/entity/ai/sensing/Sensing.java,logic,pending,
world/entity/ai/sensing/Sensor.java,logic,pending,
world/entity/ai/sensing/SensorType.java,logic,pending,
world/entity/ai/sensing/TemptingSensor.java,logic,pending,
world/entity/ai/sensing/VillagerBabiesSensor.java,logic,pending,
world/entity/ai/sensing/VillagerHostilesSensor.java,logic,pending,
world/entity/ai/sensing/WardenEntitySensor.java,logic,pending,
world/entity/ai/sensing/package-info.java,logic,pending,
world/entity/ai/targeting/TargetingConditions.java,logic,pending,
world/entity/ai/targeting/package-info.java,logic,pending,
world/entity/ai/util/AirAndWaterRandomPos.java,logic,pending,
world/entity/ai/util/AirRandomPos.java,logic,pending,
world/entity/ai/util/DefaultRandomPos.java,logic,pending,
world/entity/ai/util/GoalUtils.java,logic,pending,
world/entity/ai/util/HoverRandomPos.java,logic,pending,
world/entity/ai/util/LandRandomPos.java,logic,pending,
world/entity/ai/util/RandomPos.java,logic,pending,
world/entity/ai/util/package-info.java,logic,pending,
world/entity/ai/village/ReputationEventType.java,logic,pending,
world/entity/ai/village/VillageSiege.java,logic,pending,
world/entity/ai/village/package-info.java,logic,pending,
world/entity/ai/village/poi/PoiManager.java,logic,pending,
world/entity/ai/village/poi/PoiRecord.java,logic,pending,
world/entity/ai/village/poi/PoiSection.java,logic,pending,
world/entity/ai/village/poi/PoiType.java,logic,pending,
world/entity/ai/village/poi/PoiTypes.java,logic,pending,
world/entity/ai/village/poi/package-info.java,logic,pending,
world/entity/ambient/AmbientCreature.java,logic,pending,
world/entity/ambient/Bat.java,logic,pending,
world/entity/ambient/package-info.java,logic,pending,
world/entity/animal/AgeableWaterCreature.java,logic,pending,
world/entity/animal/Animal.java,logic,pending,
world/entity/animal/Bucketable.java,logic,pending,
world/entity/animal/FlyingAnimal.java,logic,pending,
world/entity/animal/TemperatureVariants.java,logic,pending,
world/entity/animal/allay/Allay.java,logic,pending,
world/entity/animal/allay/AllayAi.java,logic,pending,
world/entity/animal/allay/package-info.java,logic,pending,
world/entity/animal/armadillo/Armadillo.java,logic,pending,
world/entity/animal/armadillo/ArmadilloAi.java,logic,pending,
world/entity/animal/armadillo/package-info.java,logic,pending,
world/entity/animal/axolotl/Axolotl.java,logic,pending,
world/entity/animal/axolotl/AxolotlAi.java,logic,pending,
world/entity/animal/axolotl/PlayDead.java,logic,pending,
world/entity/animal/axolotl/ValidatePlayDead.java,logic,pending,
world/entity/animal/axolotl/package-info.java,logic,pending,
world/entity/animal/bee/Bee.java,logic,pending,
world/entity/animal/bee/package-info.java,logic,pending,
world/entity/animal/camel/Camel.java,logic,pending,
world/entity/animal/camel/CamelAi.java,logic,pending,
world/entity/animal/camel/CamelHusk.java,logic,pending,
world/entity/animal/camel/package-info.java,logic,pending,
world/entity/animal/chicken/Chicken.java,logic,pending,
world/entity/animal/chicken/ChickenSoundVariant.java,logic,pending,
world/entity/animal/chicken/ChickenSoundVariants.java,logic,pending,
world/entity/animal/chicken/ChickenVariant.java,logic,pending,
world/entity/animal/chicken/ChickenVariants.java,logic,pending,
world/entity/animal/chicken/package-info.java,logic,pending,
world/entity/animal/cow/AbstractCow.java,logic,pending,
world/entity/animal/cow/Cow.java,logic,pending,
world/entity/animal/cow/CowSoundVariant.java,logic,pending,
world/entity/animal/cow/CowSoundVariants.java,logic,pending,
world/entity/animal/cow/CowVariant.java,logic,pending,
world/entity/animal/cow/CowVariants.java,logic,pending,
world/entity/animal/cow/MushroomCow.java,logic,pending,
world/entity/animal/cow/package-info.java,logic,pending,
world/entity/animal/dolphin/Dolphin.java,logic,pending,
world/entity/animal/dolphin/package-info.java,logic,pending,
world/entity/animal/equine/AbstractChestedHorse.java,logic,pending,
world/entity/animal/equine/AbstractHorse.java,logic,pending,
world/entity/animal/equine/Donkey.java,logic,pending,
world/entity/animal/equine/Horse.java,logic,pending,
world/entity/animal/equine/Llama.java,logic,pending,
world/entity/animal/equine/Markings.java,logic,pending,
world/entity/animal/equine/Mule.java,logic,pending,
world/entity/animal/equine/SkeletonHorse.java,logic,pending,
world/entity/animal/equine/SkeletonTrapGoal.java,logic,pending,
world/entity/animal/equine/TraderLlama.java,logic,pending,
world/entity/animal/equine/Variant.java,logic,pending,
world/entity/animal/equine/ZombieHorse.java,logic,pending,
world/entity/animal/equine/package-info.java,logic,pending,
world/entity/animal/feline/Cat.java,logic,pending,
world/entity/animal/feline/CatSoundVariant.java,logic,pending,
world/entity/animal/feline/CatSoundVariants.java,logic,pending,
world/entity/animal/feline/CatVariant.java,logic,pending,
world/entity/animal/feline/CatVariants.java,logic,pending,
world/entity/animal/feline/Ocelot.java,logic,pending,
world/entity/animal/feline/package-info.java,logic,pending,
world/entity/animal/fish/AbstractFish.java,logic,pending,
world/entity/animal/fish/AbstractSchoolingFish.java,logic,pending,
world/entity/animal/fish/Cod.java,logic,pending,
world/entity/animal/fish/Pufferfish.java,logic,pending,
world/entity/animal/fish/Salmon.java,logic,pending,
world/entity/animal/fish/TropicalFish.java,logic,pending,
world/entity/animal/fish/WaterAnimal.java,logic,pending,
world/entity/animal/fish/package-info.java,logic,pending,
world/entity/animal/fox/Fox.java,logic,pending,
world/entity/animal/fox/package-info.java,logic,pending,
world/entity/animal/frog/Frog.java,logic,pending,
world/entity/animal/frog/FrogAi.java,logic,pending,
world/entity/animal/frog/FrogVariant.java,logic,pending,
world/entity/animal/frog/FrogVariants.java,logic,pending,
world/entity/animal/frog/ShootTongue.java,logic,pending,
world/entity/animal/frog/Tadpole.java,logic,pending,
world/entity/animal/frog/TadpoleAi.java,logic,pending,
world/entity/animal/frog/package-info.java,logic,pending,
world/entity/animal/goat/Goat.java,logic,pending,
world/entity/animal/goat/GoatAi.java,logic,pending,
world/entity/animal/goat/package-info.java,logic,pending,
world/entity/animal/golem/AbstractGolem.java,logic,pending,
world/entity/animal/golem/CopperGolem.java,logic,pending,
world/entity/animal/golem/CopperGolemAi.java,logic,pending,
world/entity/animal/golem/CopperGolemOxidationLevel.java,logic,pending,
world/entity/animal/golem/CopperGolemOxidationLevels.java,logic,pending,
world/entity/animal/golem/CopperGolemState.java,logic,pending,
world/entity/animal/golem/IronGolem.java,logic,pending,
world/entity/animal/golem/SnowGolem.java,logic,pending,
world/entity/animal/golem/package-info.java,logic,pending,
world/entity/animal/happyghast/HappyGhast.java,logic,pending,
world/entity/animal/happyghast/HappyGhastAi.java,logic,pending,
world/entity/animal/happyghast/package-info.java,logic,pending,
world/entity/animal/nautilus/AbstractNautilus.java,logic,pending,
world/entity/animal/nautilus/Nautilus.java,logic,pending,
world/entity/animal/nautilus/NautilusAi.java,logic,pending,
world/entity/animal/nautilus/ZombieNautilus.java,logic,pending,
world/entity/animal/nautilus/ZombieNautilusAi.java,logic,pending,
world/entity/animal/nautilus/ZombieNautilusVariant.java,logic,pending,
world/entity/animal/nautilus/ZombieNautilusVariants.java,logic,pending,
world/entity/animal/nautilus/package-info.java,logic,pending,
world/entity/animal/package-info.java,logic,pending,
world/entity/animal/panda/Panda.java,logic,pending,
world/entity/animal/panda/package-info.java,logic,pending,
world/entity/animal/parrot/Parrot.java,logic,pending,
world/entity/animal/parrot/ShoulderRidingEntity.java,logic,pending,
world/entity/animal/parrot/package-info.java,logic,pending,
world/entity/animal/pig/Pig.java,logic,pending,
world/entity/animal/pig/PigSoundVariant.java,logic,pending,
world/entity/animal/pig/PigSoundVariants.java,logic,pending,
world/entity/animal/pig/PigVariant.java,logic,pending,
world/entity/animal/pig/PigVariants.java,logic,pending,
world/entity/animal/pig/package-info.java,logic,pending,
world/entity/animal/polarbear/PolarBear.java,logic,pending,
world/entity/animal/polarbear/package-info.java,logic,pending,
world/entity/animal/rabbit/Rabbit.java,logic,pending,
world/entity/animal/rabbit/package-info.java,logic,pending,
world/entity/animal/sheep/Sheep.java,logic,pending,
world/entity/animal/sheep/SheepColorSpawnRules.java,logic,pending,
world/entity/animal/sheep/package-info.java,logic,pending,
world/entity/animal/sniffer/Sniffer.java,logic,pending,
world/entity/animal/sniffer/SnifferAi.java,logic,pending,
world/entity/animal/sniffer/package-info.java,logic,pending,
world/entity/animal/squid/GlowSquid.java,logic,pending,
world/entity/animal/squid/Squid.java,logic,pending,
world/entity/animal/squid/package-info.java,logic,pending,
world/entity/animal/turtle/Turtle.java,logic,pending,
world/entity/animal/turtle/package-info.java,logic,pending,
world/entity/animal/wolf/Wolf.java,logic,pending,
world/entity/animal/wolf/WolfSoundVariant.java,logic,pending,
world/entity/animal/wolf/WolfSoundVariants.java,logic,pending,
world/entity/animal/wolf/WolfVariant.java,logic,pending,
world/entity/animal/wolf/WolfVariants.java,logic,pending,
world/entity/animal/wolf/package-info.java,logic,pending,
world/entity/boss/enderdragon/DragonFlightHistory.java,logic,pending,
world/entity/boss/enderdragon/EndCrystal.java,logic,pending,
world/entity/boss/enderdragon/EnderDragon.java,logic,pending,
world/entity/boss/enderdragon/EnderDragonPart.java,logic,pending,
world/entity/boss/enderdragon/package-info.java,logic,pending,
world/entity/boss/enderdragon/phases/AbstractDragonPhaseInstance.java,logic,pending,
world/entity/boss/enderdragon/phases/AbstractDragonSittingPhase.java,logic,pending,
world/entity/boss/enderdragon/phases/DragonChargePlayerPhase.java,logic,pending,
world/entity/boss/enderdragon/phases/DragonDeathPhase.java,logic,pending,
world/entity/boss/enderdragon/phases/DragonHoldingPatternPhase.java,logic,pending,
world/entity/boss/enderdragon/phases/DragonHoverPhase.java,logic,pending,
world/entity/boss/enderdragon/phases/DragonLandingApproachPhase.java,logic,pending,
world/entity/boss/enderdragon/phases/DragonLandingPhase.java,logic,pending,
world/entity/boss/enderdragon/phases/DragonPhaseInstance.java,logic,pending,
world/entity/boss/enderdragon/phases/DragonSittingAttackingPhase.java,logic,pending,
world/entity/boss/enderdragon/phases/DragonSittingFlamingPhase.java,logic,pending,
world/entity/boss/enderdragon/phases/DragonSittingScanningPhase.java,logic,pending,
world/entity/boss/enderdragon/phases/DragonStrafePlayerPhase.java,logic,pending,
world/entity/boss/enderdragon/phases/DragonTakeoffPhase.java,logic,pending,
world/entity/boss/enderdragon/phases/EnderDragonPhase.java,logic,pending,
world/entity/boss/enderdragon/phases/EnderDragonPhaseManager.java,logic,pending,
world/entity/boss/enderdragon/phases/package-info.java,logic,pending,
world/entity/boss/wither/WitherBoss.java,logic,pending,
world/entity/boss/wither/package-info.java,logic,pending,
world/entity/decoration/ArmorStand.java,logic,pending,
world/entity/decoration/BlockAttachedEntity.java,logic,pending,
world/entity/decoration/GlowItemFrame.java,logic,pending,
world/entity/decoration/HangingEntity.java,logic,pending,
world/entity/decoration/ItemFrame.java,logic,pending,
world/entity/decoration/LeashFenceKnotEntity.java,logic,pending,
world/entity/decoration/Mannequin.java,logic,pending,
world/entity/decoration/package-info.java,logic,pending,
world/entity/decoration/painting/Painting.java,logic,pending,
world/entity/decoration/painting/PaintingVariant.java,logic,pending,
world/entity/decoration/painting/PaintingVariants.java,logic,pending,
world/entity/decoration/painting/package-info.java,logic,pending,
world/entity/item/FallingBlockEntity.java,logic,pending,
world/entity/item/ItemEntity.java,logic,pending,
world/entity/item/PrimedTnt.java,logic,pending,
world/entity/item/package-info.java,logic,pending,
world/entity/monster/Blaze.java,logic,pending,
world/entity/monster/Creeper.java,logic,pending,
world/entity/monster/CrossbowAttackMob.java,logic,pending,
world/entity/monster/ElderGuardian.java,logic,pending,
world/entity/monster/EnderMan.java,logic,pending,
world/entity/monster/Endermite.java,logic,pending,
world/entity/monster/Enemy.java,logic,pending,
world/entity/monster/Ghast.java,logic,pending,
world/entity/monster/Giant.java,logic,pending,
world/entity/monster/Guardian.java,logic,pending,
world/entity/monster/MagmaCube.java,logic,pending,
world/entity/monster/Monster.java,logic,pending,
world/entity/monster/PatrollingMonster.java,logic,pending,
world/entity/monster/Phantom.java,logic,pending,
world/entity/monster/RangedAttackMob.java,logic,pending,
world/entity/monster/Ravager.java,logic,pending,
world/entity/monster/Shulker.java,logic,pending,
world/entity/monster/Silverfish.java,logic,pending,
world/entity/monster/Slime.java,logic,pending,
world/entity/monster/Strider.java,logic,pending,
world/entity/monster/Vex.java,logic,pending,
world/entity/monster/Witch.java,logic,pending,
world/entity/monster/Zoglin.java,logic,pending,
world/entity/monster/breeze/Breeze.java,logic,pending,
world/entity/monster/breeze/BreezeAi.java,logic,pending,
world/entity/monster/breeze/BreezeUtil.java,logic,pending,
world/entity/monster/breeze/LongJump.java,logic,pending,
world/entity/monster/breeze/Shoot.java,logic,pending,
world/entity/monster/breeze/ShootWhenStuck.java,logic,pending,
world/entity/monster/breeze/Slide.java,logic,pending,
world/entity/monster/breeze/package-info.java,logic,pending,
world/entity/monster/creaking/Creaking.java,logic,pending,
world/entity/monster/creaking/CreakingAi.java,logic,pending,
world/entity/monster/creaking/package-info.java,logic,pending,
world/entity/monster/hoglin/Hoglin.java,logic,pending,
world/entity/monster/hoglin/HoglinAi.java,logic,pending,
world/entity/monster/hoglin/HoglinBase.java,logic,pending,
world/entity/monster/hoglin/package-info.java,logic,pending,
world/entity/monster/illager/AbstractIllager.java,logic,pending,
world/entity/monster/illager/Evoker.java,logic,pending,
world/entity/monster/illager/Illusioner.java,logic,pending,
world/entity/monster/illager/Pillager.java,logic,pending,
world/entity/monster/illager/SpellcasterIllager.java,logic,pending,
world/entity/monster/illager/Vindicator.java,logic,pending,
world/entity/monster/illager/package-info.java,logic,pending,
world/entity/monster/package-info.java,logic,pending,
world/entity/monster/piglin/AbstractPiglin.java,logic,pending,
world/entity/monster/piglin/Piglin.java,logic,pending,
world/entity/monster/piglin/PiglinAi.java,logic,pending,
world/entity/monster/piglin/PiglinArmPose.java,logic,pending,
world/entity/monster/piglin/PiglinBrute.java,logic,pending,
world/entity/monster/piglin/PiglinBruteAi.java,logic,pending,
world/entity/monster/piglin/RememberIfHoglinWasKilled.java,logic,pending,
world/entity/monster/piglin/StartAdmiringItemIfSeen.java,logic,pending,
world/entity/monster/piglin/StartHuntingHoglin.java,logic,pending,
world/entity/monster/piglin/StopAdmiringIfItemTooFarAway.java,logic,pending,
world/entity/monster/piglin/StopAdmiringIfTiredOfTryingToReachItem.java,logic,pending,
world/entity/monster/piglin/StopHoldingItemIfNoLongerAdmiring.java,logic,pending,
world/entity/monster/piglin/package-info.java,logic,pending,
world/entity/monster/skeleton/AbstractSkeleton.java,logic,pending,
world/entity/monster/skeleton/Bogged.java,logic,pending,
world/entity/monster/skeleton/Parched.java,logic,pending,
world/entity/monster/skeleton/Skeleton.java,logic,pending,
world/entity/monster/skeleton/Stray.java,logic,pending,
world/entity/monster/skeleton/WitherSkeleton.java,logic,pending,
world/entity/monster/skeleton/package-info.java,logic,pending,
world/entity/monster/spider/CaveSpider.java,logic,pending,
world/entity/monster/spider/Spider.java,logic,pending,
world/entity/monster/spider/package-info.java,logic,pending,
world/entity/monster/warden/AngerLevel.java,logic,pending,
world/entity/monster/warden/AngerManagement.java,logic,pending,
world/entity/monster/warden/Warden.java,logic,pending,
world/entity/monster/warden/WardenAi.java,logic,pending,
world/entity/monster/warden/WardenSpawnTracker.java,logic,pending,
world/entity/monster/warden/package-info.java,logic,pending,
world/entity/monster/zombie/Drowned.java,logic,pending,
world/entity/monster/zombie/Husk.java,logic,pending,
world/entity/monster/zombie/Zombie.java,logic,pending,
world/entity/monster/zombie/ZombieVillager.java,logic,pending,
world/entity/monster/zombie/ZombifiedPiglin.java,logic,pending,
world/entity/monster/zombie/package-info.java,logic,pending,
world/entity/npc/CatSpawner.java,logic,pending,
world/entity/npc/ClientSideMerchant.java,logic,pending,
world/entity/npc/InventoryCarrier.java,logic,pending,
world/entity/npc/Npc.java,logic,pending,
world/entity/npc/package-info.java,logic,pending,
world/entity/npc/villager/AbstractVillager.java,logic,pending,
world/entity/npc/villager/Villager.java,logic,pending,
world/entity/npc/villager/VillagerData.java,logic,pending,
world/entity/npc/villager/VillagerDataHolder.java,logic,pending,
world/entity/npc/villager/VillagerProfession.java,logic,pending,
world/entity/npc/villager/VillagerType.java,logic,pending,
world/entity/npc/villager/package-info.java,logic,pending,
world/entity/npc/wanderingtrader/WanderingTrader.java,logic,pending,
world/entity/npc/wanderingtrader/WanderingTraderSpawner.java,logic,pending,
world/entity/npc/wanderingtrader/package-info.java,logic,pending,
world/entity/package-info.java,logic,pending,
world/entity/player/Abilities.java,logic,pending,
world/entity/player/ChatVisiblity.java,logic,pending,
world/entity/player/Input.java,logic,pending,
world/entity/player/Inventory.java,logic,pending,
world/entity/player/Player.java,logic,pending,
world/entity/player/PlayerEquipment.java,logic,pending,
world/entity/player/PlayerModelPart.java,logic,pending,
world/entity/player/PlayerModelType.java,logic,pending,
world/entity/player/PlayerSkin.java,logic,pending,
world/entity/player/ProfileKeyPair.java,logic,pending,
world/entity/player/ProfilePublicKey.java,logic,pending,
world/entity/player/StackedContents.java,logic,pending,
world/entity/player/StackedItemContents.java,logic,pending,
world/entity/player/package-info.java,logic,pending,
world/entity/projectile/EvokerFangs.java,logic,pending,
world/entity/projectile/EyeOfEnder.java,logic,pending,
world/entity/projectile/FireworkRocketEntity.java,logic,pending,
world/entity/projectile/FishingHook.java,logic,pending,
world/entity/projectile/ItemSupplier.java,logic,pending,
world/entity/projectile/LlamaSpit.java,logic,pending,
world/entity/projectile/Projectile.java,logic,pending,
world/entity/projectile/ProjectileDeflection.java,logic,pending,
world/entity/projectile/ProjectileUtil.java,logic,pending,
world/entity/projectile/ShulkerBullet.java,logic,pending,
world/entity/projectile/ThrowableProjectile.java,logic,pending,
world/entity/projectile/arrow/AbstractArrow.java,logic,pending,
world/entity/projectile/arrow/Arrow.java,logic,pending,
world/entity/projectile/arrow/SpectralArrow.java,logic,pending,
world/entity/projectile/arrow/ThrownTrident.java,logic,pending,
world/entity/projectile/arrow/package-info.java,logic,pending,
world/entity/projectile/hurtingprojectile/AbstractHurtingProjectile.java,logic,pending,
world/entity/projectile/hurtingprojectile/DragonFireball.java,logic,pending,
world/entity/projectile/hurtingprojectile/Fireball.java,logic,pending,
world/entity/projectile/hurtingprojectile/LargeFireball.java,logic,pending,
world/entity/projectile/hurtingprojectile/SmallFireball.java,logic,pending,
world/entity/projectile/hurtingprojectile/WitherSkull.java,logic,pending,
world/entity/projectile/hurtingprojectile/package-info.java,logic,pending,
world/entity/projectile/hurtingprojectile/windcharge/AbstractWindCharge.java,logic,pending,
world/entity/projectile/hurtingprojectile/windcharge/BreezeWindCharge.java,logic,pending,
world/entity/projectile/hurtingprojectile/windcharge/WindCharge.java,logic,pending,
world/entity/projectile/hurtingprojectile/windcharge/package-info.java,logic,pending,
world/entity/projectile/package-info.java,logic,pending,
world/entity/projectile/throwableitemprojectile/AbstractThrownPotion.java,logic,pending,
world/entity/projectile/throwableitemprojectile/Snowball.java,logic,pending,
world/entity/projectile/throwableitemprojectile/ThrowableItemProjectile.java,logic,pending,
world/entity/projectile/throwableitemprojectile/ThrownEgg.java,logic,pending,
world/entity/projectile/throwableitemprojectile/ThrownEnderpearl.java,logic,pending,
world/entity/projectile/throwableitemprojectile/ThrownExperienceBottle.java,logic,pending,
world/entity/projectile/throwableitemprojectile/ThrownLingeringPotion.java,logic,pending,
world/entity/projectile/throwableitemprojectile/ThrownSplashPotion.java,logic,pending,
world/entity/projectile/throwableitemprojectile/package-info.java,logic,pending,
world/entity/raid/Raid.java,logic,pending,
world/entity/raid/Raider.java,logic,pending,
world/entity/raid/Raids.java,logic,pending,
world/entity/raid/package-info.java,logic,pending,
world/entity/schedule/Activity.java,logic,pending,
world/entity/schedule/package-info.java,logic,pending,
world/entity/variant/BiomeCheck.java,logic,pending,
world/entity/variant/ModelAndTexture.java,logic,pending,
world/entity/variant/MoonBrightnessCheck.java,logic,pending,
world/entity/variant/PriorityProvider.java,logic,pending,
world/entity/variant/SpawnCondition.java,logic,pending,
world/entity/variant/SpawnConditions.java,logic,pending,
world/entity/variant/SpawnContext.java,logic,pending,
world/entity/variant/SpawnPrioritySelectors.java,logic,pending,
world/entity/variant/StructureCheck.java,logic,pending,
world/entity/variant/VariantUtils.java,logic,pending,
world/entity/variant/package-info.java,logic,pending,
world/entity/vehicle/ContainerEntity.java,logic,pending,
world/entity/vehicle/DismountHelper.java,logic,pending,
world/entity/vehicle/VehicleEntity.java,logic,pending,
world/entity/vehicle/boat/AbstractBoat.java,logic,pending,
world/entity/vehicle/boat/AbstractChestBoat.java,logic,pending,
world/entity/vehicle/boat/Boat.java,logic,pending,
world/entity/vehicle/boat/ChestBoat.java,logic,pending,
world/entity/vehicle/boat/ChestRaft.java,logic,pending,
world/entity/vehicle/boat/Raft.java,logic,pending,
world/entity/vehicle/boat/package-info.java,logic,pending,
world/entity/vehicle/minecart/AbstractMinecart.java,logic,pending,
world/entity/vehicle/minecart/AbstractMinecartContainer.java,logic,pending,
world/entity/vehicle/minecart/Minecart.java,logic,pending,
world/entity/vehicle/minecart/MinecartBehavior.java,logic,pending,
world/entity/vehicle/minecart/MinecartChest.java,logic,pending,
world/entity/vehicle/minecart/MinecartCommandBlock.java,logic,pending,
world/entity/vehicle/minecart/MinecartFurnace.java,logic,pending,
world/entity/vehicle/minecart/MinecartHopper.java,logic,pending,
world/entity/vehicle/minecart/MinecartSpawner.java,logic,pending,
world/entity/vehicle/minecart/MinecartTNT.java,logic,pending,
world/entity/vehicle/minecart/NewMinecartBehavior.java,logic,pending,
world/entity/vehicle/minecart/OldMinecartBehavior.java,logic,pending,
world/entity/vehicle/minecart/package-info.java,logic,pending,
world/entity/vehicle/package-info.java,logic,pending,
world/flag/FeatureElement.java,logic,pending,
world/flag/FeatureFlag.java,logic,pending,
world/flag/FeatureFlagRegistry.java,logic,pending,
world/flag/FeatureFlagSet.java,logic,pending,
world/flag/FeatureFlagUniverse.java,logic,pending,
world/flag/FeatureFlags.java,logic,pending,
world/flag/package-info.java,logic,pending,
world/food/FoodConstants.java,logic,pending,
world/food/FoodData.java,logic,pending,
world/food/FoodProperties.java,logic,pending,
world/food/Foods.java,logic,pending,
world/food/package-info.java,logic,pending,
world/inventory/AbstractContainerMenu.java,logic,pending,
world/inventory/AbstractCraftingMenu.java,logic,pending,
world/inventory/AbstractFurnaceMenu.java,logic,pending,
world/inventory/AbstractMountInventoryMenu.java,logic,pending,
world/inventory/AnvilMenu.java,logic,pending,
world/inventory/ArmorSlot.java,logic,pending,
world/inventory/BeaconMenu.java,logic,pending,
world/inventory/BlastFurnaceMenu.java,logic,pending,
world/inventory/BrewingStandMenu.java,logic,pending,
world/inventory/CartographyTableMenu.java,logic,pending,
world/inventory/ChestMenu.java,logic,pending,
world/inventory/ClickAction.java,logic,pending,
world/inventory/ContainerData.java,logic,pending,
world/inventory/ContainerInput.java,logic,pending,
world/inventory/ContainerLevelAccess.java,logic,pending,
world/inventory/ContainerListener.java,logic,pending,
world/inventory/ContainerSynchronizer.java,logic,pending,
world/inventory/CrafterMenu.java,logic,pending,
world/inventory/CrafterSlot.java,logic,pending,
world/inventory/CraftingContainer.java,logic,pending,
world/inventory/CraftingMenu.java,logic,pending,
world/inventory/DataSlot.java,logic,pending,
world/inventory/DispenserMenu.java,logic,pending,
world/inventory/EnchantmentMenu.java,logic,pending,
world/inventory/FurnaceFuelSlot.java,logic,pending,
world/inventory/FurnaceMenu.java,logic,pending,
world/inventory/FurnaceResultSlot.java,logic,pending,
world/inventory/GrindstoneMenu.java,logic,pending,
world/inventory/HopperMenu.java,logic,pending,
world/inventory/HorseInventoryMenu.java,logic,pending,
world/inventory/InventoryMenu.java,logic,pending,
world/inventory/ItemCombinerMenu.java,logic,pending,
world/inventory/ItemCombinerMenuSlotDefinition.java,logic,pending,
world/inventory/LecternMenu.java,logic,pending,
world/inventory/LoomMenu.java,logic,pending,
world/inventory/MenuConstructor.java,logic,pending,
world/inventory/MenuType.java,logic,pending,
world/inventory/MerchantContainer.java,logic,pending,
world/inventory/MerchantMenu.java,logic,pending,
world/inventory/MerchantResultSlot.java,logic,pending,
world/inventory/NautilusInventoryMenu.java,logic,pending,
world/inventory/NonInteractiveResultSlot.java,logic,pending,
world/inventory/PlayerEnderChestContainer.java,logic,pending,
world/inventory/RecipeBookMenu.java,logic,pending,
world/inventory/RecipeBookType.java,logic,pending,
world/inventory/RecipeCraftingHolder.java,logic,pending,
world/inventory/RemoteSlot.java,logic,pending,
world/inventory/ResultContainer.java,logic,pending,
world/inventory/ResultSlot.java,logic,pending,
world/inventory/ShulkerBoxMenu.java,logic,pending,
world/inventory/ShulkerBoxSlot.java,logic,pending,
world/inventory/SimpleContainerData.java,logic,pending,
world/inventory/Slot.java,logic,pending,
world/inventory/SlotRange.java,logic,pending,
world/inventory/SlotRanges.java,logic,pending,
world/inventory/SmithingMenu.java,logic,pending,
world/inventory/SmokerMenu.java,logic,pending,
world/inventory/StackedContentsCompatible.java,logic,pending,
world/inventory/StonecutterMenu.java,logic,pending,
world/inventory/TransientCraftingContainer.java,logic,pending,
world/inventory/package-info.java,logic,pending,
world/inventory/tooltip/BundleTooltip.java,logic,pending,
world/inventory/tooltip/TooltipComponent.java,logic,pending,
world/inventory/tooltip/package-info.java,logic,pending,
world/item/AdventureModePredicate.java,logic,pending,
world/item/AirItem.java,logic,pending,
world/item/ArmorStandItem.java,logic,pending,
world/item/ArrowItem.java,logic,pending,
world/item/AxeItem.java,logic,pending,
world/item/BannerItem.java,logic,pending,
world/item/BedItem.java,logic,pending,
world/item/BlockItem.java,logic,pending,
world/item/BoatItem.java,logic,pending,
world/item/BoneMealItem.java,logic,pending,
world/item/BottleItem.java,logic,pending,
world/item/BowItem.java,logic,pending,
world/item/BrushItem.java,logic,pending,
world/item/BucketItem.java,logic,pending,
world/item/BundleItem.java,logic,pending,
world/item/CompassItem.java,logic,pending,
world/item/CreativeModeTab.java,logic,pending,
world/item/CreativeModeTabs.java,logic,pending,
world/item/CrossbowItem.java,logic,pending,
world/item/DebugStickItem.java,logic,pending,
world/item/DiscFragmentItem.java,logic,pending,
world/item/DispensibleContainerItem.java,logic,pending,
world/item/DoubleHighBlockItem.java,logic,pending,
world/item/DyeColor.java,logic,pending,
world/item/DyeItem.java,logic,pending,
world/item/EggItem.java,logic,pending,
world/item/EmptyMapItem.java,logic,pending,
world/item/EndCrystalItem.java,logic,pending,
world/item/EnderEyeItem.java,logic,pending,
world/item/EnderpearlItem.java,logic,pending,
world/item/ExperienceBottleItem.java,logic,pending,
world/item/FireChargeItem.java,logic,pending,
world/item/FireworkRocketItem.java,logic,pending,
world/item/FishingRodItem.java,logic,pending,
world/item/FlintAndSteelItem.java,logic,pending,
world/item/FoodOnAStickItem.java,logic,pending,
world/item/GameMasterBlockItem.java,logic,pending,
world/item/GlowInkSacItem.java,logic,pending,
world/item/HangingEntityItem.java,logic,pending,
world/item/HangingSignItem.java,logic,pending,
world/item/HoeItem.java,logic,pending,
world/item/HoneycombItem.java,logic,pending,
world/item/InkSacItem.java,logic,pending,
world/item/Instrument.java,logic,pending,
world/item/InstrumentItem.java,logic,pending,
world/item/Instruments.java,logic,pending,
world/item/Item.java,logic,pending,
world/item/ItemCooldowns.java,logic,pending,
world/item/ItemDisplayContext.java,logic,pending,
world/item/ItemFrameItem.java,logic,pending,
world/item/ItemInstance.java,logic,pending,
world/item/ItemStack.java,logic,pending,
world/item/ItemStackLinkedSet.java,logic,pending,
world/item/ItemStackTemplate.java,logic,pending,
world/item/ItemUseAnimation.java,logic,pending,
world/item/ItemUtils.java,logic,pending,
world/item/Items.java,logic,pending,
world/item/JukeboxPlayable.java,logic,pending,
world/item/JukeboxSong.java,logic,pending,
world/item/JukeboxSongPlayer.java,logic,pending,
world/item/JukeboxSongs.java,logic,pending,
world/item/KnowledgeBookItem.java,logic,pending,
world/item/LeadItem.java,logic,pending,
world/item/LingeringPotionItem.java,logic,pending,
world/item/MaceItem.java,logic,pending,
world/item/MapItem.java,logic,pending,
world/item/MinecartItem.java,logic,pending,
world/item/MobBucketItem.java,logic,pending,
world/item/NameTagItem.java,logic,pending,
world/item/PlaceOnWaterBlockItem.java,logic,pending,
world/item/PlayerHeadItem.java,logic,pending,
world/item/PotionItem.java,logic,pending,
world/item/ProjectileItem.java,logic,pending,
world/item/ProjectileWeaponItem.java,logic,pending,
world/item/Rarity.java,logic,pending,
world/item/ScaffoldingBlockItem.java,logic,pending,
world/item/ServerItemCooldowns.java,logic,pending,
world/item/ShearsItem.java,logic,pending,
world/item/ShieldItem.java,logic,pending,
world/item/ShovelItem.java,logic,pending,
world/item/SignApplicator.java,logic,pending,
world/item/SignItem.java,logic,pending,
world/item/SmithingTemplateItem.java,logic,pending,
world/item/SnowballItem.java,logic,pending,
world/item/SolidBucketItem.java,logic,pending,
world/item/SpawnEggItem.java,logic,pending,
world/item/SpectralArrowItem.java,logic,pending,
world/item/SplashPotionItem.java,logic,pending,
world/item/SpyglassItem.java,logic,pending,
world/item/StandingAndWallBlockItem.java,logic,pending,
world/item/SwingAnimationType.java,logic,pending,
world/item/ThrowablePotionItem.java,logic,pending,
world/item/TippedArrowItem.java,logic,pending,
world/item/ToolMaterial.java,logic,pending,
world/item/TooltipFlag.java,logic,pending,
world/item/TridentItem.java,logic,pending,
world/item/WeatheringCopperItems.java,logic,pending,
world/item/WindChargeItem.java,logic,pending,
world/item/WritableBookItem.java,logic,pending,
world/item/WrittenBookItem.java,logic,pending,
world/item/alchemy/Potion.java,logic,pending,
world/item/alchemy/PotionBrewing.java,logic,pending,
world/item/alchemy/PotionContents.java,logic,pending,
world/item/alchemy/Potions.java,logic,pending,
world/item/alchemy/package-info.java,logic,pending,
world/item/component/AttackRange.java,logic,pending,
world/item/component/Bees.java,logic,pending,
world/item/component/BlockItemStateProperties.java,logic,pending,
world/item/component/BlocksAttacks.java,logic,pending,
world/item/component/BookContent.java,logic,pending,
world/item/component/BundleContents.java,logic,pending,
world/item/component/ChargedProjectiles.java,logic,pending,
world/item/component/Consumable.java,logic,pending,
world/item/component/ConsumableListener.java,logic,pending,
world/item/component/Consumables.java,logic,pending,
world/item/component/CustomData.java,logic,pending,
world/item/component/CustomModelData.java,logic,pending,
world/item/component/DamageResistant.java,logic,pending,
world/item/component/DeathProtection.java,logic,pending,
world/item/component/DebugStickState.java,logic,pending,
world/item/component/DyedItemColor.java,logic,pending,
world/item/component/FireworkExplosion.java,logic,pending,
world/item/component/Fireworks.java,logic,pending,
world/item/component/InstrumentComponent.java,logic,pending,
world/item/component/ItemAttributeModifiers.java,logic,pending,
world/item/component/ItemContainerContents.java,logic,pending,
world/item/component/ItemLore.java,logic,pending,
world/item/component/KineticWeapon.java,logic,pending,
world/item/component/LodestoneTracker.java,logic,pending,
world/item/component/MapDecorations.java,logic,pending,
world/item/component/MapItemColor.java,logic,pending,
world/item/component/MapPostProcessing.java,logic,pending,
world/item/component/OminousBottleAmplifier.java,logic,pending,
world/item/component/PiercingWeapon.java,logic,pending,
world/item/component/ProvidesTrimMaterial.java,logic,pending,
world/item/component/ResolvableProfile.java,logic,pending,
world/item/component/SeededContainerLoot.java,logic,pending,
world/item/component/SuspiciousStewEffects.java,logic,pending,
world/item/component/SwingAnimation.java,logic,pending,
world/item/component/Tool.java,logic,pending,
world/item/component/TooltipDisplay.java,logic,pending,
world/item/component/TooltipProvider.java,logic,pending,
world/item/component/TypedEntityData.java,logic,pending,
world/item/component/UseCooldown.java,logic,pending,
world/item/component/UseEffects.java,logic,pending,
world/item/component/UseRemainder.java,logic,pending,
world/item/component/Weapon.java,logic,pending,
world/item/component/WritableBookContent.java,logic,pending,
world/item/component/WrittenBookContent.java,logic,pending,
world/item/component/package-info.java,logic,pending,
world/item/consume_effects/ApplyStatusEffectsConsumeEffect.java,logic,pending,
world/item/consume_effects/ClearAllStatusEffectsConsumeEffect.java,logic,pending,
world/item/consume_effects/ConsumeEffect.java,logic,pending,
world/item/consume_effects/PlaySoundConsumeEffect.java,logic,pending,
world/item/consume_effects/RemoveStatusEffectsConsumeEffect.java,logic,pending,
world/item/consume_effects/TeleportRandomlyConsumeEffect.java,logic,pending,
world/item/consume_effects/package-info.java,logic,pending,
world/item/context/BlockPlaceContext.java,logic,pending,
world/item/context/DirectionalPlaceContext.java,logic,pending,
world/item/context/UseOnContext.java,logic,pending,
world/item/context/package-info.java,logic,pending,
world/item/crafting/AbstractCookingRecipe.java,logic,pending,
world/item/crafting/BannerDuplicateRecipe.java,logic,pending,
world/item/crafting/BlastingRecipe.java,logic,pending,
world/item/crafting/BookCloningRecipe.java,logic,pending,
world/item/crafting/CampfireCookingRecipe.java,logic,pending,
world/item/crafting/CookingBookCategory.java,logic,pending,
world/item/crafting/CraftingBookCategory.java,logic,pending,
world/item/crafting/CraftingInput.java,logic,pending,
world/item/crafting/CraftingRecipe.java,logic,pending,
world/item/crafting/CustomRecipe.java,logic,pending,
world/item/crafting/DecoratedPotRecipe.java,logic,pending,
world/item/crafting/DyeRecipe.java,logic,pending,
world/item/crafting/ExtendedRecipeBookCategory.java,logic,pending,
world/item/crafting/FireworkRocketRecipe.java,logic,pending,
world/item/crafting/FireworkStarFadeRecipe.java,logic,pending,
world/item/crafting/FireworkStarRecipe.java,logic,pending,
world/item/crafting/ImbueRecipe.java,logic,pending,
world/item/crafting/Ingredient.java,logic,pending,
world/item/crafting/MapExtendingRecipe.java,logic,pending,
world/item/crafting/NormalCraftingRecipe.java,logic,pending,
world/item/crafting/PlacementInfo.java,logic,pending,
world/item/crafting/Recipe.java,logic,pending,
world/item/crafting/RecipeAccess.java,logic,pending,
world/item/crafting/RecipeBookCategories.java,logic,pending,
world/item/crafting/RecipeBookCategory.java,logic,pending,
world/item/crafting/RecipeCache.java,logic,pending,
world/item/crafting/RecipeHolder.java,logic,pending,
world/item/crafting/RecipeInput.java,logic,pending,
world/item/crafting/RecipeManager.java,logic,pending,
world/item/crafting/RecipeMap.java,logic,pending,
world/item/crafting/RecipePropertySet.java,logic,pending,
world/item/crafting/RecipeSerializer.java,logic,pending,
world/item/crafting/RecipeSerializers.java,logic,pending,
world/item/crafting/RecipeType.java,logic,pending,
world/item/crafting/RepairItemRecipe.java,logic,pending,
world/item/crafting/SelectableRecipe.java,logic,pending,
world/item/crafting/ShapedRecipe.java,logic,pending,
world/item/crafting/ShapedRecipePattern.java,logic,pending,
world/item/crafting/ShapelessRecipe.java,logic,pending,
world/item/crafting/ShieldDecorationRecipe.java,logic,pending,
world/item/crafting/SimpleSmithingRecipe.java,logic,pending,
world/item/crafting/SingleItemRecipe.java,logic,pending,
world/item/crafting/SingleRecipeInput.java,logic,pending,
world/item/crafting/SmeltingRecipe.java,logic,pending,
world/item/crafting/SmithingRecipe.java,logic,pending,
world/item/crafting/SmithingRecipeInput.java,logic,pending,
world/item/crafting/SmithingTransformRecipe.java,logic,pending,
world/item/crafting/SmithingTrimRecipe.java,logic,pending,
world/item/crafting/SmokingRecipe.java,logic,pending,
world/item/crafting/StonecutterRecipe.java,logic,pending,
world/item/crafting/TransmuteRecipe.java,logic,pending,
world/item/crafting/display/DisplayContentsFactory.java,logic,pending,
world/item/crafting/display/FurnaceRecipeDisplay.java,logic,pending,
world/item/crafting/display/RecipeDisplay.java,logic,pending,
world/item/crafting/display/RecipeDisplayEntry.java,logic,pending,
world/item/crafting/display/RecipeDisplayId.java,logic,pending,
world/item/crafting/display/RecipeDisplays.java,logic,pending,
world/item/crafting/display/ShapedCraftingRecipeDisplay.java,logic,pending,
world/item/crafting/display/ShapelessCraftingRecipeDisplay.java,logic,pending,
world/item/crafting/display/SlotDisplay.java,logic,pending,
world/item/crafting/display/SlotDisplayContext.java,logic,pending,
world/item/crafting/display/SlotDisplays.java,logic,pending,
world/item/crafting/display/SmithingRecipeDisplay.java,logic,pending,
world/item/crafting/display/StonecutterRecipeDisplay.java,logic,pending,
world/item/crafting/display/package-info.java,logic,pending,
world/item/crafting/package-info.java,logic,pending,
world/item/enchantment/ConditionalEffect.java,logic,pending,
world/item/enchantment/Enchantable.java,logic,pending,
world/item/enchantment/EnchantedItemInUse.java,logic,pending,
world/item/enchantment/Enchantment.java,logic,pending,
world/item/enchantment/EnchantmentEffectComponents.java,logic,pending,
world/item/enchantment/EnchantmentHelper.java,logic,pending,
world/item/enchantment/EnchantmentInstance.java,logic,pending,
world/item/enchantment/EnchantmentTarget.java,logic,pending,
world/item/enchantment/Enchantments.java,logic,pending,
world/item/enchantment/ItemEnchantments.java,logic,pending,
world/item/enchantment/LevelBasedValue.java,logic,pending,
world/item/enchantment/Repairable.java,logic,pending,
world/item/enchantment/TargetedConditionalEffect.java,logic,pending,
world/item/enchantment/effects/AddValue.java,logic,pending,
world/item/enchantment/effects/AllOf.java,logic,pending,
world/item/enchantment/effects/ApplyEntityImpulse.java,logic,pending,
world/item/enchantment/effects/ApplyExhaustion.java,logic,pending,
world/item/enchantment/effects/ApplyMobEffect.java,logic,pending,
world/item/enchantment/effects/ChangeItemDamage.java,logic,pending,
world/item/enchantment/effects/DamageEntity.java,logic,pending,
world/item/enchantment/effects/DamageImmunity.java,logic,pending,
world/item/enchantment/effects/EnchantmentAttributeEffect.java,logic,pending,
world/item/enchantment/effects/EnchantmentEntityEffect.java,logic,pending,
world/item/enchantment/effects/EnchantmentLocationBasedEffect.java,logic,pending,
world/item/enchantment/effects/EnchantmentValueEffect.java,logic,pending,
world/item/enchantment/effects/ExplodeEffect.java,logic,pending,
world/item/enchantment/effects/Ignite.java,logic,pending,
world/item/enchantment/effects/MultiplyValue.java,logic,pending,
world/item/enchantment/effects/PlaySoundEffect.java,logic,pending,
world/item/enchantment/effects/RemoveBinomial.java,logic,pending,
world/item/enchantment/effects/ReplaceBlock.java,logic,pending,
world/item/enchantment/effects/ReplaceDisk.java,logic,pending,
world/item/enchantment/effects/RunFunction.java,logic,pending,
world/item/enchantment/effects/ScaleExponentially.java,logic,pending,
world/item/enchantment/effects/SetBlockProperties.java,logic,pending,
world/item/enchantment/effects/SetValue.java,logic,pending,
world/item/enchantment/effects/SpawnParticlesEffect.java,logic,pending,
world/item/enchantment/effects/SummonEntityEffect.java,logic,pending,
world/item/enchantment/effects/package-info.java,logic,pending,
world/item/enchantment/package-info.java,logic,pending,
world/item/enchantment/providers/EnchantmentProvider.java,logic,pending,
world/item/enchantment/providers/EnchantmentProviderTypes.java,logic,pending,
world/item/enchantment/providers/EnchantmentsByCost.java,logic,pending,
world/item/enchantment/providers/EnchantmentsByCostWithDifficulty.java,logic,pending,
world/item/enchantment/providers/SingleEnchantment.java,logic,pending,
world/item/enchantment/providers/VanillaEnchantmentProviders.java,logic,pending,
world/item/enchantment/providers/package-info.java,logic,pending,
world/item/equipment/AllowedEntitiesProvider.java,logic,pending,
world/item/equipment/ArmorMaterial.java,logic,pending,
world/item/equipment/ArmorMaterials.java,logic,pending,
world/item/equipment/ArmorType.java,logic,pending,
world/item/equipment/EquipmentAsset.java,logic,pending,
world/item/equipment/EquipmentAssets.java,logic,pending,
world/item/equipment/Equippable.java,logic,pending,
world/item/equipment/package-info.java,logic,pending,
world/item/equipment/trim/ArmorTrim.java,logic,pending,
world/item/equipment/trim/MaterialAssetGroup.java,logic,pending,
world/item/equipment/trim/TrimMaterial.java,logic,pending,
world/item/equipment/trim/TrimMaterials.java,logic,pending,
world/item/equipment/trim/TrimPattern.java,logic,pending,
world/item/equipment/trim/TrimPatterns.java,logic,pending,
world/item/equipment/trim/package-info.java,logic,pending,
world/item/package-info.java,logic,pending,
world/item/slot/CompositeSlotSource.java,logic,pending,
world/item/slot/ContentsSlotSource.java,logic,pending,
world/item/slot/EmptySlotSource.java,logic,pending,
world/item/slot/FilteredSlotSource.java,logic,pending,
world/item/slot/GroupSlotSource.java,logic,pending,
world/item/slot/LimitSlotSource.java,logic,pending,
world/item/slot/RangeSlotSource.java,logic,pending,
world/item/slot/SlotCollection.java,logic,pending,
world/item/slot/SlotSource.java,logic,pending,
world/item/slot/SlotSources.java,logic,pending,
world/item/slot/TransformedSlotSource.java,logic,pending,
world/item/slot/package-info.java,logic,pending,
world/item/trading/ItemCost.java,logic,pending,
world/item/trading/Merchant.java,logic,pending,
world/item/trading/MerchantOffer.java,logic,pending,
world/item/trading/MerchantOffers.java,logic,pending,
world/item/trading/TradeCost.java,logic,pending,
world/item/trading/TradeRebalanceVillagerTrades.java,logic,pending,
world/item/trading/TradeSet.java,logic,pending,
world/item/trading/TradeSets.java,logic,pending,
world/item/trading/VillagerTrade.java,logic,pending,
world/item/trading/VillagerTrades.java,logic,pending,
world/item/trading/package-info.java,logic,pending,
world/level/BaseCommandBlock.java,logic,pending,
world/level/BaseSpawner.java,logic,pending,
world/level/BlockAndLightGetter.java,logic,pending,
world/level/BlockCollisions.java,logic,pending,
world/level/BlockEventData.java,logic,pending,
world/level/BlockGetter.java,logic,pending,
world/level/CardinalLighting.java,logic,pending,
world/level/ChunkPos.java,logic,pending,
world/level/ClipBlockStateContext.java,logic,pending,
world/level/ClipContext.java,logic,pending,
world/level/CollisionGetter.java,logic,pending,
world/level/ColorMapColorUtil.java,logic,pending,
world/level/ColorResolver.java,logic,pending,
world/level/CommonLevelAccessor.java,logic,pending,
world/level/CustomSpawner.java,logic,pending,
world/level/DataPackConfig.java,logic,pending,
world/level/DryFoliageColor.java,logic,pending,
world/level/EmptyBlockGetter.java,logic,pending,
world/level/EntityBasedExplosionDamageCalculator.java,logic,pending,
world/level/EntityGetter.java,logic,pending,
world/level/Explosion.java,logic,pending,
world/level/ExplosionDamageCalculator.java,logic,pending,
world/level/FoliageColor.java,logic,pending,
world/level/GameType.java,logic,pending,
world/level/GrassColor.java,logic,pending,
world/level/ItemLike.java,logic,pending,
world/level/Level.java,logic,pending,
world/level/LevelAccessor.java,logic,pending,
world/level/LevelHeightAccessor.java,logic,pending,
world/level/LevelReader.java,logic,pending,
world/level/LevelSettings.java,logic,pending,
world/level/LevelSimulatedRW.java,logic,pending,
world/level/LevelSimulatedReader.java,logic,pending,
world/level/LevelWriter.java,logic,pending,
world/level/LightLayer.java,logic,pending,
world/level/LocalMobCapCalculator.java,logic,pending,
world/level/MoonPhase.java,logic,pending,
world/level/NaturalSpawner.java,logic,pending,
world/level/NoiseColumn.java,logic,pending,
world/level/PathNavigationRegion.java,logic,pending,
world/level/PotentialCalculator.java,logic,pending,
world/level/ScheduledTickAccess.java,logic,pending,
world/level/ServerExplosion.java,logic,pending,
world/level/ServerLevelAccessor.java,logic,pending,
world/level/SignalGetter.java,logic,pending,
world/level/SimpleExplosionDamageCalculator.java,logic,pending,
world/level/SpawnData.java,logic,pending,
world/level/Spawner.java,logic,pending,
world/level/StructureManager.java,logic,pending,
world/level/TicketStorage.java,logic,pending,
world/level/WorldDataConfiguration.java,logic,pending,
world/level/WorldGenLevel.java,logic,pending,
world/level/biome/Biome.java,logic,pending,
world/level/biome/BiomeGenerationSettings.java,logic,pending,
world/level/biome/BiomeManager.java,logic,pending,
world/level/biome/BiomeResolver.java,logic,pending,
world/level/biome/BiomeSource.java,logic,pending,
world/level/biome/BiomeSources.java,logic,pending,
world/level/biome/BiomeSpecialEffects.java,logic,pending,
world/level/biome/Biomes.java,logic,pending,
world/level/biome/CheckerboardColumnBiomeSource.java,logic,pending,
world/level/biome/Climate.java,logic,pending,
world/level/biome/FeatureSorter.java,logic,pending,
world/level/biome/FixedBiomeSource.java,logic,pending,
world/level/biome/MobSpawnSettings.java,logic,pending,
world/level/biome/MultiNoiseBiomeSource.java,logic,pending,
world/level/biome/MultiNoiseBiomeSourceParameterList.java,logic,pending,
world/level/biome/MultiNoiseBiomeSourceParameterLists.java,logic,pending,
world/level/biome/OverworldBiomeBuilder.java,logic,pending,
world/level/biome/TheEndBiomeSource.java,logic,pending,
world/level/biome/package-info.java,logic,pending,
world/level/block/AbstractBannerBlock.java,logic,pending,
world/level/block/AbstractCandleBlock.java,logic,pending,
world/level/block/AbstractCauldronBlock.java,logic,pending,
world/level/block/AbstractChestBlock.java,logic,pending,
world/level/block/AbstractFurnaceBlock.java,logic,pending,
world/level/block/AbstractSkullBlock.java,logic,pending,
world/level/block/AirBlock.java,logic,pending,
world/level/block/AmethystBlock.java,logic,pending,
world/level/block/AmethystClusterBlock.java,logic,pending,
world/level/block/AnvilBlock.java,logic,pending,
world/level/block/AttachedStemBlock.java,logic,pending,
world/level/block/AzaleaBlock.java,logic,pending,
world/level/block/BambooSaplingBlock.java,logic,pending,
world/level/block/BambooStalkBlock.java,logic,pending,
world/level/block/BannerBlock.java,logic,pending,
world/level/block/BarrelBlock.java,logic,pending,
world/level/block/BarrierBlock.java,logic,pending,
world/level/block/BaseCoralFanBlock.java,logic,pending,
world/level/block/BaseCoralPlantBlock.java,logic,pending,
world/level/block/BaseCoralPlantTypeBlock.java,logic,pending,
world/level/block/BaseCoralWallFanBlock.java,logic,pending,
world/level/block/BaseEntityBlock.java,logic,pending,
world/level/block/BaseFireBlock.java,logic,pending,
world/level/block/BasePressurePlateBlock.java,logic,pending,
world/level/block/BaseRailBlock.java,logic,pending,
world/level/block/BaseTorchBlock.java,logic,pending,
world/level/block/BeaconBeamBlock.java,logic,pending,
world/level/block/BeaconBlock.java,logic,pending,
world/level/block/BedBlock.java,logic,pending,
world/level/block/BeehiveBlock.java,logic,pending,
world/level/block/BeetrootBlock.java,logic,pending,
world/level/block/BellBlock.java,logic,pending,
world/level/block/BigDripleafBlock.java,logic,pending,
world/level/block/BigDripleafStemBlock.java,logic,pending,
world/level/block/BlastFurnaceBlock.java,logic,pending,
world/level/block/Block.java,logic,pending,
world/level/block/BlockTypes.java,logic,pending,
world/level/block/Blocks.java,logic,pending,
world/level/block/BonemealableBlock.java,logic,pending,
world/level/block/BonemealableFeaturePlacerBlock.java,logic,pending,
world/level/block/BrewingStandBlock.java,logic,pending,
world/level/block/BrushableBlock.java,logic,pending,
world/level/block/BubbleColumnBlock.java,logic,pending,
world/level/block/BucketPickup.java,logic,pending,
world/level/block/BuddingAmethystBlock.java,logic,pending,
world/level/block/BushBlock.java,logic,pending,
world/level/block/ButtonBlock.java,logic,pending,
world/level/block/CactusBlock.java,logic,pending,
world/level/block/CactusFlowerBlock.java,logic,pending,
world/level/block/CakeBlock.java,logic,pending,
world/level/block/CalibratedSculkSensorBlock.java,logic,pending,
world/level/block/CampfireBlock.java,logic,pending,
world/level/block/CandleBlock.java,logic,pending,
world/level/block/CandleCakeBlock.java,logic,pending,
world/level/block/CarpetBlock.java,logic,pending,
world/level/block/CarrotBlock.java,logic,pending,
world/level/block/CartographyTableBlock.java,logic,pending,
world/level/block/CarvedPumpkinBlock.java,logic,pending,
world/level/block/CauldronBlock.java,logic,pending,
world/level/block/CaveVines.java,logic,pending,
world/level/block/CaveVinesBlock.java,logic,pending,
world/level/block/CaveVinesPlantBlock.java,logic,pending,
world/level/block/CeilingHangingSignBlock.java,logic,pending,
world/level/block/ChainBlock.java,logic,pending,
world/level/block/ChangeOverTimeBlock.java,logic,pending,
world/level/block/ChestBlock.java,logic,pending,
world/level/block/ChiseledBookShelfBlock.java,logic,pending,
world/level/block/ChorusFlowerBlock.java,logic,pending,
world/level/block/ChorusPlantBlock.java,logic,pending,
world/level/block/CocoaBlock.java,logic,pending,
world/level/block/ColoredFallingBlock.java,logic,pending,
world/level/block/CommandBlock.java,logic,pending,
world/level/block/ComparatorBlock.java,logic,pending,
world/level/block/ComposterBlock.java,logic,pending,
world/level/block/ConcretePowderBlock.java,logic,pending,
world/level/block/ConduitBlock.java,logic,pending,
world/level/block/CopperBulbBlock.java,logic,pending,
world/level/block/CopperChestBlock.java,logic,pending,
world/level/block/CopperGolemStatueBlock.java,logic,pending,
world/level/block/CoralBlock.java,logic,pending,
world/level/block/CoralFanBlock.java,logic,pending,
world/level/block/CoralPlantBlock.java,logic,pending,
world/level/block/CoralWallFanBlock.java,logic,pending,
world/level/block/CrafterBlock.java,logic,pending,
world/level/block/CraftingTableBlock.java,logic,pending,
world/level/block/CreakingHeartBlock.java,logic,pending,
world/level/block/CropBlock.java,logic,pending,
world/level/block/CrossCollisionBlock.java,logic,pending,
world/level/block/CryingObsidianBlock.java,logic,pending,
world/level/block/DaylightDetectorBlock.java,logic,pending,
world/level/block/DecoratedPotBlock.java,logic,pending,
world/level/block/DetectorRailBlock.java,logic,pending,
world/level/block/DiodeBlock.java,logic,pending,
world/level/block/DirectionalBlock.java,logic,pending,
world/level/block/DirtPathBlock.java,logic,pending,
world/level/block/DispenserBlock.java,logic,pending,
world/level/block/DoorBlock.java,logic,pending,
world/level/block/DoubleBlockCombiner.java,logic,pending,
world/level/block/DoublePlantBlock.java,logic,pending,
world/level/block/DragonEggBlock.java,logic,pending,
world/level/block/DriedGhastBlock.java,logic,pending,
world/level/block/DropExperienceBlock.java,logic,pending,
world/level/block/DropperBlock.java,logic,pending,
world/level/block/DryVegetationBlock.java,logic,pending,
world/level/block/EnchantingTableBlock.java,logic,pending,
world/level/block/EndGatewayBlock.java,logic,pending,
world/level/block/EndPortalBlock.java,logic,pending,
world/level/block/EndPortalFrameBlock.java,logic,pending,
world/level/block/EndRodBlock.java,logic,pending,
world/level/block/EnderChestBlock.java,logic,pending,
world/level/block/EntityBlock.java,logic,pending,
world/level/block/EyeblossomBlock.java,logic,pending,
world/level/block/FaceAttachedHorizontalDirectionalBlock.java,logic,pending,
world/level/block/Fallable.java,logic,pending,
world/level/block/FallingBlock.java,logic,pending,
world/level/block/FarmlandBlock.java,logic,pending,
world/level/block/FenceBlock.java,logic,pending,
world/level/block/FenceGateBlock.java,logic,pending,
world/level/block/FireBlock.java,logic,pending,
world/level/block/FireflyBushBlock.java,logic,pending,
world/level/block/FlowerBedBlock.java,logic,pending,
world/level/block/FlowerBlock.java,logic,pending,
world/level/block/FlowerPotBlock.java,logic,pending,
world/level/block/FrogspawnBlock.java,logic,pending,
world/level/block/FrostedIceBlock.java,logic,pending,
world/level/block/FurnaceBlock.java,logic,pending,
world/level/block/GameMasterBlock.java,logic,pending,
world/level/block/GlazedTerracottaBlock.java,logic,pending,
world/level/block/GlowLichenBlock.java,logic,pending,
world/level/block/GrassBlock.java,logic,pending,
world/level/block/GrindstoneBlock.java,logic,pending,
world/level/block/GrowingPlantBlock.java,logic,pending,
world/level/block/GrowingPlantBodyBlock.java,logic,pending,
world/level/block/GrowingPlantHeadBlock.java,logic,pending,
world/level/block/HalfTransparentBlock.java,logic,pending,
world/level/block/HangingMossBlock.java,logic,pending,
world/level/block/HangingRootsBlock.java,logic,pending,
world/level/block/HangingSignBlock.java,logic,pending,
world/level/block/HayBlock.java,logic,pending,
world/level/block/HeavyCoreBlock.java,logic,pending,
world/level/block/HoneyBlock.java,logic,pending,
world/level/block/HopperBlock.java,logic,pending,
world/level/block/HorizontalDirectionalBlock.java,logic,pending,
world/level/block/HugeMushroomBlock.java,logic,pending,
world/level/block/IceBlock.java,logic,pending,
world/level/block/InfestedBlock.java,logic,pending,
world/level/block/InfestedRotatedPillarBlock.java,logic,pending,
world/level/block/IronBarsBlock.java,logic,pending,
world/level/block/JigsawBlock.java,logic,pending,
world/level/block/JukeboxBlock.java,logic,pending,
world/level/block/KelpBlock.java,logic,pending,
world/level/block/KelpPlantBlock.java,logic,pending,
world/level/block/LadderBlock.java,logic,pending,
world/level/block/LanternBlock.java,logic,pending,
world/level/block/LavaCauldronBlock.java,logic,pending,
world/level/block/LayeredCauldronBlock.java,logic,pending,
world/level/block/LeafLitterBlock.java,logic,pending,
world/level/block/LeavesBlock.java,logic,pending,
world/level/block/LecternBlock.java,logic,pending,
world/level/block/LevelEvent.java,logic,pending,
world/level/block/LeverBlock.java,logic,pending,
world/level/block/LightBlock.java,logic,pending,
world/level/block/LightningRodBlock.java,logic,pending,
world/level/block/LilyPadBlock.java,logic,pending,
world/level/block/LiquidBlock.java,logic,pending,
world/level/block/LiquidBlockContainer.java,logic,pending,
world/level/block/LoomBlock.java,logic,pending,
world/level/block/MagmaBlock.java,logic,pending,
world/level/block/MangroveLeavesBlock.java,logic,pending,
world/level/block/MangrovePropaguleBlock.java,logic,pending,
world/level/block/MangroveRootsBlock.java,logic,pending,
world/level/block/Mirror.java,logic,pending,
world/level/block/MossyCarpetBlock.java,logic,pending,
world/level/block/MudBlock.java,logic,pending,
world/level/block/MultifaceBlock.java,logic,pending,
world/level/block/MultifaceSpreadeableBlock.java,logic,pending,
world/level/block/MultifaceSpreader.java,logic,pending,
world/level/block/MushroomBlock.java,logic,pending,
world/level/block/MyceliumBlock.java,logic,pending,
world/level/block/NetherFungusBlock.java,logic,pending,
world/level/block/NetherPortalBlock.java,logic,pending,
world/level/block/NetherRootsBlock.java,logic,pending,
world/level/block/NetherSproutsBlock.java,logic,pending,
world/level/block/NetherVines.java,logic,pending,
world/level/block/NetherWartBlock.java,logic,pending,
world/level/block/NetherrackBlock.java,logic,pending,
world/level/block/NoteBlock.java,logic,pending,
world/level/block/NyliumBlock.java,logic,pending,
world/level/block/ObserverBlock.java,logic,pending,
world/level/block/PiglinWallSkullBlock.java,logic,pending,
world/level/block/PipeBlock.java,logic,pending,
world/level/block/PitcherCropBlock.java,logic,pending,
world/level/block/PlainSignBlock.java,logic,pending,
world/level/block/PlayerHeadBlock.java,logic,pending,
world/level/block/PlayerWallHeadBlock.java,logic,pending,
world/level/block/PointedDripstoneBlock.java,logic,pending,
world/level/block/Portal.java,logic,pending,
world/level/block/PotatoBlock.java,logic,pending,
world/level/block/PowderSnowBlock.java,logic,pending,
world/level/block/PoweredBlock.java,logic,pending,
world/level/block/PoweredRailBlock.java,logic,pending,
world/level/block/PressurePlateBlock.java,logic,pending,
world/level/block/PumpkinBlock.java,logic,pending,
world/level/block/RailBlock.java,logic,pending,
world/level/block/RailState.java,logic,pending,
world/level/block/RedStoneOreBlock.java,logic,pending,
world/level/block/RedStoneWireBlock.java,logic,pending,
world/level/block/RedstoneLampBlock.java,logic,pending,
world/level/block/RedstoneTorchBlock.java,logic,pending,
world/level/block/RedstoneWallTorchBlock.java,logic,pending,
world/level/block/RenderShape.java,logic,pending,
world/level/block/RepeaterBlock.java,logic,pending,
world/level/block/RespawnAnchorBlock.java,logic,pending,
world/level/block/RodBlock.java,logic,pending,
world/level/block/RootedDirtBlock.java,logic,pending,
world/level/block/RotatedPillarBlock.java,logic,pending,
world/level/block/Rotation.java,logic,pending,
world/level/block/SandBlock.java,logic,pending,
world/level/block/SaplingBlock.java,logic,pending,
world/level/block/ScaffoldingBlock.java,logic,pending,
world/level/block/SculkBehaviour.java,logic,pending,
world/level/block/SculkBlock.java,logic,pending,
world/level/block/SculkCatalystBlock.java,logic,pending,
world/level/block/SculkSensorBlock.java,logic,pending,
world/level/block/SculkShriekerBlock.java,logic,pending,
world/level/block/SculkSpreader.java,logic,pending,
world/level/block/SculkVeinBlock.java,logic,pending,
world/level/block/SeaPickleBlock.java,logic,pending,
world/level/block/SeagrassBlock.java,logic,pending,
world/level/block/SegmentableBlock.java,logic,pending,
world/level/block/SelectableSlotContainer.java,logic,pending,
world/level/block/ShelfBlock.java,logic,pending,
world/level/block/ShortDryGrassBlock.java,logic,pending,
world/level/block/ShulkerBoxBlock.java,logic,pending,
world/level/block/SideChainPartBlock.java,logic,pending,
world/level/block/SignBlock.java,logic,pending,
world/level/block/SimpleWaterloggedBlock.java,logic,pending,
world/level/block/SkullBlock.java,logic,pending,
world/level/block/SlabBlock.java,logic,pending,
world/level/block/SlimeBlock.java,logic,pending,
world/level/block/SmallDripleafBlock.java,logic,pending,
world/level/block/SmithingTableBlock.java,logic,pending,
world/level/block/SmokerBlock.java,logic,pending,
world/level/block/SnifferEggBlock.java,logic,pending,
world/level/block/SnowLayerBlock.java,logic,pending,
world/level/block/SnowyBlock.java,logic,pending,
world/level/block/SoulFireBlock.java,logic,pending,
world/level/block/SoulSandBlock.java,logic,pending,
world/level/block/SoundType.java,logic,pending,
world/level/block/SpawnerBlock.java,logic,pending,
world/level/block/SpongeBlock.java,logic,pending,
world/level/block/SporeBlossomBlock.java,logic,pending,
world/level/block/SpreadingSnowyBlock.java,logic,pending,
world/level/block/StainedGlassBlock.java,logic,pending,
world/level/block/StainedGlassPaneBlock.java,logic,pending,
world/level/block/StairBlock.java,logic,pending,
world/level/block/StandingSignBlock.java,logic,pending,
world/level/block/StemBlock.java,logic,pending,
world/level/block/StonecutterBlock.java,logic,pending,
world/level/block/StructureBlock.java,logic,pending,
world/level/block/StructureVoidBlock.java,logic,pending,
world/level/block/SugarCaneBlock.java,logic,pending,
world/level/block/SupportType.java,logic,pending,
world/level/block/SuspiciousEffectHolder.java,logic,pending,
world/level/block/SweetBerryBushBlock.java,logic,pending,
world/level/block/TallDryGrassBlock.java,logic,pending,
world/level/block/TallFlowerBlock.java,logic,pending,
world/level/block/TallGrassBlock.java,logic,pending,
world/level/block/TallSeagrassBlock.java,logic,pending,
world/level/block/TargetBlock.java,logic,pending,
world/level/block/TestBlock.java,logic,pending,
world/level/block/TestInstanceBlock.java,logic,pending,
world/level/block/TintedGlassBlock.java,logic,pending,
world/level/block/TintedParticleLeavesBlock.java,logic,pending,
world/level/block/TntBlock.java,logic,pending,
world/level/block/TorchBlock.java,logic,pending,
world/level/block/TorchflowerCropBlock.java,logic,pending,
world/level/block/TransparentBlock.java,logic,pending,
world/level/block/TrapDoorBlock.java,logic,pending,
world/level/block/TrappedChestBlock.java,logic,pending,
world/level/block/TrialSpawnerBlock.java,logic,pending,
world/level/block/TripWireBlock.java,logic,pending,
world/level/block/TripWireHookBlock.java,logic,pending,
world/level/block/TurtleEggBlock.java,logic,pending,
world/level/block/TwistingVinesBlock.java,logic,pending,
world/level/block/TwistingVinesPlantBlock.java,logic,pending,
world/level/block/UntintedParticleLeavesBlock.java,logic,pending,
world/level/block/VaultBlock.java,logic,pending,
world/level/block/VegetationBlock.java,logic,pending,
world/level/block/VineBlock.java,logic,pending,
world/level/block/WallBannerBlock.java,logic,pending,
world/level/block/WallBlock.java,logic,pending,
world/level/block/WallHangingSignBlock.java,logic,pending,
world/level/block/WallSignBlock.java,logic,pending,
world/level/block/WallSkullBlock.java,logic,pending,
world/level/block/WallTorchBlock.java,logic,pending,
world/level/block/WaterloggedTransparentBlock.java,logic,pending,
world/level/block/WeatheringCopper.java,logic,pending,
world/level/block/WeatheringCopperBarsBlock.java,logic,pending,
world/level/block/WeatheringCopperBlocks.java,logic,pending,
world/level/block/WeatheringCopperBulbBlock.java,logic,pending,
world/level/block/WeatheringCopperChainBlock.java,logic,pending,
world/level/block/WeatheringCopperChestBlock.java,logic,pending,
world/level/block/WeatheringCopperDoorBlock.java,logic,pending,
world/level/block/WeatheringCopperFullBlock.java,logic,pending,
world/level/block/WeatheringCopperGolemStatueBlock.java,logic,pending,
world/level/block/WeatheringCopperGrateBlock.java,logic,pending,
world/level/block/WeatheringCopperSlabBlock.java,logic,pending,
world/level/block/WeatheringCopperStairBlock.java,logic,pending,
world/level/block/WeatheringCopperTrapDoorBlock.java,logic,pending,
world/level/block/WeatheringLanternBlock.java,logic,pending,
world/level/block/WeatheringLightningRodBlock.java,logic,pending,
world/level/block/WebBlock.java,logic,pending,
world/level/block/WeepingVinesBlock.java,logic,pending,
world/level/block/WeepingVinesPlantBlock.java,logic,pending,
world/level/block/WeightedPressurePlateBlock.java,logic,pending,
world/level/block/WetSpongeBlock.java,logic,pending,
world/level/block/WitherRoseBlock.java,logic,pending,
world/level/block/WitherSkullBlock.java,logic,pending,
world/level/block/WitherWallSkullBlock.java,logic,pending,
world/level/block/WoolCarpetBlock.java,logic,pending,
world/level/block/entity/AbstractFurnaceBlockEntity.java,logic,pending,
world/level/block/entity/BannerBlockEntity.java,logic,pending,
world/level/block/entity/BannerPattern.java,logic,pending,
world/level/block/entity/BannerPatternLayers.java,logic,pending,
world/level/block/entity/BannerPatterns.java,logic,pending,
world/level/block/entity/BarrelBlockEntity.java,logic,pending,
world/level/block/entity/BaseContainerBlockEntity.java,logic,pending,
world/level/block/entity/BeaconBeamOwner.java,logic,pending,
world/level/block/entity/BeaconBlockEntity.java,logic,pending,
world/level/block/entity/BedBlockEntity.java,logic,pending,
world/level/block/entity/BeehiveBlockEntity.java,logic,pending,
world/level/block/entity/BellBlockEntity.java,logic,pending,
world/level/block/entity/BlastFurnaceBlockEntity.java,logic,pending,
world/level/block/entity/BlockEntity.java,logic,pending,
world/level/block/entity/BlockEntityTicker.java,logic,pending,
world/level/block/entity/BlockEntityType.java,logic,pending,
world/level/block/entity/BoundingBoxRenderable.java,logic,pending,
world/level/block/entity/BrewingStandBlockEntity.java,logic,pending,
world/level/block/entity/BrushableBlockEntity.java,logic,pending,
world/level/block/entity/CalibratedSculkSensorBlockEntity.java,logic,pending,
world/level/block/entity/CampfireBlockEntity.java,logic,pending,
world/level/block/entity/ChestBlockEntity.java,logic,pending,
world/level/block/entity/ChestLidController.java,logic,pending,
world/level/block/entity/ChiseledBookShelfBlockEntity.java,logic,pending,
world/level/block/entity/CommandBlockEntity.java,logic,pending,
world/level/block/entity/ComparatorBlockEntity.java,logic,pending,
world/level/block/entity/ConduitBlockEntity.java,logic,pending,
world/level/block/entity/ContainerOpenersCounter.java,logic,pending,
world/level/block/entity/CopperGolemStatueBlockEntity.java,logic,pending,
world/level/block/entity/CrafterBlockEntity.java,logic,pending,
world/level/block/entity/CreakingHeartBlockEntity.java,logic,pending,
world/level/block/entity/DaylightDetectorBlockEntity.java,logic,pending,
world/level/block/entity/DecoratedPotBlockEntity.java,logic,pending,
world/level/block/entity/DecoratedPotPattern.java,logic,pending,
world/level/block/entity/DecoratedPotPatterns.java,logic,pending,
world/level/block/entity/DispenserBlockEntity.java,logic,pending,
world/level/block/entity/DropperBlockEntity.java,logic,pending,
world/level/block/entity/EnchantingTableBlockEntity.java,logic,pending,
world/level/block/entity/EnderChestBlockEntity.java,logic,pending,
world/level/block/entity/FuelValues.java,logic,pending,
world/level/block/entity/FurnaceBlockEntity.java,logic,pending,
world/level/block/entity/HangingSignBlockEntity.java,logic,pending,
world/level/block/entity/Hopper.java,logic,pending,
world/level/block/entity/HopperBlockEntity.java,logic,pending,
world/level/block/entity/JigsawBlockEntity.java,logic,pending,
world/level/block/entity/JukeboxBlockEntity.java,logic,pending,
world/level/block/entity/LecternBlockEntity.java,logic,pending,
world/level/block/entity/LidBlockEntity.java,logic,pending,
world/level/block/entity/ListBackedContainer.java,logic,pending,
world/level/block/entity/PotDecorations.java,logic,pending,
world/level/block/entity/RandomizableContainerBlockEntity.java,logic,pending,
world/level/block/entity/SculkCatalystBlockEntity.java,logic,pending,
world/level/block/entity/SculkSensorBlockEntity.java,logic,pending,
world/level/block/entity/SculkShriekerBlockEntity.java,logic,pending,
world/level/block/entity/ShelfBlockEntity.java,logic,pending,
world/level/block/entity/ShulkerBoxBlockEntity.java,logic,pending,
world/level/block/entity/SignBlockEntity.java,logic,pending,
world/level/block/entity/SignText.java,logic,pending,
world/level/block/entity/SkullBlockEntity.java,logic,pending,
world/level/block/entity/SmokerBlockEntity.java,logic,pending,
world/level/block/entity/SpawnerBlockEntity.java,logic,pending,
world/level/block/entity/StructureBlockEntity.java,logic,pending,
world/level/block/entity/TestBlockEntity.java,logic,pending,
world/level/block/entity/TestInstanceBlockEntity.java,logic,pending,
world/level/block/entity/TheEndGatewayBlockEntity.java,logic,pending,
world/level/block/entity/TheEndPortalBlockEntity.java,logic,pending,
world/level/block/entity/TickingBlockEntity.java,logic,pending,
world/level/block/entity/TrappedChestBlockEntity.java,logic,pending,
world/level/block/entity/TrialSpawnerBlockEntity.java,logic,pending,
world/level/block/entity/package-info.java,logic,pending,
world/level/block/entity/trialspawner/PlayerDetector.java,logic,pending,
world/level/block/entity/trialspawner/TrialSpawner.java,logic,pending,
world/level/block/entity/trialspawner/TrialSpawnerConfig.java,logic,pending,
world/level/block/entity/trialspawner/TrialSpawnerConfigs.java,logic,pending,
world/level/block/entity/trialspawner/TrialSpawnerState.java,logic,pending,
world/level/block/entity/trialspawner/TrialSpawnerStateData.java,logic,pending,
world/level/block/entity/trialspawner/package-info.java,logic,pending,
world/level/block/entity/vault/VaultBlockEntity.java,logic,pending,
world/level/block/entity/vault/VaultClientData.java,logic,pending,
world/level/block/entity/vault/VaultConfig.java,logic,pending,
world/level/block/entity/vault/VaultServerData.java,logic,pending,
world/level/block/entity/vault/VaultSharedData.java,logic,pending,
world/level/block/entity/vault/VaultState.java,logic,pending,
world/level/block/entity/vault/package-info.java,logic,pending,
world/level/block/grower/TreeGrower.java,logic,pending,
world/level/block/grower/package-info.java,logic,pending,
world/level/block/package-info.java,logic,pending,
world/level/block/piston/MovingPistonBlock.java,logic,pending,
world/level/block/piston/PistonBaseBlock.java,logic,pending,
world/level/block/piston/PistonHeadBlock.java,logic,pending,
world/level/block/piston/PistonMath.java,logic,pending,
world/level/block/piston/PistonMovingBlockEntity.java,logic,pending,
world/level/block/piston/PistonStructureResolver.java,logic,pending,
world/level/block/piston/package-info.java,logic,pending,
world/level/block/sounds/AmbientDesertBlockSoundsPlayer.java,logic,pending,
world/level/block/sounds/package-info.java,logic,pending,
world/level/block/state/BlockBehaviour.java,logic,pending,
world/level/block/state/BlockState.java,logic,pending,
world/level/block/state/StateDefinition.java,logic,pending,
world/level/block/state/StateHolder.java,logic,pending,
world/level/block/state/package-info.java,logic,pending,
world/level/block/state/pattern/BlockInWorld.java,logic,pending,
world/level/block/state/pattern/BlockPattern.java,logic,pending,
world/level/block/state/pattern/BlockPatternBuilder.java,logic,pending,
world/level/block/state/pattern/package-info.java,logic,pending,
world/level/block/state/predicate/BlockPredicate.java,logic,pending,
world/level/block/state/predicate/BlockStatePredicate.java,logic,pending,
world/level/block/state/predicate/package-info.java,logic,pending,
world/level/block/state/properties/AttachFace.java,logic,pending,
world/level/block/state/properties/BambooLeaves.java,logic,pending,
world/level/block/state/properties/BedPart.java,logic,pending,
world/level/block/state/properties/BellAttachType.java,logic,pending,
world/level/block/state/properties/BlockSetType.java,logic,pending,
world/level/block/state/properties/BlockStateProperties.java,logic,pending,
world/level/block/state/properties/BooleanProperty.java,logic,pending,
world/level/block/state/properties/ChestType.java,logic,pending,
world/level/block/state/properties/ComparatorMode.java,logic,pending,
world/level/block/state/properties/CreakingHeartState.java,logic,pending,
world/level/block/state/properties/DoorHingeSide.java,logic,pending,
world/level/block/state/properties/DoubleBlockHalf.java,logic,pending,
world/level/block/state/properties/DripstoneThickness.java,logic,pending,
world/level/block/state/properties/EnumProperty.java,logic,pending,
world/level/block/state/properties/Half.java,logic,pending,
world/level/block/state/properties/IntegerProperty.java,logic,pending,
world/level/block/state/properties/NoteBlockInstrument.java,logic,pending,
world/level/block/state/properties/PistonType.java,logic,pending,
world/level/block/state/properties/Property.java,logic,pending,
world/level/block/state/properties/RailShape.java,logic,pending,
world/level/block/state/properties/RedstoneSide.java,logic,pending,
world/level/block/state/properties/RotationSegment.java,logic,pending,
world/level/block/state/properties/SculkSensorPhase.java,logic,pending,
world/level/block/state/properties/SideChainPart.java,logic,pending,
world/level/block/state/properties/SlabType.java,logic,pending,
world/level/block/state/properties/StairsShape.java,logic,pending,
world/level/block/state/properties/StructureMode.java,logic,pending,
world/level/block/state/properties/TestBlockMode.java,logic,pending,
world/level/block/state/properties/Tilt.java,logic,pending,
world/level/block/state/properties/WallSide.java,logic,pending,
world/level/block/state/properties/WoodType.java,logic,pending,
world/level/block/state/properties/package-info.java,logic,pending,
world/level/border/BorderChangeListener.java,logic,pending,
world/level/border/BorderStatus.java,logic,pending,
world/level/border/WorldBorder.java,logic,pending,
world/level/border/package-info.java,logic,pending,
world/level/chunk/BlockColumn.java,logic,pending,
world/level/chunk/BulkSectionAccess.java,logic,pending,
world/level/chunk/CarvingMask.java,logic,pending,
world/level/chunk/ChunkAccess.java,logic,pending,
world/level/chunk/ChunkGenerator.java,logic,pending,
world/level/chunk/ChunkGeneratorStructureState.java,logic,pending,
world/level/chunk/ChunkGenerators.java,logic,pending,
world/level/chunk/ChunkSource.java,logic,pending,
world/level/chunk/Configuration.java,logic,pending,
world/level/chunk/DataLayer.java,logic,pending,
world/level/chunk/EmptyLevelChunk.java,logic,pending,
world/level/chunk/GlobalPalette.java,logic,pending,
world/level/chunk/HashMapPalette.java,logic,pending,
world/level/chunk/ImposterProtoChunk.java,logic,pending,
world/level/chunk/LevelChunk.java,logic,pending,
world/level/chunk/LevelChunkSection.java,logic,pending,
world/level/chunk/LightChunk.java,logic,pending,
world/level/chunk/LightChunkGetter.java,logic,pending,
world/level/chunk/LinearPalette.java,logic,pending,
world/level/chunk/MissingPaletteEntryException.java,logic,pending,
world/level/chunk/Palette.java,logic,pending,
world/level/chunk/PaletteResize.java,logic,pending,
world/level/chunk/PalettedContainer.java,logic,pending,
world/level/chunk/PalettedContainerFactory.java,logic,pending,
world/level/chunk/PalettedContainerRO.java,logic,pending,
world/level/chunk/ProtoChunk.java,logic,pending,
world/level/chunk/SingleValuePalette.java,logic,pending,
world/level/chunk/Strategy.java,logic,pending,
world/level/chunk/StructureAccess.java,logic,pending,
world/level/chunk/UpgradeData.java,logic,pending,
world/level/chunk/package-info.java,logic,pending,
world/level/chunk/status/ChunkDependencies.java,logic,pending,
world/level/chunk/status/ChunkPyramid.java,logic,pending,
world/level/chunk/status/ChunkStatus.java,logic,pending,
world/level/chunk/status/ChunkStatusTask.java,logic,pending,
world/level/chunk/status/ChunkStatusTasks.java,logic,pending,
world/level/chunk/status/ChunkStep.java,logic,pending,
world/level/chunk/status/ChunkType.java,logic,pending,
world/level/chunk/status/WorldGenContext.java,logic,pending,
world/level/chunk/status/package-info.java,logic,pending,
world/level/chunk/storage/ChunkIOErrorReporter.java,logic,pending,
world/level/chunk/storage/ChunkScanAccess.java,logic,pending,
world/level/chunk/storage/EntityStorage.java,logic,pending,
world/level/chunk/storage/IOWorker.java,logic,pending,
world/level/chunk/storage/RecreatingSimpleRegionStorage.java,logic,pending,
world/level/chunk/storage/RegionBitmap.java,logic,pending,
world/level/chunk/storage/RegionFile.java,logic,pending,
world/level/chunk/storage/RegionFileStorage.java,logic,pending,
world/level/chunk/storage/RegionFileVersion.java,logic,pending,
world/level/chunk/storage/RegionStorageInfo.java,logic,pending,
world/level/chunk/storage/SectionStorage.java,logic,pending,
world/level/chunk/storage/SerializableChunkData.java,logic,pending,
world/level/chunk/storage/SimpleRegionStorage.java,logic,pending,
world/level/chunk/storage/package-info.java,logic,pending,
world/level/dimension/BuiltinDimensionTypes.java,logic,pending,
world/level/dimension/DimensionDefaults.java,logic,pending,
world/level/dimension/DimensionType.java,logic,pending,
world/level/dimension/LevelStem.java,logic,pending,
world/level/dimension/end/DragonRespawnStage.java,logic,pending,
world/level/dimension/end/EnderDragonFight.java,logic,pending,
world/level/dimension/end/package-info.java,logic,pending,
world/level/dimension/package-info.java,logic,pending,
world/level/entity/ChunkEntities.java,logic,pending,
world/level/entity/ChunkStatusUpdateListener.java,logic,pending,
world/level/entity/EntityAccess.java,logic,pending,
world/level/entity/EntityInLevelCallback.java,logic,pending,
world/level/entity/EntityLookup.java,logic,pending,
world/level/entity/EntityPersistentStorage.java,logic,pending,
world/level/entity/EntitySection.java,logic,pending,
world/level/entity/EntitySectionStorage.java,logic,pending,
world/level/entity/EntityTickList.java,logic,pending,
world/level/entity/EntityTypeTest.java,logic,pending,
world/level/entity/LevelCallback.java,logic,pending,
world/level/entity/LevelEntityGetter.java,logic,pending,
world/level/entity/LevelEntityGetterAdapter.java,logic,pending,
world/level/entity/PersistentEntitySectionManager.java,logic,pending,
world/level/entity/TransientEntitySectionManager.java,logic,pending,
world/level/entity/UUIDLookup.java,logic,pending,
world/level/entity/UniquelyIdentifyable.java,logic,pending,
world/level/entity/Visibility.java,logic,pending,
world/level/entity/package-info.java,logic,pending,
world/level/gameevent/BlockPositionSource.java,logic,pending,
world/level/gameevent/DynamicGameEventListener.java,logic,pending,
world/level/gameevent/EntityPositionSource.java,logic,pending,
world/level/gameevent/EuclideanGameEventListenerRegistry.java,logic,pending,
world/level/gameevent/GameEvent.java,logic,pending,
world/level/gameevent/GameEventDispatcher.java,logic,pending,
world/level/gameevent/GameEventListener.java,logic,pending,
world/level/gameevent/GameEventListenerRegistry.java,logic,pending,
world/level/gameevent/PositionSource.java,logic,pending,
world/level/gameevent/PositionSourceType.java,logic,pending,
world/level/gameevent/package-info.java,logic,pending,
world/level/gameevent/vibrations/VibrationInfo.java,logic,pending,
world/level/gameevent/vibrations/VibrationSelector.java,logic,pending,
world/level/gameevent/vibrations/VibrationSystem.java,logic,pending,
world/level/gameevent/vibrations/package-info.java,logic,pending,
world/level/gamerules/GameRule.java,logic,pending,
world/level/gamerules/GameRuleCategory.java,logic,pending,
world/level/gamerules/GameRuleMap.java,logic,pending,
world/level/gamerules/GameRuleType.java,logic,pending,
world/level/gamerules/GameRuleTypeVisitor.java,logic,pending,
world/level/gamerules/GameRules.java,logic,pending,
world/level/gamerules/package-info.java,logic,pending,
world/level/levelgen/Aquifer.java,logic,pending,
world/level/levelgen/Beardifier.java,logic,pending,
world/level/levelgen/BelowZeroRetrogen.java,logic,pending,
world/level/levelgen/BitRandomSource.java,logic,pending,
world/level/levelgen/Column.java,logic,pending,
world/level/levelgen/DebugLevelSource.java,logic,pending,
world/level/levelgen/Density.java,logic,pending,
world/level/levelgen/DensityFunction.java,logic,pending,
world/level/levelgen/DensityFunctions.java,logic,pending,
world/level/levelgen/FlatLevelSource.java,logic,pending,
world/level/levelgen/GenerationStep.java,logic,pending,
world/level/levelgen/GeodeBlockSettings.java,logic,pending,
world/level/levelgen/GeodeCrackSettings.java,logic,pending,
world/level/levelgen/GeodeLayerSettings.java,logic,pending,
world/level/levelgen/Heightmap.java,logic,pending,
world/level/levelgen/LegacyRandomSource.java,logic,pending,
world/level/levelgen/MarsagliaPolarGaussian.java,logic,pending,
world/level/levelgen/NoiseBasedChunkGenerator.java,logic,pending,
world/level/levelgen/NoiseChunk.java,logic,pending,
world/level/levelgen/NoiseGeneratorSettings.java,logic,pending,
world/level/levelgen/NoiseRouter.java,logic,pending,
world/level/levelgen/NoiseRouterData.java,logic,pending,
world/level/levelgen/NoiseSettings.java,logic,pending,
world/level/levelgen/Noises.java,logic,pending,
world/level/levelgen/OreVeinifier.java,logic,pending,
world/level/levelgen/PatrolSpawner.java,logic,pending,
world/level/levelgen/PhantomSpawner.java,logic,pending,
world/level/levelgen/PositionalRandomFactory.java,logic,pending,
world/level/levelgen/RandomState.java,logic,pending,
world/level/levelgen/RandomSupport.java,logic,pending,
world/level/levelgen/SingleThreadedRandomSource.java,logic,pending,
world/level/levelgen/SurfaceRules.java,logic,pending,
world/level/levelgen/SurfaceSystem.java,logic,pending,
world/level/levelgen/ThreadSafeLegacyRandomSource.java,logic,pending,
world/level/levelgen/VerticalAnchor.java,logic,pending,
world/level/levelgen/WorldDimensions.java,logic,pending,
world/level/levelgen/WorldGenSettings.java,logic,pending,
world/level/levelgen/WorldGenerationContext.java,logic,pending,
world/level/levelgen/WorldOptions.java,logic,pending,
world/level/levelgen/WorldgenRandom.java,logic,pending,
world/level/levelgen/Xoroshiro128PlusPlus.java,logic,pending,
world/level/levelgen/XoroshiroRandomSource.java,logic,pending,
world/level/levelgen/blending/Blender.java,logic,pending,
world/level/levelgen/blending/BlendingData.java,logic,pending,
world/level/levelgen/blending/package-info.java,logic,pending,
world/level/levelgen/blockpredicates/AllOfPredicate.java,logic,pending,
world/level/levelgen/blockpredicates/AnyOfPredicate.java,logic,pending,
world/level/levelgen/blockpredicates/BlockPredicate.java,logic,pending,
world/level/levelgen/blockpredicates/BlockPredicateType.java,logic,pending,
world/level/levelgen/blockpredicates/CombiningPredicate.java,logic,pending,
world/level/levelgen/blockpredicates/HasSturdyFacePredicate.java,logic,pending,
world/level/levelgen/blockpredicates/InsideWorldBoundsPredicate.java,logic,pending,
world/level/levelgen/blockpredicates/MatchingBlockTagPredicate.java,logic,pending,
world/level/levelgen/blockpredicates/MatchingBlocksPredicate.java,logic,pending,
world/level/levelgen/blockpredicates/MatchingFluidsPredicate.java,logic,pending,
world/level/levelgen/blockpredicates/NotPredicate.java,logic,pending,
world/level/levelgen/blockpredicates/ReplaceablePredicate.java,logic,pending,
world/level/levelgen/blockpredicates/SolidPredicate.java,logic,pending,
world/level/levelgen/blockpredicates/StateTestingPredicate.java,logic,pending,
world/level/levelgen/blockpredicates/TrueBlockPredicate.java,logic,pending,
world/level/levelgen/blockpredicates/UnobstructedPredicate.java,logic,pending,
world/level/levelgen/blockpredicates/WouldSurvivePredicate.java,logic,pending,
world/level/levelgen/blockpredicates/package-info.java,logic,pending,
world/level/levelgen/carver/CanyonCarverConfiguration.java,logic,pending,
world/level/levelgen/carver/CanyonWorldCarver.java,logic,pending,
world/level/levelgen/carver/CarverConfiguration.java,logic,pending,
world/level/levelgen/carver/CarverDebugSettings.java,logic,pending,
world/level/levelgen/carver/CarvingContext.java,logic,pending,
world/level/levelgen/carver/CaveCarverConfiguration.java,logic,pending,
world/level/levelgen/carver/CaveWorldCarver.java,logic,pending,
world/level/levelgen/carver/ConfiguredWorldCarver.java,logic,pending,
world/level/levelgen/carver/NetherWorldCarver.java,logic,pending,
world/level/levelgen/carver/WorldCarver.java,logic,pending,
world/level/levelgen/carver/package-info.java,logic,pending,
world/level/levelgen/feature/AbstractHugeMushroomFeature.java,logic,pending,
world/level/levelgen/feature/BambooFeature.java,logic,pending,
world/level/levelgen/feature/BasaltColumnsFeature.java,logic,pending,
world/level/levelgen/feature/BasaltPillarFeature.java,logic,pending,
world/level/levelgen/feature/BlockBlobFeature.java,logic,pending,
world/level/levelgen/feature/BlockColumnFeature.java,logic,pending,
world/level/levelgen/feature/BlockPileFeature.java,logic,pending,
world/level/levelgen/feature/BlueIceFeature.java,logic,pending,
world/level/levelgen/feature/BonusChestFeature.java,logic,pending,
world/level/levelgen/feature/ChorusPlantFeature.java,logic,pending,
world/level/levelgen/feature/ConfiguredFeature.java,logic,pending,
world/level/levelgen/feature/CoralClawFeature.java,logic,pending,
world/level/levelgen/feature/CoralFeature.java,logic,pending,
world/level/levelgen/feature/CoralMushroomFeature.java,logic,pending,
world/level/levelgen/feature/CoralTreeFeature.java,logic,pending,
world/level/levelgen/feature/DeltaFeature.java,logic,pending,
world/level/levelgen/feature/DesertWellFeature.java,logic,pending,
world/level/levelgen/feature/DiskFeature.java,logic,pending,
world/level/levelgen/feature/DripstoneClusterFeature.java,logic,pending,
world/level/levelgen/feature/DripstoneUtils.java,logic,pending,
world/level/levelgen/feature/EndGatewayFeature.java,logic,pending,
world/level/levelgen/feature/EndIslandFeature.java,logic,pending,
world/level/levelgen/feature/EndPlatformFeature.java,logic,pending,
world/level/levelgen/feature/EndPodiumFeature.java,logic,pending,
world/level/levelgen/feature/EndSpikeFeature.java,logic,pending,
world/level/levelgen/feature/FallenTreeFeature.java,logic,pending,
world/level/levelgen/feature/Feature.java,logic,pending,
world/level/levelgen/feature/FeatureCountTracker.java,logic,pending,
world/level/levelgen/feature/FeaturePlaceContext.java,logic,pending,
world/level/levelgen/feature/FillLayerFeature.java,logic,pending,
world/level/levelgen/feature/FossilFeature.java,logic,pending,
world/level/levelgen/feature/FossilFeatureConfiguration.java,logic,pending,
world/level/levelgen/feature/GeodeFeature.java,logic,pending,
world/level/levelgen/feature/GlowstoneFeature.java,logic,pending,
world/level/levelgen/feature/HugeBrownMushroomFeature.java,logic,pending,
world/level/levelgen/feature/HugeFungusConfiguration.java,logic,pending,
world/level/levelgen/feature/HugeFungusFeature.java,logic,pending,
world/level/levelgen/feature/HugeRedMushroomFeature.java,logic,pending,
world/level/levelgen/feature/IcebergFeature.java,logic,pending,
world/level/levelgen/feature/KelpFeature.java,logic,pending,
world/level/levelgen/feature/LakeFeature.java,logic,pending,
world/level/levelgen/feature/LargeDripstoneFeature.java,logic,pending,
world/level/levelgen/feature/MonsterRoomFeature.java,logic,pending,
world/level/levelgen/feature/MultifaceGrowthFeature.java,logic,pending,
world/level/levelgen/feature/NetherForestVegetationFeature.java,logic,pending,
world/level/levelgen/feature/NoOpFeature.java,logic,pending,
world/level/levelgen/feature/OreFeature.java,logic,pending,
world/level/levelgen/feature/PointedDripstoneFeature.java,logic,pending,
world/level/levelgen/feature/RandomBooleanSelectorFeature.java,logic,pending,
world/level/levelgen/feature/RandomSelectorFeature.java,logic,pending,
world/level/levelgen/feature/ReplaceBlobsFeature.java,logic,pending,
world/level/levelgen/feature/ReplaceBlockFeature.java,logic,pending,
world/level/levelgen/feature/RootSystemFeature.java,logic,pending,
world/level/levelgen/feature/ScatteredOreFeature.java,logic,pending,
world/level/levelgen/feature/SculkPatchFeature.java,logic,pending,
world/level/levelgen/feature/SeaPickleFeature.java,logic,pending,
world/level/levelgen/feature/SeagrassFeature.java,logic,pending,
world/level/levelgen/feature/SimpleBlockFeature.java,logic,pending,
world/level/levelgen/feature/SimpleRandomSelectorFeature.java,logic,pending,
world/level/levelgen/feature/SnowAndFreezeFeature.java,logic,pending,
world/level/levelgen/feature/SpikeFeature.java,logic,pending,
world/level/levelgen/feature/SpringFeature.java,logic,pending,
world/level/levelgen/feature/TreeFeature.java,logic,pending,
world/level/levelgen/feature/TwistingVinesFeature.java,logic,pending,
world/level/levelgen/feature/UnderwaterMagmaFeature.java,logic,pending,
world/level/levelgen/feature/VegetationPatchFeature.java,logic,pending,
world/level/levelgen/feature/VinesFeature.java,logic,pending,
world/level/levelgen/feature/VoidStartPlatformFeature.java,logic,pending,
world/level/levelgen/feature/WaterloggedVegetationPatchFeature.java,logic,pending,
world/level/levelgen/feature/WeepingVinesFeature.java,logic,pending,
world/level/levelgen/feature/WeightedPlacedFeature.java,logic,pending,
world/level/levelgen/feature/configurations/BlockBlobConfiguration.java,logic,pending,
world/level/levelgen/feature/configurations/BlockColumnConfiguration.java,logic,pending,
world/level/levelgen/feature/configurations/BlockPileConfiguration.java,logic,pending,
world/level/levelgen/feature/configurations/BlockStateConfiguration.java,logic,pending,
world/level/levelgen/feature/configurations/ColumnFeatureConfiguration.java,logic,pending,
world/level/levelgen/feature/configurations/CountConfiguration.java,logic,pending,
world/level/levelgen/feature/configurations/DeltaFeatureConfiguration.java,logic,pending,
world/level/levelgen/feature/configurations/DiskConfiguration.java,logic,pending,
world/level/levelgen/feature/configurations/DripstoneClusterConfiguration.java,logic,pending,
world/level/levelgen/feature/configurations/EndGatewayConfiguration.java,logic,pending,
world/level/levelgen/feature/configurations/EndSpikeConfiguration.java,logic,pending,
world/level/levelgen/feature/configurations/FallenTreeConfiguration.java,logic,pending,
world/level/levelgen/feature/configurations/FeatureConfiguration.java,logic,pending,
world/level/levelgen/feature/configurations/GeodeConfiguration.java,logic,pending,
world/level/levelgen/feature/configurations/HugeMushroomFeatureConfiguration.java,logic,pending,
world/level/levelgen/feature/configurations/LargeDripstoneConfiguration.java,logic,pending,
world/level/levelgen/feature/configurations/LayerConfiguration.java,logic,pending,
world/level/levelgen/feature/configurations/MultifaceGrowthConfiguration.java,logic,pending,
world/level/levelgen/feature/configurations/NetherForestVegetationConfig.java,logic,pending,
world/level/levelgen/feature/configurations/NoneFeatureConfiguration.java,logic,pending,
world/level/levelgen/feature/configurations/OreConfiguration.java,logic,pending,
world/level/levelgen/feature/configurations/PointedDripstoneConfiguration.java,logic,pending,
world/level/levelgen/feature/configurations/ProbabilityFeatureConfiguration.java,logic,pending,
world/level/levelgen/feature/configurations/RandomBooleanFeatureConfiguration.java,logic,pending,
world/level/levelgen/feature/configurations/RandomFeatureConfiguration.java,logic,pending,
world/level/levelgen/feature/configurations/ReplaceBlockConfiguration.java,logic,pending,
world/level/levelgen/feature/configurations/ReplaceSphereConfiguration.java,logic,pending,
world/level/levelgen/feature/configurations/RootSystemConfiguration.java,logic,pending,
world/level/levelgen/feature/configurations/SculkPatchConfiguration.java,logic,pending,
world/level/levelgen/feature/configurations/SimpleBlockConfiguration.java,logic,pending,
world/level/levelgen/feature/configurations/SimpleRandomFeatureConfiguration.java,logic,pending,
world/level/levelgen/feature/configurations/SpikeConfiguration.java,logic,pending,
world/level/levelgen/feature/configurations/SpringConfiguration.java,logic,pending,
world/level/levelgen/feature/configurations/TreeConfiguration.java,logic,pending,
world/level/levelgen/feature/configurations/TwistingVinesConfig.java,logic,pending,
world/level/levelgen/feature/configurations/UnderwaterMagmaConfiguration.java,logic,pending,
world/level/levelgen/feature/configurations/VegetationPatchConfiguration.java,logic,pending,
world/level/levelgen/feature/configurations/package-info.java,logic,pending,
world/level/levelgen/feature/featuresize/FeatureSize.java,logic,pending,
world/level/levelgen/feature/featuresize/FeatureSizeType.java,logic,pending,
world/level/levelgen/feature/featuresize/ThreeLayersFeatureSize.java,logic,pending,
world/level/levelgen/feature/featuresize/TwoLayersFeatureSize.java,logic,pending,
world/level/levelgen/feature/featuresize/package-info.java,logic,pending,
world/level/levelgen/feature/foliageplacers/AcaciaFoliagePlacer.java,logic,pending,
world/level/levelgen/feature/foliageplacers/BlobFoliagePlacer.java,logic,pending,
world/level/levelgen/feature/foliageplacers/BushFoliagePlacer.java,logic,pending,
world/level/levelgen/feature/foliageplacers/CherryFoliagePlacer.java,logic,pending,
world/level/levelgen/feature/foliageplacers/DarkOakFoliagePlacer.java,logic,pending,
world/level/levelgen/feature/foliageplacers/FancyFoliagePlacer.java,logic,pending,
world/level/levelgen/feature/foliageplacers/FoliagePlacer.java,logic,pending,
world/level/levelgen/feature/foliageplacers/FoliagePlacerType.java,logic,pending,
world/level/levelgen/feature/foliageplacers/MegaJungleFoliagePlacer.java,logic,pending,
world/level/levelgen/feature/foliageplacers/MegaPineFoliagePlacer.java,logic,pending,
world/level/levelgen/feature/foliageplacers/PineFoliagePlacer.java,logic,pending,
world/level/levelgen/feature/foliageplacers/RandomSpreadFoliagePlacer.java,logic,pending,
world/level/levelgen/feature/foliageplacers/SpruceFoliagePlacer.java,logic,pending,
world/level/levelgen/feature/foliageplacers/package-info.java,logic,pending,
world/level/levelgen/feature/package-info.java,logic,pending,
world/level/levelgen/feature/rootplacers/AboveRootPlacement.java,logic,pending,
world/level/levelgen/feature/rootplacers/MangroveRootPlacement.java,logic,pending,
world/level/levelgen/feature/rootplacers/MangroveRootPlacer.java,logic,pending,
world/level/levelgen/feature/rootplacers/RootPlacer.java,logic,pending,
world/level/levelgen/feature/rootplacers/RootPlacerType.java,logic,pending,
world/level/levelgen/feature/rootplacers/package-info.java,logic,pending,
world/level/levelgen/feature/stateproviders/BlockStateProvider.java,logic,pending,
world/level/levelgen/feature/stateproviders/BlockStateProviderType.java,logic,pending,
world/level/levelgen/feature/stateproviders/DualNoiseProvider.java,logic,pending,
world/level/levelgen/feature/stateproviders/NoiseBasedStateProvider.java,logic,pending,
world/level/levelgen/feature/stateproviders/NoiseProvider.java,logic,pending,
world/level/levelgen/feature/stateproviders/NoiseThresholdProvider.java,logic,pending,
world/level/levelgen/feature/stateproviders/RandomizedIntStateProvider.java,logic,pending,
world/level/levelgen/feature/stateproviders/RotatedBlockProvider.java,logic,pending,
world/level/levelgen/feature/stateproviders/RuleBasedStateProvider.java,logic,pending,
world/level/levelgen/feature/stateproviders/SimpleStateProvider.java,logic,pending,
world/level/levelgen/feature/stateproviders/WeightedStateProvider.java,logic,pending,
world/level/levelgen/feature/stateproviders/package-info.java,logic,pending,
world/level/levelgen/feature/treedecorators/AlterGroundDecorator.java,logic,pending,
world/level/levelgen/feature/treedecorators/AttachedToLeavesDecorator.java,logic,pending,
world/level/levelgen/feature/treedecorators/AttachedToLogsDecorator.java,logic,pending,
world/level/levelgen/feature/treedecorators/BeehiveDecorator.java,logic,pending,
world/level/levelgen/feature/treedecorators/CocoaDecorator.java,logic,pending,
world/level/levelgen/feature/treedecorators/CreakingHeartDecorator.java,logic,pending,
world/level/levelgen/feature/treedecorators/LeaveVineDecorator.java,logic,pending,
world/level/levelgen/feature/treedecorators/PaleMossDecorator.java,logic,pending,
world/level/levelgen/feature/treedecorators/PlaceOnGroundDecorator.java,logic,pending,
world/level/levelgen/feature/treedecorators/TreeDecorator.java,logic,pending,
world/level/levelgen/feature/treedecorators/TreeDecoratorType.java,logic,pending,
world/level/levelgen/feature/treedecorators/TrunkVineDecorator.java,logic,pending,
world/level/levelgen/feature/treedecorators/package-info.java,logic,pending,
world/level/levelgen/feature/trunkplacers/BendingTrunkPlacer.java,logic,pending,
world/level/levelgen/feature/trunkplacers/CherryTrunkPlacer.java,logic,pending,
world/level/levelgen/feature/trunkplacers/DarkOakTrunkPlacer.java,logic,pending,
world/level/levelgen/feature/trunkplacers/FancyTrunkPlacer.java,logic,pending,
world/level/levelgen/feature/trunkplacers/ForkingTrunkPlacer.java,logic,pending,
world/level/levelgen/feature/trunkplacers/GiantTrunkPlacer.java,logic,pending,
world/level/levelgen/feature/trunkplacers/MegaJungleTrunkPlacer.java,logic,pending,
world/level/levelgen/feature/trunkplacers/StraightTrunkPlacer.java,logic,pending,
world/level/levelgen/feature/trunkplacers/TrunkPlacer.java,logic,pending,
world/level/levelgen/feature/trunkplacers/TrunkPlacerType.java,logic,pending,
world/level/levelgen/feature/trunkplacers/UpwardsBranchingTrunkPlacer.java,logic,pending,
world/level/levelgen/feature/trunkplacers/package-info.java,logic,pending,
world/level/levelgen/flat/FlatLayerInfo.java,logic,pending,
world/level/levelgen/flat/FlatLevelGeneratorPreset.java,logic,pending,
world/level/levelgen/flat/FlatLevelGeneratorPresets.java,logic,pending,
world/level/levelgen/flat/FlatLevelGeneratorSettings.java,logic,pending,
world/level/levelgen/flat/package-info.java,logic,pending,
world/level/levelgen/heightproviders/BiasedToBottomHeight.java,logic,pending,
world/level/levelgen/heightproviders/ConstantHeight.java,logic,pending,
world/level/levelgen/heightproviders/HeightProvider.java,logic,pending,
world/level/levelgen/heightproviders/HeightProviderType.java,logic,pending,
world/level/levelgen/heightproviders/TrapezoidHeight.java,logic,pending,
world/level/levelgen/heightproviders/UniformHeight.java,logic,pending,
world/level/levelgen/heightproviders/VeryBiasedToBottomHeight.java,logic,pending,
world/level/levelgen/heightproviders/WeightedListHeight.java,logic,pending,
world/level/levelgen/heightproviders/package-info.java,logic,pending,
world/level/levelgen/material/MaterialRuleList.java,logic,pending,
world/level/levelgen/material/package-info.java,logic,pending,
world/level/levelgen/package-info.java,logic,pending,
world/level/levelgen/placement/BiomeFilter.java,logic,pending,
world/level/levelgen/placement/BlockPredicateFilter.java,logic,pending,
world/level/levelgen/placement/CaveSurface.java,logic,pending,
world/level/levelgen/placement/CountOnEveryLayerPlacement.java,logic,pending,
world/level/levelgen/placement/CountPlacement.java,logic,pending,
world/level/levelgen/placement/EnvironmentScanPlacement.java,logic,pending,
world/level/levelgen/placement/FixedPlacement.java,logic,pending,
world/level/levelgen/placement/HeightRangePlacement.java,logic,pending,
world/level/levelgen/placement/HeightmapPlacement.java,logic,pending,
world/level/levelgen/placement/InSquarePlacement.java,logic,pending,
world/level/levelgen/placement/NoiseBasedCountPlacement.java,logic,pending,
world/level/levelgen/placement/NoiseThresholdCountPlacement.java,logic,pending,
world/level/levelgen/placement/PlacedFeature.java,logic,pending,
world/level/levelgen/placement/PlacementContext.java,logic,pending,
world/level/levelgen/placement/PlacementFilter.java,logic,pending,
world/level/levelgen/placement/PlacementModifier.java,logic,pending,
world/level/levelgen/placement/PlacementModifierType.java,logic,pending,
world/level/levelgen/placement/RandomOffsetPlacement.java,logic,pending,
world/level/levelgen/placement/RarityFilter.java,logic,pending,
world/level/levelgen/placement/RepeatingPlacement.java,logic,pending,
world/level/levelgen/placement/SurfaceRelativeThresholdFilter.java,logic,pending,
world/level/levelgen/placement/SurfaceWaterDepthFilter.java,logic,pending,
world/level/levelgen/placement/package-info.java,logic,pending,
world/level/levelgen/presets/WorldPreset.java,logic,pending,
world/level/levelgen/presets/WorldPresets.java,logic,pending,
world/level/levelgen/presets/package-info.java,logic,pending,
world/level/levelgen/structure/BoundingBox.java,logic,pending,
world/level/levelgen/structure/BuiltinStructureSets.java,logic,pending,
world/level/levelgen/structure/BuiltinStructures.java,logic,pending,
world/level/levelgen/structure/PoolElementStructurePiece.java,logic,pending,
world/level/levelgen/structure/PostPlacementProcessor.java,logic,pending,
world/level/levelgen/structure/ScatteredFeaturePiece.java,logic,pending,
world/level/levelgen/structure/SinglePieceStructure.java,logic,pending,
world/level/levelgen/structure/Structure.java,logic,pending,
world/level/levelgen/structure/StructureCheck.java,logic,pending,
world/level/levelgen/structure/StructureCheckResult.java,logic,pending,
world/level/levelgen/structure/StructurePiece.java,logic,pending,
world/level/levelgen/structure/StructurePieceAccessor.java,logic,pending,
world/level/levelgen/structure/StructureSet.java,logic,pending,
world/level/levelgen/structure/StructureSpawnOverride.java,logic,pending,
world/level/levelgen/structure/StructureStart.java,logic,pending,
world/level/levelgen/structure/StructureType.java,logic,pending,
world/level/levelgen/structure/TemplateStructurePiece.java,logic,pending,
world/level/levelgen/structure/TerrainAdjustment.java,logic,pending,
world/level/levelgen/structure/package-info.java,logic,pending,
world/level/levelgen/structure/pieces/PieceGenerator.java,logic,pending,
world/level/levelgen/structure/pieces/PieceGeneratorSupplier.java,logic,pending,
world/level/levelgen/structure/pieces/PiecesContainer.java,logic,pending,
world/level/levelgen/structure/pieces/StructurePieceSerializationContext.java,logic,pending,
world/level/levelgen/structure/pieces/StructurePieceType.java,logic,pending,
world/level/levelgen/structure/pieces/StructurePiecesBuilder.java,logic,pending,
world/level/levelgen/structure/pieces/package-info.java,logic,pending,
world/level/levelgen/structure/placement/ConcentricRingsStructurePlacement.java,logic,pending,
world/level/levelgen/structure/placement/RandomSpreadStructurePlacement.java,logic,pending,
world/level/levelgen/structure/placement/RandomSpreadType.java,logic,pending,
world/level/levelgen/structure/placement/StructurePlacement.java,logic,pending,
world/level/levelgen/structure/placement/StructurePlacementType.java,logic,pending,
world/level/levelgen/structure/placement/package-info.java,logic,pending,
world/level/levelgen/structure/pools/DimensionPadding.java,logic,pending,
world/level/levelgen/structure/pools/EmptyPoolElement.java,logic,pending,
world/level/levelgen/structure/pools/FeaturePoolElement.java,logic,pending,
world/level/levelgen/structure/pools/JigsawJunction.java,logic,pending,
world/level/levelgen/structure/pools/JigsawPlacement.java,logic,pending,
world/level/levelgen/structure/pools/LegacySinglePoolElement.java,logic,pending,
world/level/levelgen/structure/pools/ListPoolElement.java,logic,pending,
world/level/levelgen/structure/pools/SinglePoolElement.java,logic,pending,
world/level/levelgen/structure/pools/StructurePoolElement.java,logic,pending,
world/level/levelgen/structure/pools/StructurePoolElementType.java,logic,pending,
world/level/levelgen/structure/pools/StructureTemplatePool.java,logic,pending,
world/level/levelgen/structure/pools/alias/DirectPoolAlias.java,logic,pending,
world/level/levelgen/structure/pools/alias/PoolAliasBinding.java,logic,pending,
world/level/levelgen/structure/pools/alias/PoolAliasBindings.java,logic,pending,
world/level/levelgen/structure/pools/alias/PoolAliasLookup.java,logic,pending,
world/level/levelgen/structure/pools/alias/RandomGroupPoolAlias.java,logic,pending,
world/level/levelgen/structure/pools/alias/RandomPoolAlias.java,logic,pending,
world/level/levelgen/structure/pools/alias/package-info.java,logic,pending,
world/level/levelgen/structure/pools/package-info.java,logic,pending,
world/level/levelgen/structure/structures/BuriedTreasurePieces.java,logic,pending,
world/level/levelgen/structure/structures/BuriedTreasureStructure.java,logic,pending,
world/level/levelgen/structure/structures/DesertPyramidPiece.java,logic,pending,
world/level/levelgen/structure/structures/DesertPyramidStructure.java,logic,pending,
world/level/levelgen/structure/structures/EndCityPieces.java,logic,pending,
world/level/levelgen/structure/structures/EndCityStructure.java,logic,pending,
world/level/levelgen/structure/structures/IglooPieces.java,logic,pending,
world/level/levelgen/structure/structures/IglooStructure.java,logic,pending,
world/level/levelgen/structure/structures/JigsawStructure.java,logic,pending,
world/level/levelgen/structure/structures/JungleTemplePiece.java,logic,pending,
world/level/levelgen/structure/structures/JungleTempleStructure.java,logic,pending,
world/level/levelgen/structure/structures/MineshaftPieces.java,logic,pending,
world/level/levelgen/structure/structures/MineshaftStructure.java,logic,pending,
world/level/levelgen/structure/structures/NetherFortressPieces.java,logic,pending,
world/level/levelgen/structure/structures/NetherFortressStructure.java,logic,pending,
world/level/levelgen/structure/structures/NetherFossilPieces.java,logic,pending,
world/level/levelgen/structure/structures/NetherFossilStructure.java,logic,pending,
world/level/levelgen/structure/structures/OceanMonumentPieces.java,logic,pending,
world/level/levelgen/structure/structures/OceanMonumentStructure.java,logic,pending,
world/level/levelgen/structure/structures/OceanRuinPieces.java,logic,pending,
world/level/levelgen/structure/structures/OceanRuinStructure.java,logic,pending,
world/level/levelgen/structure/structures/RuinedPortalPiece.java,logic,pending,
world/level/levelgen/structure/structures/RuinedPortalStructure.java,logic,pending,
world/level/levelgen/structure/structures/ShipwreckPieces.java,logic,pending,
world/level/levelgen/structure/structures/ShipwreckStructure.java,logic,pending,
world/level/levelgen/structure/structures/StrongholdPieces.java,logic,pending,
world/level/levelgen/structure/structures/StrongholdStructure.java,logic,pending,
world/level/levelgen/structure/structures/SwampHutPiece.java,logic,pending,
world/level/levelgen/structure/structures/SwampHutStructure.java,logic,pending,
world/level/levelgen/structure/structures/WoodlandMansionPieces.java,logic,pending,
world/level/levelgen/structure/structures/WoodlandMansionStructure.java,logic,pending,
world/level/levelgen/structure/structures/package-info.java,logic,pending,
world/level/levelgen/structure/templatesystem/AlwaysTrueTest.java,logic,pending,
world/level/levelgen/structure/templatesystem/AxisAlignedLinearPosTest.java,logic,pending,
world/level/levelgen/structure/templatesystem/BlackstoneReplaceProcessor.java,logic,pending,
world/level/levelgen/structure/templatesystem/BlockAgeProcessor.java,logic,pending,
world/level/levelgen/structure/templatesystem/BlockIgnoreProcessor.java,logic,pending,
world/level/levelgen/structure/templatesystem/BlockMatchTest.java,logic,pending,
world/level/levelgen/structure/templatesystem/BlockRotProcessor.java,logic,pending,
world/level/levelgen/structure/templatesystem/BlockStateMatchTest.java,logic,pending,
world/level/levelgen/structure/templatesystem/CappedProcessor.java,logic,pending,
world/level/levelgen/structure/templatesystem/GravityProcessor.java,logic,pending,
world/level/levelgen/structure/templatesystem/JigsawReplacementProcessor.java,logic,pending,
world/level/levelgen/structure/templatesystem/LavaSubmergedBlockProcessor.java,logic,pending,
world/level/levelgen/structure/templatesystem/LinearPosTest.java,logic,pending,
world/level/levelgen/structure/templatesystem/LiquidSettings.java,logic,pending,
world/level/levelgen/structure/templatesystem/NopProcessor.java,logic,pending,
world/level/levelgen/structure/templatesystem/PosAlwaysTrueTest.java,logic,pending,
world/level/levelgen/structure/templatesystem/PosRuleTest.java,logic,pending,
world/level/levelgen/structure/templatesystem/PosRuleTestType.java,logic,pending,
world/level/levelgen/structure/templatesystem/ProcessorRule.java,logic,pending,
world/level/levelgen/structure/templatesystem/ProtectedBlockProcessor.java,logic,pending,
world/level/levelgen/structure/templatesystem/RandomBlockMatchTest.java,logic,pending,
world/level/levelgen/structure/templatesystem/RandomBlockStateMatchTest.java,logic,pending,
world/level/levelgen/structure/templatesystem/RuleProcessor.java,logic,pending,
world/level/levelgen/structure/templatesystem/RuleTest.java,logic,pending,
world/level/levelgen/structure/templatesystem/RuleTestType.java,logic,pending,
world/level/levelgen/structure/templatesystem/StructurePlaceSettings.java,logic,pending,
world/level/levelgen/structure/templatesystem/StructureProcessor.java,logic,pending,
world/level/levelgen/structure/templatesystem/StructureProcessorList.java,logic,pending,
world/level/levelgen/structure/templatesystem/StructureProcessorType.java,logic,pending,
world/level/levelgen/structure/templatesystem/StructureTemplate.java,logic,pending,
world/level/levelgen/structure/templatesystem/StructureTemplateManager.java,logic,pending,
world/level/levelgen/structure/templatesystem/TagMatchTest.java,logic,pending,
world/level/levelgen/structure/templatesystem/loader/DirectoryTemplateSource.java,logic,pending,
world/level/levelgen/structure/templatesystem/loader/ResourceManagerTemplateSource.java,logic,pending,
world/level/levelgen/structure/templatesystem/loader/TemplatePathFactory.java,logic,pending,
world/level/levelgen/structure/templatesystem/loader/TemplateSource.java,logic,pending,
world/level/levelgen/structure/templatesystem/loader/package-info.java,logic,pending,
world/level/levelgen/structure/templatesystem/package-info.java,logic,pending,
world/level/levelgen/structure/templatesystem/rule/blockentity/AppendLoot.java,logic,pending,
world/level/levelgen/structure/templatesystem/rule/blockentity/AppendStatic.java,logic,pending,
world/level/levelgen/structure/templatesystem/rule/blockentity/Clear.java,logic,pending,
world/level/levelgen/structure/templatesystem/rule/blockentity/Passthrough.java,logic,pending,
world/level/levelgen/structure/templatesystem/rule/blockentity/RuleBlockEntityModifier.java,logic,pending,
world/level/levelgen/structure/templatesystem/rule/blockentity/RuleBlockEntityModifierType.java,logic,pending,
world/level/levelgen/structure/templatesystem/rule/blockentity/package-info.java,logic,pending,
world/level/levelgen/synth/BlendedNoise.java,logic,pending,
world/level/levelgen/synth/ImprovedNoise.java,logic,pending,
world/level/levelgen/synth/NoiseUtils.java,logic,pending,
world/level/levelgen/synth/NormalNoise.java,logic,pending,
world/level/levelgen/synth/PerlinNoise.java,logic,pending,
world/level/levelgen/synth/PerlinSimplexNoise.java,logic,pending,
world/level/levelgen/synth/SimplexNoise.java,logic,pending,
world/level/levelgen/synth/package-info.java,logic,pending,
world/level/lighting/BlockLightEngine.java,logic,pending,
world/level/lighting/BlockLightSectionStorage.java,logic,pending,
world/level/lighting/ChunkSkyLightSources.java,logic,pending,
world/level/lighting/DataLayerStorageMap.java,logic,pending,
world/level/lighting/DynamicGraphMinFixedPoint.java,logic,pending,
world/level/lighting/LayerLightEventListener.java,logic,pending,
world/level/lighting/LayerLightSectionStorage.java,logic,pending,
world/level/lighting/LevelLightEngine.java,logic,pending,
world/level/lighting/LeveledPriorityQueue.java,logic,pending,
world/level/lighting/LightEngine.java,logic,pending,
world/level/lighting/LightEventListener.java,logic,pending,
world/level/lighting/SkyLightEngine.java,logic,pending,
world/level/lighting/SkyLightSectionStorage.java,logic,pending,
world/level/lighting/SpatialLongSet.java,logic,pending,
world/level/lighting/package-info.java,logic,pending,
world/level/material/EmptyFluid.java,logic,pending,
world/level/material/FlowingFluid.java,logic,pending,
world/level/material/Fluid.java,logic,pending,
world/level/material/FluidState.java,logic,pending,
world/level/material/Fluids.java,logic,pending,
world/level/material/FogType.java,logic,pending,
world/level/material/LavaFluid.java,logic,pending,
world/level/material/MapColor.java,logic,pending,
world/level/material/PushReaction.java,logic,pending,
world/level/material/WaterFluid.java,logic,pending,
world/level/material/package-info.java,logic,pending,
world/level/package-info.java,logic,pending,
world/level/pathfinder/AmphibiousNodeEvaluator.java,logic,pending,
world/level/pathfinder/BinaryHeap.java,logic,pending,
world/level/pathfinder/FlyNodeEvaluator.java,logic,pending,
world/level/pathfinder/Node.java,logic,pending,
world/level/pathfinder/NodeEvaluator.java,logic,pending,
world/level/pathfinder/Path.java,logic,pending,
world/level/pathfinder/PathComputationType.java,logic,pending,
world/level/pathfinder/PathFinder.java,logic,pending,
world/level/pathfinder/PathType.java,logic,pending,
world/level/pathfinder/PathTypeCache.java,logic,pending,
world/level/pathfinder/PathfindingContext.java,logic,pending,
world/level/pathfinder/SwimNodeEvaluator.java,logic,pending,
world/level/pathfinder/Target.java,logic,pending,
world/level/pathfinder/WalkNodeEvaluator.java,logic,pending,
world/level/pathfinder/package-info.java,logic,pending,
world/level/portal/PortalForcer.java,logic,pending,
world/level/portal/PortalShape.java,logic,pending,
world/level/portal/TeleportTransition.java,logic,pending,
world/level/portal/package-info.java,logic,pending,
world/level/redstone/CollectingNeighborUpdater.java,logic,pending,
world/level/redstone/DefaultRedstoneWireEvaluator.java,logic,pending,
world/level/redstone/ExperimentalRedstoneUtils.java,logic,pending,
world/level/redstone/ExperimentalRedstoneWireEvaluator.java,logic,pending,
world/level/redstone/InstantNeighborUpdater.java,logic,pending,
world/level/redstone/NeighborUpdater.java,logic,pending,
world/level/redstone/Orientation.java,logic,pending,
world/level/redstone/Redstone.java,logic,pending,
world/level/redstone/RedstoneWireEvaluator.java,logic,pending,
world/level/redstone/package-info.java,logic,pending,
world/level/saveddata/SavedData.java,logic,pending,
world/level/saveddata/SavedDataType.java,logic,pending,
world/level/saveddata/WanderingTraderData.java,logic,pending,
world/level/saveddata/WeatherData.java,logic,pending,
world/level/saveddata/maps/MapBanner.java,logic,pending,
world/level/saveddata/maps/MapDecoration.java,logic,pending,
world/level/saveddata/maps/MapDecorationType.java,logic,pending,
world/level/saveddata/maps/MapDecorationTypes.java,logic,pending,
world/level/saveddata/maps/MapFrame.java,logic,pending,
world/level/saveddata/maps/MapId.java,logic,pending,
world/level/saveddata/maps/MapIndex.java,logic,pending,
world/level/saveddata/maps/MapItemSavedData.java,logic,pending,
world/level/saveddata/maps/package-info.java,logic,pending,
world/level/saveddata/package-info.java,logic,pending,
world/level/storage/CommandStorage.java,logic,pending,
world/level/storage/DataVersion.java,logic,pending,
world/level/storage/DerivedLevelData.java,logic,pending,
world/level/storage/FileNameDateFormatter.java,logic,pending,
world/level/storage/LevelData.java,logic,pending,
world/level/storage/LevelDataAndDimensions.java,logic,pending,
world/level/storage/LevelResource.java,logic,pending,
world/level/storage/LevelStorageException.java,logic,pending,
world/level/storage/LevelStorageSource.java,logic,pending,
world/level/storage/LevelSummary.java,logic,pending,
world/level/storage/LevelVersion.java,logic,pending,
world/level/storage/PlayerDataStorage.java,logic,pending,
world/level/storage/PrimaryLevelData.java,logic,pending,
world/level/storage/SavedDataStorage.java,logic,pending,
world/level/storage/ServerLevelData.java,logic,pending,
world/level/storage/TagValueInput.java,logic,pending,
world/level/storage/TagValueOutput.java,logic,pending,
world/level/storage/ValueInput.java,logic,pending,
world/level/storage/ValueInputContextHelper.java,logic,pending,
world/level/storage/ValueOutput.java,logic,pending,
world/level/storage/WorldData.java,logic,pending,
world/level/storage/WritableLevelData.java,logic,pending,
world/level/storage/loot/BuiltInLootTables.java,logic,pending,
world/level/storage/loot/ContainerComponentManipulator.java,logic,pending,
world/level/storage/loot/ContainerComponentManipulators.java,logic,pending,
world/level/storage/loot/IntRange.java,logic,pending,
world/level/storage/loot/LootContext.java,logic,pending,
world/level/storage/loot/LootContextArg.java,logic,pending,
world/level/storage/loot/LootContextUser.java,logic,pending,
world/level/storage/loot/LootDataType.java,logic,pending,
world/level/storage/loot/LootParams.java,logic,pending,
world/level/storage/loot/LootPool.java,logic,pending,
world/level/storage/loot/LootTable.java,logic,pending,
world/level/storage/loot/Validatable.java,logic,pending,
world/level/storage/loot/ValidationContext.java,logic,pending,
world/level/storage/loot/ValidationContextSource.java,logic,pending,
world/level/storage/loot/entries/AlternativesEntry.java,logic,pending,
world/level/storage/loot/entries/ComposableEntryContainer.java,logic,pending,
world/level/storage/loot/entries/CompositeEntryBase.java,logic,pending,
world/level/storage/loot/entries/DynamicLoot.java,logic,pending,
world/level/storage/loot/entries/EmptyLootItem.java,logic,pending,
world/level/storage/loot/entries/EntryGroup.java,logic,pending,
world/level/storage/loot/entries/LootItem.java,logic,pending,
world/level/storage/loot/entries/LootPoolEntries.java,logic,pending,
world/level/storage/loot/entries/LootPoolEntry.java,logic,pending,
world/level/storage/loot/entries/LootPoolEntryContainer.java,logic,pending,
world/level/storage/loot/entries/LootPoolSingletonContainer.java,logic,pending,
world/level/storage/loot/entries/NestedLootTable.java,logic,pending,
world/level/storage/loot/entries/SequentialEntry.java,logic,pending,
world/level/storage/loot/entries/SlotLoot.java,logic,pending,
world/level/storage/loot/entries/TagEntry.java,logic,pending,
world/level/storage/loot/entries/package-info.java,logic,pending,
world/level/storage/loot/functions/ApplyBonusCount.java,logic,pending,
world/level/storage/loot/functions/ApplyExplosionDecay.java,logic,pending,
world/level/storage/loot/functions/CopyBlockState.java,logic,pending,
world/level/storage/loot/functions/CopyComponentsFunction.java,logic,pending,
world/level/storage/loot/functions/CopyCustomDataFunction.java,logic,pending,
world/level/storage/loot/functions/CopyNameFunction.java,logic,pending,
world/level/storage/loot/functions/DiscardItem.java,logic,pending,
world/level/storage/loot/functions/EnchantRandomlyFunction.java,logic,pending,
world/level/storage/loot/functions/EnchantWithLevelsFunction.java,logic,pending,
world/level/storage/loot/functions/EnchantedCountIncreaseFunction.java,logic,pending,
world/level/storage/loot/functions/ExplorationMapFunction.java,logic,pending,
world/level/storage/loot/functions/FillPlayerHead.java,logic,pending,
world/level/storage/loot/functions/FilteredFunction.java,logic,pending,
world/level/storage/loot/functions/FunctionReference.java,logic,pending,
world/level/storage/loot/functions/FunctionUserBuilder.java,logic,pending,
world/level/storage/loot/functions/LimitCount.java,logic,pending,
world/level/storage/loot/functions/ListOperation.java,logic,pending,
world/level/storage/loot/functions/LootItemConditionalFunction.java,logic,pending,
world/level/storage/loot/functions/LootItemFunction.java,logic,pending,
world/level/storage/loot/functions/LootItemFunctions.java,logic,pending,
world/level/storage/loot/functions/ModifyContainerContents.java,logic,pending,
world/level/storage/loot/functions/SequenceFunction.java,logic,pending,
world/level/storage/loot/functions/SetAttributesFunction.java,logic,pending,
world/level/storage/loot/functions/SetBannerPatternFunction.java,logic,pending,
world/level/storage/loot/functions/SetBookCoverFunction.java,logic,pending,
world/level/storage/loot/functions/SetComponentsFunction.java,logic,pending,
world/level/storage/loot/functions/SetContainerContents.java,logic,pending,
world/level/storage/loot/functions/SetContainerLootTable.java,logic,pending,
world/level/storage/loot/functions/SetCustomDataFunction.java,logic,pending,
world/level/storage/loot/functions/SetCustomModelDataFunction.java,logic,pending,
world/level/storage/loot/functions/SetEnchantmentsFunction.java,logic,pending,
world/level/storage/loot/functions/SetFireworkExplosionFunction.java,logic,pending,
world/level/storage/loot/functions/SetFireworksFunction.java,logic,pending,
world/level/storage/loot/functions/SetInstrumentFunction.java,logic,pending,
world/level/storage/loot/functions/SetItemCountFunction.java,logic,pending,
world/level/storage/loot/functions/SetItemDamageFunction.java,logic,pending,
world/level/storage/loot/functions/SetItemFunction.java,logic,pending,
world/level/storage/loot/functions/SetLoreFunction.java,logic,pending,
world/level/storage/loot/functions/SetNameFunction.java,logic,pending,
world/level/storage/loot/functions/SetOminousBottleAmplifierFunction.java,logic,pending,
world/level/storage/loot/functions/SetPotionFunction.java,logic,pending,
world/level/storage/loot/functions/SetRandomDyesFunction.java,logic,pending,
world/level/storage/loot/functions/SetRandomPotionFunction.java,logic,pending,
world/level/storage/loot/functions/SetStewEffectFunction.java,logic,pending,
world/level/storage/loot/functions/SetWritableBookPagesFunction.java,logic,pending,
world/level/storage/loot/functions/SetWrittenBookPagesFunction.java,logic,pending,
world/level/storage/loot/functions/SmeltItemFunction.java,logic,pending,
world/level/storage/loot/functions/ToggleTooltips.java,logic,pending,
world/level/storage/loot/functions/package-info.java,logic,pending,
world/level/storage/loot/package-info.java,logic,pending,
world/level/storage/loot/parameters/LootContextParamSets.java,logic,pending,
world/level/storage/loot/parameters/LootContextParams.java,logic,pending,
world/level/storage/loot/parameters/package-info.java,logic,pending,
world/level/storage/loot/predicates/AllOfCondition.java,logic,pending,
world/level/storage/loot/predicates/AnyOfCondition.java,logic,pending,
world/level/storage/loot/predicates/BonusLevelTableCondition.java,logic,pending,
world/level/storage/loot/predicates/CompositeLootItemCondition.java,logic,pending,
world/level/storage/loot/predicates/ConditionReference.java,logic,pending,
world/level/storage/loot/predicates/ConditionUserBuilder.java,logic,pending,
world/level/storage/loot/predicates/DamageSourceCondition.java,logic,pending,
world/level/storage/loot/predicates/EnchantmentActiveCheck.java,logic,pending,
world/level/storage/loot/predicates/EntityHasScoreCondition.java,logic,pending,
world/level/storage/loot/predicates/EnvironmentAttributeCheck.java,logic,pending,
world/level/storage/loot/predicates/ExplosionCondition.java,logic,pending,
world/level/storage/loot/predicates/InvertedLootItemCondition.java,logic,pending,
world/level/storage/loot/predicates/LocationCheck.java,logic,pending,
world/level/storage/loot/predicates/LootItemBlockStatePropertyCondition.java,logic,pending,
world/level/storage/loot/predicates/LootItemCondition.java,logic,pending,
world/level/storage/loot/predicates/LootItemConditions.java,logic,pending,
world/level/storage/loot/predicates/LootItemEntityPropertyCondition.java,logic,pending,
world/level/storage/loot/predicates/LootItemKilledByPlayerCondition.java,logic,pending,
world/level/storage/loot/predicates/LootItemRandomChanceCondition.java,logic,pending,
world/level/storage/loot/predicates/LootItemRandomChanceWithEnchantedBonusCondition.java,logic,pending,
world/level/storage/loot/predicates/MatchTool.java,logic,pending,
world/level/storage/loot/predicates/TimeCheck.java,logic,pending,
world/level/storage/loot/predicates/ValueCheckCondition.java,logic,pending,
world/level/storage/loot/predicates/WeatherCheck.java,logic,pending,
world/level/storage/loot/predicates/package-info.java,logic,pending,
world/level/storage/loot/providers/nbt/ContextNbtProvider.java,logic,pending,
world/level/storage/loot/providers/nbt/NbtProvider.java,logic,pending,
world/level/storage/loot/providers/nbt/NbtProviders.java,logic,pending,
world/level/storage/loot/providers/nbt/StorageNbtProvider.java,logic,pending,
world/level/storage/loot/providers/nbt/package-info.java,logic,pending,
world/level/storage/loot/providers/number/BinomialDistributionGenerator.java,logic,pending,
world/level/storage/loot/providers/number/ConstantValue.java,logic,pending,
world/level/storage/loot/providers/number/EnchantmentLevelProvider.java,logic,pending,
world/level/storage/loot/providers/number/EnvironmentAttributeValue.java,logic,pending,
world/level/storage/loot/providers/number/NumberProvider.java,logic,pending,
world/level/storage/loot/providers/number/NumberProviders.java,logic,pending,
world/level/storage/loot/providers/number/ScoreboardValue.java,logic,pending,
world/level/storage/loot/providers/number/StorageValue.java,logic,pending,
world/level/storage/loot/providers/number/Sum.java,logic,pending,
world/level/storage/loot/providers/number/UniformGenerator.java,logic,pending,
world/level/storage/loot/providers/number/package-info.java,logic,pending,
world/level/storage/loot/providers/score/ContextScoreboardNameProvider.java,logic,pending,
world/level/storage/loot/providers/score/FixedScoreboardNameProvider.java,logic,pending,
world/level/storage/loot/providers/score/ScoreboardNameProvider.java,logic,pending,
world/level/storage/loot/providers/score/ScoreboardNameProviders.java,logic,pending,
world/level/storage/loot/providers/score/package-info.java,logic,pending,
world/level/storage/package-info.java,logic,pending,
world/level/timers/FunctionCallback.java,logic,pending,
world/level/timers/FunctionTagCallback.java,logic,pending,
world/level/timers/TimerCallback.java,logic,pending,
world/level/timers/TimerCallbacks.java,logic,pending,
world/level/timers/TimerQueue.java,logic,pending,
world/level/timers/package-info.java,logic,pending,
world/level/validation/ContentValidationException.java,logic,pending,
world/level/validation/DirectoryValidator.java,logic,pending,
world/level/validation/ForbiddenSymlinkInfo.java,logic,pending,
world/level/validation/PathAllowList.java,logic,pending,
world/level/validation/package-info.java,logic,pending,
world/package-info.java,logic,pending,
world/phys/AABB.java,logic,pending,
world/phys/BlockHitResult.java,logic,pending,
world/phys/EntityHitResult.java,logic,pending,
world/phys/HitResult.java,logic,pending,
world/phys/Vec2.java,logic,pending,
world/phys/Vec3.java,logic,pending,
world/phys/package-info.java,logic,pending,
world/phys/shapes/ArrayVoxelShape.java,logic,pending,
world/phys/shapes/BitSetDiscreteVoxelShape.java,logic,pending,
world/phys/shapes/BooleanOp.java,logic,pending,
world/phys/shapes/CollisionContext.java,logic,pending,
world/phys/shapes/CubePointRange.java,logic,pending,
world/phys/shapes/CubeVoxelShape.java,logic,pending,
world/phys/shapes/DiscreteCubeMerger.java,logic,pending,
world/phys/shapes/DiscreteVoxelShape.java,logic,pending,
world/phys/shapes/EntityCollisionContext.java,logic,pending,
world/phys/shapes/IdenticalMerger.java,logic,pending,
world/phys/shapes/IndexMerger.java,logic,pending,
world/phys/shapes/IndirectMerger.java,logic,pending,
world/phys/shapes/MinecartCollisionContext.java,logic,pending,
world/phys/shapes/NonOverlappingMerger.java,logic,pending,
world/phys/shapes/OffsetDoubleList.java,logic,pending,
world/phys/shapes/Shapes.java,logic,pending,
world/phys/shapes/SliceShape.java,logic,pending,
world/phys/shapes/SubShape.java,logic,pending,
world/phys/shapes/VoxelShape.java,logic,pending,
world/phys/shapes/package-info.java,logic,pending,
world/scores/DisplaySlot.java,logic,pending,
world/scores/Objective.java,logic,pending,
world/scores/PlayerScoreEntry.java,logic,pending,
world/scores/PlayerScores.java,logic,pending,
world/scores/PlayerTeam.java,logic,pending,
world/scores/ReadOnlyScoreInfo.java,logic,pending,
world/scores/Score.java,logic,pending,
world/scores/ScoreAccess.java,logic,pending,
world/scores/ScoreHolder.java,logic,pending,
world/scores/Scoreboard.java,logic,pending,
world/scores/ScoreboardSaveData.java,logic,pending,
world/scores/Team.java,logic,pending,
world/scores/criteria/ObjectiveCriteria.java,logic,pending,
world/scores/criteria/package-info.java,logic,pending,
world/scores/package-info.java,logic,pending,
world/ticks/BlackholeTickAccess.java,logic,pending,
world/ticks/ContainerSingleItem.java,logic,pending,
world/ticks/LevelChunkTicks.java,logic,pending,
world/ticks/LevelTickAccess.java,logic,pending,
world/ticks/LevelTicks.java,logic,pending,
world/ticks/ProtoChunkTicks.java,logic,pending,
world/ticks/SavedTick.java,logic,pending,
world/ticks/ScheduledTick.java,logic,pending,
world/ticks/SerializableTickContainer.java,logic,pending,
world/ticks/TickAccess.java,logic,pending,
world/ticks/TickContainerAccess.java,logic,pending,
world/ticks/TickPriority.java,logic,pending,
world/ticks/WorldGenTickAccess.java,logic,pending,
world/ticks/package-info.java,logic,pending,
world/timeline/AttributeTrack.java,logic,pending,
world/timeline/AttributeTrackSampler.java,logic,pending,
world/timeline/Timeline.java,logic,pending,
world/timeline/Timelines.java,logic,pending,
world/timeline/package-info.java,logic,pending,
world/waypoints/PartialTickSupplier.java,logic,pending,
world/waypoints/TrackedWaypoint.java,logic,pending,
world/waypoints/TrackedWaypointManager.java,logic,pending,
world/waypoints/Waypoint.java,logic,pending,
world/waypoints/WaypointManager.java,logic,pending,
world/waypoints/WaypointStyleAsset.java,logic,pending,
world/waypoints/WaypointStyleAssets.java,logic,pending,
world/waypoints/WaypointTransmitter.java,logic,pending,
world/waypoints/package-info.java,logic,pending,
